{"initial_reset_timestamp": 4023.301330778, "timestamps": [4023.543585461, 4023.758226836, 4024.008450947, 4024.144755889, 4024.29182354, 4024.515179233, 4024.755834844, 4024.87836179, 4024.989407719, 4025.125087757, 4025.361351665, 4025.490612697, 4025.740651727, 4025.846384248, 4025.964683717, 4026.05171158, 4026.13807838, 4026.258600374, 4026.312087852, 4026.362697378, 4026.499274166, 4026.58837106, 4026.664336738, 4026.713372607, 4026.854158666, 4027.199399602, 4027.35340795, 4027.422100881, 4027.532390924, 4027.607080055, 4027.673204264, 4027.722191441, 4027.836899761, 4027.919985594, 4027.980104203, 4028.108176491, 4028.295033096, 4028.477236709, 4028.545120168, 4028.631988622, 4028.704702447, 4028.999188505, 4029.087771947, 4029.349825041, 4029.56599105, 4029.671052812, 4029.769977166, 4029.824968657, 4029.945553213, 4030.101670952, 4030.244261108, 4030.332046738, 4030.388085675, 4030.51545915, 4030.700829704, 4030.817699936, 4031.134790873, 4031.353976956, 4031.525591322, 4031.739314372, 4031.954459645, 4032.065243831, 4032.187813988, 4032.23988995, 4032.437272367, 4032.495329516, 4032.546288013, 4032.628018377, 4032.728075701, 4032.840514248, 4032.955656545, 4033.060448562, 4033.209280016, 4033.297188836, 4033.357578716, 4033.404724549, 4033.435285106, 4033.508373602, 4033.666904496, 4033.812651297, 4033.907998966, 4034.086695194, 4034.204262245, 4034.244664091, 4034.384700028, 4034.440863386, 4034.600473758, 4034.697744702, 4034.793944979, 4034.917620686, 4035.076466248, 4035.217218589, 4035.343048073, 4035.397428536, 4035.568043438, 4035.658371212, 4035.806406808, 4035.9945266, 4036.082226409, 4036.216392743], "episode_lengths": [58, 63, 64, 24, 52, 58, 89, 65, 32, 55, 51, 32, 65, 43, 46, 35, 36, 45, 24, 22, 52, 37, 32, 22, 55, 113, 54, 29, 39, 26, 26, 20, 44, 33, 25, 47, 67, 66, 29, 32, 27, 94, 34, 81, 68, 35, 33, 24, 45, 55, 52, 35, 24, 48, 62, 38, 99, 69, 55, 77, 67, 39, 48, 23, 75, 26, 23, 35, 44, 49, 50, 49, 69, 24, 24, 30, 23, 49, 62, 43, 50, 69, 51, 25, 75, 36, 89, 53, 55, 64, 72, 54, 56, 35, 68, 31, 53, 62, 29, 59], "episode_rewards": [-958.0, -963.0, -964.0, -924.0, -952.0, -958.0, -989.0, -965.0, -932.0, -955.0, -951.0, -932.0, -965.0, -943.0, -946.0, -935.0, -936.0, -945.0, -924.0, -922.0, -952.0, -937.0, -932.0, -922.0, -955.0, -1013.0, -954.0, -929.0, -939.0, -926.0, -926.0, -920.0, -944.0, -933.0, -925.0, -947.0, -967.0, -966.0, -929.0, -932.0, -927.0, -994.0, -934.0, -981.0, -968.0, -935.0, -933.0, -924.0, -945.0, -955.0, -952.0, -935.0, -924.0, -948.0, -962.0, -938.0, -999.0, -969.0, -955.0, -977.0, -967.0, -939.0, -948.0, -923.0, -975.0, -926.0, -923.0, -935.0, -944.0, -949.0, -950.0, -949.0, -969.0, -924.0, -924.0, -930.0, -923.0, -949.0, -962.0, -943.0, 4050.0, -969.0, -951.0, -925.0, -975.0, -936.0, -989.0, -953.0, -955.0, -964.0, -972.0, -954.0, -956.0, -935.0, -968.0, -931.0, -953.0, -962.0, -929.0, -959.0], "episode_types": ["t", "t", "t", "t", "t", "t", "t", "t", "t", "t", "t", "t", "t", "t", "t", "t", "t", "t", "t", "t", "t", "t", "t", "t", "t", "t", "t", "t", "t", "t", "t", "t", "t", "t", "t", "t", "t", "t", "t", "t", "t", "t", "t", "t", "t", "t", "t", "t", "t", "t", "t", "t", "t", "t", "t", "t", "t", "t", "t", "t", "t", "t", "t", "t", "t", "t", "t", "t", "t", "t", "t", "t", "t", "t", "t", "t", "t", "t", "t", "t", "t", "t", "t", "t", "t", "t", "t", "t", "t", "t", "t", "t", "t", "t", "t", "t", "t", "t", "t", "t"]}