{"initial_reset_timestamp": 4243.17886747, "timestamps": [4243.318131764, 4243.415765077, 4243.492990362, 4243.624414949, 4243.705330104, 4243.867037646, 4244.033860311, 4244.158419513, 4244.404255364, 4244.450066251, 4244.574456969, 4244.631878762, 4244.722036881, 4244.820812285, 4244.874549992, 4244.941401946, 4244.975976125, 4245.028192148, 4245.112127147, 4245.188477783, 4245.352068795, 4245.478738367, 4245.513928636, 4245.644473298, 4245.795286906, 4245.938322406, 4246.005506549, 4246.247952165, 4246.424074306, 4246.547461053, 4246.626235365, 4246.878308344, 4247.136540325, 4247.175812238, 4247.303344229, 4247.391636662, 4247.576431389, 4247.682168216, 4247.838604774, 4247.887415691, 4248.023333882, 4248.110875474, 4248.322718975, 4248.407169756, 4248.472949807, 4248.519276133, 4248.655775765, 4248.748220134, 4248.839465175, 4248.954658034, 4249.061826721, 4249.131891734, 4249.237951249, 4249.397101071, 4249.48564281, 4249.570351276, 4249.746647558, 4249.822631767, 4249.984246695, 4250.036989276, 4250.123297214, 4250.167526188, 4250.270298029, 4250.37013014, 4250.454595005, 4250.578008396, 4250.781686053, 4250.991275499, 4251.102910221, 4251.154874339, 4251.188151923, 4251.305994684, 4251.413939071, 4251.540211779, 4251.740286878, 4251.868600501, 4251.965476647, 4252.107721927, 4252.20357611, 4252.410943151, 4252.618794233, 4252.695929497, 4252.789901891, 4252.900148943, 4253.138454735, 4253.387896603, 4253.667517493, 4253.891335269, 4254.077985279, 4254.267481081, 4254.378736716, 4254.53305528, 4254.579346657, 4254.77508744, 4254.915315305, 4255.029487395, 4255.177937305, 4255.285982473, 4255.702390358, 4256.081984968], "episode_lengths": [52, 31, 25, 39, 26, 67, 49, 27, 53, 28, 47, 31, 48, 58, 33, 39, 25, 33, 47, 47, 68, 76, 26, 71, 67, 50, 25, 82, 76, 49, 32, 84, 52, 24, 49, 32, 63, 29, 37, 25, 34, 32, 63, 33, 34, 24, 54, 25, 29, 37, 36, 30, 28, 50, 29, 31, 64, 24, 55, 21, 32, 25, 39, 35, 38, 48, 84, 89, 43, 20, 23, 43, 50, 46, 95, 59, 41, 61, 48, 61, 71, 44, 52, 48, 53, 87, 72, 73, 65, 53, 32, 67, 23, 93, 84, 67, 88, 63, 103, 88], "episode_rewards": [-952.0, -931.0, -925.0, -939.0, -926.0, -967.0, -949.0, -927.0, -953.0, -928.0, -947.0, -931.0, -948.0, -958.0, -933.0, -939.0, -925.0, -933.0, -947.0, -947.0, -968.0, -976.0, -926.0, -971.0, -967.0, -950.0, -925.0, -982.0, -976.0, -949.0, -932.0, -984.0, -952.0, -924.0, -949.0, -932.0, -963.0, -929.0, -937.0, -925.0, -934.0, -932.0, -963.0, -933.0, -934.0, -924.0, -954.0, -925.0, -929.0, -937.0, -936.0, -930.0, -928.0, -950.0, -929.0, -931.0, -964.0, -924.0, -955.0, -921.0, -932.0, -925.0, -939.0, -935.0, -938.0, -948.0, -984.0, -989.0, -943.0, -920.0, -923.0, -943.0, -950.0, -946.0, -995.0, -959.0, -941.0, -961.0, -948.0, -961.0, -971.0, -944.0, -952.0, -948.0, -953.0, -987.0, -972.0, -973.0, -965.0, -953.0, -932.0, -967.0, -923.0, -993.0, -984.0, -967.0, -988.0, -963.0, -1003.0, -988.0], "episode_types": ["t", "t", "t", "t", "t", "t", "t", "t", "t", "t", "t", "t", "t", "t", "t", "t", "t", "t", "t", "t", "t", "t", "t", "t", "t", "t", "t", "t", "t", "t", "t", "t", "t", "t", "t", "t", "t", "t", "t", "t", "t", "t", "t", "t", "t", "t", "t", "t", "t", "t", "t", "t", "t", "t", "t", "t", "t", "t", "t", "t", "t", "t", "t", "t", "t", "t", "t", "t", "t", "t", "t", "t", "t", "t", "t", "t", "t", "t", "t", "t", "t", "t", "t", "t", "t", "t", "t", "t", "t", "t", "t", "t", "t", "t", "t", "t", "t", "t", "t", "t"]}