{"initial_reset_timestamp": 4147.124150154, "timestamps": [4147.208488376, 4147.377799845, 4147.463657266, 4147.510207895, 4147.687206884, 4147.810314049, 4147.859898334, 4147.903897934, 4148.024929991, 4148.096395313, 4148.160504134, 4148.275183656, 4148.366281656, 4148.549193289, 4148.706168022, 4148.769008959, 4148.818773234, 4148.857947315, 4148.92095301, 4148.974010966, 4149.031144616, 4149.242161823, 4149.294737013, 4149.432235757, 4149.490140487, 4149.588116865, 4149.686561003, 4149.787112225, 4149.89504706, 4150.028733452, 4150.165232125, 4150.250301645, 4150.307206895, 4150.407100424, 4150.568086639, 4150.64495701, 4150.769636798, 4150.919812049, 4150.962324143, 4151.017698618, 4151.160269096, 4151.222043432, 4151.278491827, 4151.320277874, 4151.403356567, 4151.455912284, 4151.507618071, 4151.607207756, 4151.705586677, 4151.818591812, 4151.892164085, 4151.939430849, 4152.137677245, 4152.224498223, 4152.293437679, 4152.355396109, 4152.446556268, 4152.557906531, 4152.711248436, 4152.821758652, 4153.020525457, 4153.118398347, 4153.255234616, 4153.3264555, 4153.429706394, 4153.714026489, 4153.851492916, 4153.965882496, 4154.012492443, 4154.072338667, 4154.293431997, 4154.460644557, 4154.523575348, 4154.594887009, 4154.819734606, 4154.894210409, 4154.956356306, 4155.076402723, 4155.364969947, 4155.594710589, 4155.802815431, 4155.996979621, 4156.16356093, 4156.467327208, 4156.580522292, 4156.680677725, 4156.735105622, 4156.80509728, 4156.951631066, 4157.01958003, 4157.218531429, 4157.299282711, 4157.597174425, 4157.850946163, 4158.023385839, 4158.063751639, 4158.120789795, 4158.386966005, 4158.631490492, 4158.760358328], "episode_lengths": [44, 64, 38, 23, 82, 66, 27, 26, 51, 35, 35, 55, 47, 69, 63, 30, 22, 18, 27, 25, 25, 87, 25, 63, 33, 44, 40, 44, 49, 46, 56, 40, 27, 39, 64, 32, 48, 58, 23, 27, 64, 27, 26, 19, 33, 23, 23, 36, 39, 53, 33, 21, 74, 37, 26, 30, 44, 39, 57, 42, 72, 38, 55, 32, 43, 97, 66, 55, 26, 32, 105, 89, 29, 31, 40, 20, 23, 49, 87, 55, 66, 54, 44, 72, 43, 54, 22, 52, 72, 41, 75, 34, 89, 63, 77, 20, 29, 113, 50, 35], "episode_rewards": [-944.0, -964.0, -938.0, -923.0, -982.0, -966.0, -927.0, -926.0, -951.0, -935.0, -935.0, -955.0, -947.0, -969.0, -963.0, -930.0, -922.0, -918.0, -927.0, -925.0, -925.0, -987.0, -925.0, -963.0, -933.0, -944.0, -940.0, -944.0, -949.0, -946.0, -956.0, -940.0, -927.0, -939.0, -964.0, -932.0, -948.0, -958.0, -923.0, -927.0, -964.0, -927.0, -926.0, -919.0, -933.0, -923.0, -923.0, -936.0, -939.0, -953.0, -933.0, -921.0, -974.0, -937.0, -926.0, -930.0, -944.0, -939.0, -957.0, -942.0, -972.0, -938.0, -955.0, -932.0, -943.0, -997.0, -966.0, -955.0, -926.0, -932.0, -1005.0, -989.0, -929.0, -931.0, -940.0, -920.0, -923.0, -949.0, -987.0, -955.0, -966.0, -954.0, -944.0, -972.0, -943.0, -954.0, -922.0, -952.0, -972.0, -941.0, -975.0, -934.0, -989.0, -963.0, -977.0, -920.0, -929.0, -1013.0, -950.0, -935.0], "episode_types": ["t", "t", "t", "t", "t", "t", "t", "t", "t", "t", "t", "t", "t", "t", "t", "t", "t", "t", "t", "t", "t", "t", "t", "t", "t", "t", "t", "t", "t", "t", "t", "t", "t", "t", "t", "t", "t", "t", "t", "t", "t", "t", "t", "t", "t", "t", "t", "t", "t", "t", "t", "t", "t", "t", "t", "t", "t", "t", "t", "t", "t", "t", "t", "t", "t", "t", "t", "t", "t", "t", "t", "t", "t", "t", "t", "t", "t", "t", "t", "t", "t", "t", "t", "t", "t", "t", "t", "t", "t", "t", "t", "t", "t", "t", "t", "t", "t", "t", "t", "t"]}