{"initial_reset_timestamp": 4170.369024939, "timestamps": [4170.47311059, 4170.51298213, 4170.574252177, 4170.63266028, 4170.694333384, 4170.802743519, 4170.947346527, 4171.041379659, 4171.107235336, 4171.292392844, 4171.354806956, 4171.429446013, 4171.469709645, 4171.516892997, 4171.569597749, 4171.602622292, 4171.673444274, 4171.706490729, 4171.846885826, 4171.917084638, 4172.061992626, 4172.16691687, 4172.211326302, 4172.317953798, 4172.459402971, 4172.57555872, 4172.6539126, 4172.717152251, 4172.851033811, 4172.909609042, 4172.968516713, 4173.107434426, 4173.24101065, 4173.330916635, 4173.411797316, 4173.494483512, 4173.546274832, 4173.647189941, 4173.795367773, 4173.96926302, 4174.062136533, 4174.109121378, 4174.221113165, 4174.269123414, 4174.319427724, 4174.423452459, 4174.563844506, 4174.718823285, 4174.855999222, 4174.986885957, 4175.08667606, 4175.243003521, 4175.388748512, 4175.440981343, 4175.502154079, 4175.546915862, 4175.700308621, 4175.775169727, 4175.908871883, 4176.152667443, 4176.330743315, 4176.386931269, 4176.637134791, 4176.725854548, 4176.768434948, 4176.825055691, 4176.949377422, 4177.098697271, 4177.214622637, 4177.34633798, 4177.39714687, 4177.635495409, 4177.70412779, 4177.832167947, 4177.89996417, 4178.075694324, 4178.17675187, 4178.268140871, 4178.468435129, 4178.618696218, 4178.691647055, 4178.735417609, 4178.81969787, 4178.868973183, 4178.975053757, 4179.057901204, 4179.190433503, 4179.532143235, 4179.686790298, 4179.764543535, 4179.909771682, 4180.05992487, 4180.239137158, 4180.319486061, 4180.396462853, 4180.564340403, 4180.719599149, 4181.052058434, 4181.311863905, 4181.730389092], "episode_lengths": [39, 21, 29, 30, 31, 50, 61, 41, 29, 70, 25, 31, 20, 25, 26, 19, 32, 20, 64, 34, 59, 44, 21, 44, 59, 50, 34, 28, 54, 24, 25, 58, 60, 40, 38, 43, 26, 45, 57, 58, 27, 21, 43, 23, 23, 39, 63, 43, 60, 58, 44, 62, 59, 21, 30, 24, 64, 30, 51, 78, 65, 24, 99, 39, 19, 28, 55, 57, 45, 51, 23, 103, 38, 67, 37, 75, 47, 36, 76, 45, 31, 26, 28, 27, 37, 27, 44, 99, 53, 35, 46, 54, 62, 23, 25, 45, 45, 82, 75, 108], "episode_rewards": [-939.0, -921.0, -929.0, -930.0, -931.0, -950.0, -961.0, -941.0, -929.0, -970.0, -925.0, -931.0, -920.0, -925.0, -926.0, -919.0, -932.0, -920.0, -964.0, -934.0, -959.0, -944.0, -921.0, -944.0, -959.0, -950.0, -934.0, -928.0, -954.0, -924.0, -925.0, -958.0, -960.0, -940.0, -938.0, -943.0, -926.0, -945.0, -957.0, -958.0, -927.0, -921.0, -943.0, -923.0, -923.0, -939.0, -963.0, -943.0, -960.0, -958.0, -944.0, -962.0, -959.0, -921.0, -930.0, -924.0, -964.0, -930.0, -951.0, -978.0, -965.0, -924.0, -999.0, -939.0, -919.0, -928.0, -955.0, -957.0, -945.0, -951.0, -923.0, -1003.0, -938.0, -967.0, -937.0, -975.0, -947.0, -936.0, -976.0, -945.0, -931.0, -926.0, -928.0, -927.0, -937.0, -927.0, -944.0, -999.0, -953.0, -935.0, -946.0, -954.0, -962.0, -923.0, -925.0, -945.0, -945.0, -982.0, -975.0, -1008.0], "episode_types": ["t", "t", "t", "t", "t", "t", "t", "t", "t", "t", "t", "t", "t", "t", "t", "t", "t", "t", "t", "t", "t", "t", "t", "t", "t", "t", "t", "t", "t", "t", "t", "t", "t", "t", "t", "t", "t", "t", "t", "t", "t", "t", "t", "t", "t", "t", "t", "t", "t", "t", "t", "t", "t", "t", "t", "t", "t", "t", "t", "t", "t", "t", "t", "t", "t", "t", "t", "t", "t", "t", "t", "t", "t", "t", "t", "t", "t", "t", "t", "t", "t", "t", "t", "t", "t", "t", "t", "t", "t", "t", "t", "t", "t", "t", "t", "t", "t", "t", "t", "t"]}