{"initial_reset_timestamp": 4195.2535355, "timestamps": [4195.394047643, 4195.506152841, 4195.562667673, 4195.620494767, 4195.660097684, 4195.745560679, 4195.865883344, 4195.95102, 4196.090989734, 4196.231858429, 4196.337849577, 4196.505428972, 4196.574025705, 4196.726237481, 4196.771195563, 4196.912477141, 4196.971014014, 4197.009079655, 4197.059238901, 4197.149364646, 4197.1831704, 4197.351361494, 4197.400670332, 4197.480958312, 4197.575439378, 4197.617250229, 4197.683754505, 4197.795894788, 4197.897892971, 4198.087752663, 4198.192489659, 4198.301426506, 4198.439823191, 4198.566086234, 4198.664988729, 4198.745413434, 4198.856440457, 4199.01847493, 4199.099559504, 4199.180859698, 4199.264106234, 4199.358364003, 4199.430500401, 4199.482060099, 4199.608220621, 4199.716817349, 4199.867096704, 4199.976762932, 4200.071135456, 4200.12755085, 4200.217144135, 4200.305669377, 4200.410464796, 4200.491927323, 4200.749548458, 4200.855247834, 4200.911442818, 4201.033570433, 4201.194083621, 4201.244689098, 4201.326669655, 4201.461347293, 4201.577069506, 4201.649429441, 4201.797900765, 4202.029702624, 4202.066020394, 4202.197347634, 4202.27467051, 4202.516575926, 4202.698414575, 4202.888355969, 4203.084545744, 4203.238403847, 4203.589861817, 4203.882235449, 4203.979483014, 4204.097644457, 4204.200776681, 4204.460218973, 4204.577224099, 4204.802159095, 4204.956965642, 4205.043406307, 4205.240597874, 4205.372775461, 4205.63311094, 4205.783971609, 4205.924391362, 4206.078753643, 4206.553168316, 4206.802570151, 4206.959075599, 4207.1753767, 4207.263885739, 4207.402421376, 4207.490087117, 4207.65401072, 4207.813840432, 4207.968177644], "episode_lengths": [65, 55, 29, 31, 22, 43, 61, 36, 50, 43, 43, 64, 27, 64, 22, 63, 31, 19, 27, 42, 18, 56, 21, 36, 42, 20, 30, 51, 43, 62, 30, 44, 50, 51, 44, 44, 55, 71, 39, 39, 37, 30, 28, 29, 43, 26, 40, 29, 35, 30, 26, 27, 33, 31, 70, 48, 27, 51, 71, 26, 38, 57, 52, 21, 50, 59, 22, 51, 25, 63, 65, 59, 62, 53, 98, 119, 48, 34, 37, 49, 51, 47, 73, 22, 73, 47, 89, 30, 32, 69, 100, 66, 47, 52, 20, 34, 28, 70, 63, 52], "episode_rewards": [-965.0, -955.0, -929.0, -931.0, -922.0, -943.0, -961.0, -936.0, -950.0, -943.0, -943.0, -964.0, -927.0, -964.0, -922.0, -963.0, -931.0, -919.0, -927.0, -942.0, -918.0, -956.0, -921.0, -936.0, -942.0, -920.0, -930.0, -951.0, -943.0, -962.0, -930.0, -944.0, -950.0, -951.0, -944.0, -944.0, -955.0, -971.0, -939.0, -939.0, -937.0, -930.0, -928.0, -929.0, -943.0, -926.0, -940.0, -929.0, -935.0, -930.0, -926.0, -927.0, -933.0, -931.0, -970.0, -948.0, -927.0, -951.0, -971.0, -926.0, -938.0, -957.0, -952.0, -921.0, -950.0, -959.0, -922.0, -951.0, -925.0, -963.0, -965.0, -959.0, -962.0, -953.0, -998.0, -1019.0, -948.0, -934.0, -937.0, -949.0, -951.0, -947.0, -973.0, -922.0, -973.0, -947.0, -989.0, -930.0, -932.0, -969.0, -1000.0, -966.0, -947.0, -952.0, -920.0, -934.0, -928.0, -970.0, -963.0, -952.0], "episode_types": ["t", "t", "t", "t", "t", "t", "t", "t", "t", "t", "t", "t", "t", "t", "t", "t", "t", "t", "t", "t", "t", "t", "t", "t", "t", "t", "t", "t", "t", "t", "t", "t", "t", "t", "t", "t", "t", "t", "t", "t", "t", "t", "t", "t", "t", "t", "t", "t", "t", "t", "t", "t", "t", "t", "t", "t", "t", "t", "t", "t", "t", "t", "t", "t", "t", "t", "t", "t", "t", "t", "t", "t", "t", "t", "t", "t", "t", "t", "t", "t", "t", "t", "t", "t", "t", "t", "t", "t", "t", "t", "t", "t", "t", "t", "t", "t", "t", "t", "t", "t"]}