{"initial_reset_timestamp": 4125.147960663, "timestamps": [4125.352356397, 4125.543475591, 4125.614814328, 4125.731414105, 4125.817911307, 4126.007331235, 4126.126682774, 4126.24664218, 4126.346990247, 4126.496566757, 4126.559427325, 4126.669666907, 4126.76209293, 4126.808273006, 4126.889448694, 4126.939137655, 4127.024796865, 4127.15588947, 4127.329303387, 4127.403672469, 4127.584359722, 4127.646791553, 4127.764743738, 4127.856371874, 4127.967180776, 4128.096110413, 4128.19825823, 4128.252200403, 4128.322204498, 4128.404251437, 4128.454597667, 4128.509708625, 4128.634722847, 4128.716308788, 4128.786610332, 4128.910328639, 4128.968317375, 4129.038763512, 4129.190636737, 4129.255348859, 4129.309100004, 4129.427648966, 4129.470610382, 4129.517030611, 4129.556143997, 4129.627825112, 4129.677908908, 4129.762500601, 4129.837342871, 4129.876749336, 4130.058309851, 4130.24890312, 4130.561488405, 4130.929985859, 4131.079908792, 4131.199015757, 4131.401498402, 4131.516604761, 4131.55462148, 4131.601655515, 4131.649748808, 4131.844597037, 4131.879304087, 4131.941038961, 4132.081747389, 4132.229840653, 4132.292620672, 4132.350448155, 4132.424029809, 4132.547187002, 4132.751350132, 4132.874103162, 4133.071578828, 4133.173446074, 4133.199949799, 4133.287455979, 4133.362631262, 4133.447233535, 4133.496626065, 4133.643900038, 4133.719183743, 4133.768018187, 4133.80965753, 4133.832927099, 4133.977768546, 4134.0056229, 4134.059010703, 4134.105231639, 4134.149396752, 4134.317325735, 4134.421823366, 4134.502167636, 4134.617832858, 4134.730590873, 4134.76338001, 4134.813163016, 4134.879189494, 4134.963393505, 4135.103165766, 4135.201152367], "episode_lengths": [91, 68, 36, 54, 38, 53, 34, 49, 40, 54, 24, 47, 44, 24, 34, 22, 35, 53, 66, 32, 74, 28, 45, 43, 51, 61, 49, 27, 33, 41, 26, 27, 54, 35, 32, 53, 32, 34, 78, 38, 31, 58, 26, 33, 17, 29, 21, 35, 23, 21, 70, 68, 103, 117, 65, 26, 94, 48, 24, 28, 28, 83, 25, 24, 65, 51, 29, 22, 29, 35, 61, 60, 86, 68, 20, 57, 38, 53, 33, 90, 46, 33, 30, 20, 96, 23, 41, 36, 37, 108, 70, 53, 77, 76, 25, 39, 48, 57, 88, 65], "episode_rewards": [-991.0, -968.0, -936.0, -954.0, -938.0, -953.0, -934.0, -949.0, -940.0, -954.0, -924.0, -947.0, -944.0, -924.0, -934.0, -922.0, -935.0, -953.0, -966.0, -932.0, -974.0, -928.0, -945.0, -943.0, -951.0, -961.0, -949.0, -927.0, -933.0, -941.0, -926.0, -927.0, -954.0, -935.0, -932.0, -953.0, -932.0, -934.0, -978.0, -938.0, -931.0, -958.0, -926.0, -933.0, -917.0, -929.0, -921.0, -935.0, -923.0, -921.0, -970.0, -968.0, -1003.0, -1017.0, -965.0, -926.0, -994.0, -948.0, -924.0, -928.0, -928.0, -983.0, -925.0, -924.0, -965.0, -951.0, -929.0, -922.0, -929.0, -935.0, -961.0, -960.0, -986.0, -968.0, -920.0, -957.0, -938.0, -953.0, -933.0, -990.0, -946.0, -933.0, -930.0, -920.0, -996.0, -923.0, -941.0, -936.0, -937.0, -1008.0, -970.0, -953.0, -977.0, -976.0, -925.0, -939.0, -948.0, -957.0, -988.0, -965.0], "episode_types": ["t", "t", "t", "t", "t", "t", "t", "t", "t", "t", "t", "t", "t", "t", "t", "t", "t", "t", "t", "t", "t", "t", "t", "t", "t", "t", "t", "t", "t", "t", "t", "t", "t", "t", "t", "t", "t", "t", "t", "t", "t", "t", "t", "t", "t", "t", "t", "t", "t", "t", "t", "t", "t", "t", "t", "t", "t", "t", "t", "t", "t", "t", "t", "t", "t", "t", "t", "t", "t", "t", "t", "t", "t", "t", "t", "t", "t", "t", "t", "t", "t", "t", "t", "t", "t", "t", "t", "t", "t", "t", "t", "t", "t", "t", "t", "t", "t", "t", "t", "t"]}