{"initial_reset_timestamp": 4214.758040081, "timestamps": [4214.808204211, 4214.857396201, 4214.993888949, 4215.267986219, 4215.311964471, 4215.363210155, 4215.442166636, 4215.500735179, 4215.553038028, 4215.661331412, 4215.789956027, 4215.862445846, 4215.978877407, 4216.061647554, 4216.089192679, 4216.159240855, 4216.260063443, 4216.3238373, 4216.442259544, 4216.476458329, 4216.519655198, 4216.632153743, 4216.738274064, 4216.805459187, 4216.840717424, 4216.946778181, 4216.988014113, 4217.022520164, 4217.082363204, 4217.106441419, 4217.219729322, 4217.247330787, 4217.321546517, 4217.485577616, 4217.595164055, 4217.678881856, 4217.739025121, 4217.80389228, 4217.851310184, 4217.917577154, 4217.992819645, 4218.069389491, 4218.10685638, 4218.14966563, 4218.251149292, 4218.311615742, 4218.359309082, 4218.434094419, 4218.507093493, 4218.638023137, 4218.811676877, 4218.924693598, 4219.056599814, 4219.1933131, 4219.41572597, 4219.549350046, 4219.620749027, 4219.680448756, 4219.82856141, 4219.905841278, 4219.983548753, 4220.129120725, 4220.201815993, 4220.296576846, 4220.366852674, 4220.423733707, 4220.489970215, 4220.729135807, 4220.79132983, 4220.874541541, 4221.106193188, 4221.207071873, 4221.308874217, 4221.400087564, 4221.538114568, 4221.761287394, 4221.897763261, 4222.04827969, 4222.080637927, 4222.230239813, 4222.422442879, 4222.456696533, 4222.549929575, 4222.6484887, 4222.710363473, 4222.901292309, 4222.981095212, 4223.212916897, 4223.519067469, 4223.670405582, 4223.858186311, 4224.313588205, 4224.563617115, 4224.732176465, 4224.847493457, 4224.980089332, 4225.115553542, 4225.297530678, 4225.542561481, 4225.700360503], "episode_lengths": [34, 33, 79, 76, 31, 31, 47, 37, 26, 31, 51, 45, 50, 38, 23, 49, 65, 39, 69, 23, 27, 61, 62, 46, 27, 63, 29, 25, 42, 20, 69, 21, 45, 78, 47, 42, 33, 33, 24, 35, 37, 45, 24, 28, 63, 38, 30, 23, 26, 43, 67, 34, 50, 30, 57, 41, 36, 34, 38, 29, 34, 55, 30, 38, 29, 24, 27, 83, 27, 38, 76, 34, 22, 33, 33, 67, 32, 42, 19, 70, 92, 22, 52, 49, 20, 46, 26, 58, 67, 50, 52, 100, 54, 58, 50, 59, 82, 91, 101, 80], "episode_rewards": [-934.0, -933.0, -979.0, -976.0, -931.0, -931.0, -947.0, -937.0, -926.0, -931.0, -951.0, -945.0, -950.0, -938.0, -923.0, -949.0, -965.0, -939.0, -969.0, -923.0, -927.0, -961.0, -962.0, -946.0, -927.0, -963.0, -929.0, -925.0, -942.0, -920.0, -969.0, -921.0, -945.0, -978.0, -947.0, -942.0, -933.0, -933.0, -924.0, -935.0, -937.0, -945.0, -924.0, -928.0, -963.0, -938.0, -930.0, -923.0, -926.0, -943.0, -967.0, -934.0, -950.0, -930.0, -957.0, -941.0, -936.0, -934.0, -938.0, -929.0, -934.0, -955.0, -930.0, -938.0, -929.0, -924.0, -927.0, -983.0, -927.0, -938.0, -976.0, -934.0, -922.0, -933.0, -933.0, -967.0, -932.0, -942.0, -919.0, -970.0, -992.0, -922.0, -952.0, -949.0, -920.0, -946.0, -926.0, -958.0, -967.0, -950.0, -952.0, -1000.0, -954.0, -958.0, -950.0, -959.0, -982.0, -991.0, -1001.0, -980.0], "episode_types": ["t", "t", "t", "t", "t", "t", "t", "t", "t", "t", "t", "t", "t", "t", "t", "t", "t", "t", "t", "t", "t", "t", "t", "t", "t", "t", "t", "t", "t", "t", "t", "t", "t", "t", "t", "t", "t", "t", "t", "t", "t", "t", "t", "t", "t", "t", "t", "t", "t", "t", "t", "t", "t", "t", "t", "t", "t", "t", "t", "t", "t", "t", "t", "t", "t", "t", "t", "t", "t", "t", "t", "t", "t", "t", "t", "t", "t", "t", "t", "t", "t", "t", "t", "t", "t", "t", "t", "t", "t", "t", "t", "t", "t", "t", "t", "t", "t", "t", "t", "t"]}