{"initial_reset_timestamp": 4246.753759178, "timestamps": [4246.971870636, 4247.083702636, 4247.136853006, 4247.325721089, 4247.506422735, 4247.665203766, 4247.745086996, 4247.79396276, 4248.096067115, 4248.158304988, 4248.404393776, 4248.504841115, 4248.624773273, 4248.677996439, 4248.768186664, 4248.816446493, 4248.865417755, 4249.033824592, 4249.172147758, 4249.255154974, 4249.36104112, 4249.39850342, 4249.547963282, 4249.627228929, 4249.675087054, 4249.751354661, 4249.914173782, 4250.029306743, 4250.060901594, 4250.169341502, 4250.361479908, 4250.460376777, 4250.506677499, 4250.568419908, 4250.6685149, 4250.76538842, 4250.858183946, 4250.934829275, 4250.971517649, 4251.097585837, 4251.160861774, 4251.200162542, 4251.265153325, 4251.339288319, 4251.407584625, 4251.515088247, 4251.697317889, 4251.780699757, 4251.847066161, 4251.906041523, 4252.016851592, 4252.129149816, 4252.274696395, 4252.333917097, 4252.375153002, 4252.444358251, 4252.472433307, 4252.497332985, 4252.613096179, 4252.673462018, 4252.786940167, 4252.932745923, 4253.093570058, 4253.329725171, 4253.56953363, 4253.664764272, 4253.838828607, 4253.889797111, 4254.047777867, 4254.397439487, 4254.490447791, 4254.693496546, 4254.749056614, 4254.83261626, 4254.866192978, 4254.902855117, 4254.92703606, 4255.018946792, 4255.138380672, 4255.249830485, 4255.331278673, 4255.380299443, 4255.414643626, 4255.476872975, 4255.515543447, 4255.651602995, 4255.69383404, 4255.820412352, 4255.91640349, 4255.962839634, 4256.010703109, 4256.069199974, 4256.191397913, 4256.268780886, 4256.316969834, 4256.426757357, 4256.457731706, 4256.490435234, 4256.574173405, 4256.672079048], "episode_lengths": [71, 30, 26, 45, 49, 30, 23, 25, 73, 18, 63, 49, 58, 27, 32, 23, 27, 44, 46, 50, 57, 25, 80, 46, 32, 43, 86, 63, 19, 54, 77, 45, 23, 31, 50, 51, 50, 45, 22, 65, 41, 27, 42, 47, 26, 41, 65, 32, 29, 24, 38, 41, 59, 41, 30, 46, 23, 19, 53, 38, 70, 67, 52, 67, 60, 32, 41, 26, 63, 93, 43, 66, 29, 55, 25, 28, 20, 59, 78, 74, 54, 38, 26, 43, 30, 83, 27, 75, 63, 34, 29, 36, 70, 52, 34, 67, 25, 25, 56, 66], "episode_rewards": [-971.0, -930.0, -926.0, -945.0, -949.0, -930.0, -923.0, -925.0, -973.0, -918.0, -963.0, -949.0, -958.0, -927.0, -932.0, -923.0, -927.0, -944.0, -946.0, -950.0, -957.0, -925.0, -980.0, -946.0, -932.0, -943.0, -986.0, -963.0, -919.0, -954.0, -977.0, -945.0, -923.0, -931.0, -950.0, -951.0, -950.0, -945.0, -922.0, -965.0, -941.0, -927.0, -942.0, -947.0, -926.0, -941.0, -965.0, -932.0, -929.0, -924.0, -938.0, -941.0, -959.0, -941.0, -930.0, -946.0, -923.0, -919.0, -953.0, -938.0, -970.0, -967.0, -952.0, -967.0, -960.0, -932.0, -941.0, -926.0, -963.0, -993.0, -943.0, -966.0, -929.0, -955.0, -925.0, -928.0, -920.0, -959.0, -978.0, -974.0, -954.0, -938.0, -926.0, -943.0, -930.0, -983.0, -927.0, -975.0, -963.0, -934.0, -929.0, -936.0, -970.0, -952.0, -934.0, -967.0, -925.0, -925.0, -956.0, -966.0], "episode_types": ["t", "t", "t", "t", "t", "t", "t", "t", "t", "t", "t", "t", "t", "t", "t", "t", "t", "t", "t", "t", "t", "t", "t", "t", "t", "t", "t", "t", "t", "t", "t", "t", "t", "t", "t", "t", "t", "t", "t", "t", "t", "t", "t", "t", "t", "t", "t", "t", "t", "t", "t", "t", "t", "t", "t", "t", "t", "t", "t", "t", "t", "t", "t", "t", "t", "t", "t", "t", "t", "t", "t", "t", "t", "t", "t", "t", "t", "t", "t", "t", "t", "t", "t", "t", "t", "t", "t", "t", "t", "t", "t", "t", "t", "t", "t", "t", "t", "t", "t", "t"]}