{"initial_reset_timestamp": 4073.047375051, "timestamps": [4073.097554185, 4073.243881807, 4073.391835952, 4073.571208533, 4073.634984892, 4073.745553818, 4073.849203842, 4073.923726725, 4074.001310367, 4074.080942062, 4074.245374162, 4074.655310248, 4074.955943047, 4075.096882802, 4075.223829924, 4075.310940709, 4075.423424219, 4075.522625025, 4075.75385609, 4075.843003695, 4075.918143649, 4076.023920165, 4076.143558555, 4076.241947826, 4076.40308951, 4076.457507903, 4076.515064836, 4076.667862204, 4076.798940316, 4076.849619907, 4076.918985992, 4077.040641503, 4077.305330992, 4077.4623512, 4077.583961432, 4077.655107842, 4077.776510643, 4077.882112828, 4077.977020619, 4078.125763613, 4078.196299321, 4078.328571571, 4078.485983301, 4078.622052679, 4078.684915776, 4078.801150665, 4078.896612958, 4078.94495124, 4079.025565618, 4079.124564335, 4079.175932858, 4079.455190066, 4079.58924371, 4079.679506157, 4079.81502978, 4080.008941536, 4080.196612955, 4080.254698921, 4080.315215823, 4080.409143627, 4080.603351386, 4080.753086997, 4080.799850272, 4081.094729723, 4081.49117362, 4081.563241343, 4081.658676803, 4081.910126351, 4082.01746184, 4082.092063297, 4082.248513338, 4082.350075086, 4082.534484703, 4082.726040352, 4082.940048096, 4083.114986372, 4083.194666987, 4083.332020039, 4083.536982153, 4083.701684267, 4083.941740541, 4084.054033775, 4084.140286159, 4084.214222566, 4084.290966441, 4084.464829623, 4084.523221609, 4084.600967068, 4084.651390238, 4084.722608437, 4084.835015044, 4084.883856661, 4084.985579061, 4085.029140326, 4085.061599593, 4085.190742933, 4085.231286416, 4085.275155306, 4085.350239592, 4085.384095398], "episode_lengths": [28, 76, 79, 75, 29, 31, 49, 33, 29, 26, 42, 101, 67, 39, 46, 27, 32, 28, 80, 34, 34, 26, 52, 38, 62, 29, 29, 39, 47, 24, 30, 39, 96, 61, 48, 30, 49, 44, 38, 40, 34, 58, 59, 60, 28, 54, 50, 25, 40, 44, 25, 102, 46, 36, 35, 58, 68, 25, 27, 26, 50, 61, 23, 68, 103, 27, 27, 76, 44, 25, 43, 25, 52, 75, 56, 47, 41, 47, 66, 74, 113, 65, 54, 46, 50, 101, 44, 56, 38, 43, 71, 34, 64, 31, 24, 82, 30, 33, 49, 25], "episode_rewards": [-928.0, -976.0, -979.0, -975.0, -929.0, -931.0, -949.0, -933.0, -929.0, -926.0, -942.0, -1001.0, -967.0, -939.0, -946.0, -927.0, -932.0, -928.0, -980.0, -934.0, -934.0, -926.0, -952.0, -938.0, -962.0, -929.0, -929.0, -939.0, -947.0, -924.0, -930.0, -939.0, -996.0, -961.0, -948.0, -930.0, -949.0, -944.0, -938.0, -940.0, -934.0, -958.0, -959.0, -960.0, -928.0, -954.0, -950.0, -925.0, -940.0, -944.0, -925.0, -1002.0, -946.0, -936.0, -935.0, -958.0, -968.0, -925.0, -927.0, -926.0, -950.0, -961.0, -923.0, -968.0, -1003.0, -927.0, -927.0, -976.0, -944.0, -925.0, -943.0, -925.0, -952.0, -975.0, -956.0, -947.0, -941.0, -947.0, -966.0, -974.0, -1013.0, -965.0, -954.0, -946.0, -950.0, -1001.0, -944.0, -956.0, -938.0, -943.0, -971.0, -934.0, -964.0, -931.0, -924.0, -982.0, -930.0, -933.0, -949.0, -925.0], "episode_types": ["t", "t", "t", "t", "t", "t", "t", "t", "t", "t", "t", "t", "t", "t", "t", "t", "t", "t", "t", "t", "t", "t", "t", "t", "t", "t", "t", "t", "t", "t", "t", "t", "t", "t", "t", "t", "t", "t", "t", "t", "t", "t", "t", "t", "t", "t", "t", "t", "t", "t", "t", "t", "t", "t", "t", "t", "t", "t", "t", "t", "t", "t", "t", "t", "t", "t", "t", "t", "t", "t", "t", "t", "t", "t", "t", "t", "t", "t", "t", "t", "t", "t", "t", "t", "t", "t", "t", "t", "t", "t", "t", "t", "t", "t", "t", "t", "t", "t", "t", "t"]}