{"initial_reset_timestamp": 4152.505450638, "timestamps": [4152.625800568, 4152.683725883, 4152.781709782, 4152.837942914, 4152.999786938, 4153.07772174, 4153.120622816, 4153.248785516, 4153.312008506, 4153.458811348, 4153.676367626, 4153.781996196, 4154.018580597, 4154.114908632, 4154.149470396, 4154.216258478, 4154.405313054, 4154.507993331, 4154.570559549, 4154.742589985, 4154.777247183, 4154.822082005, 4155.009494992, 4155.111240024, 4155.175045264, 4155.281711685, 4155.358701301, 4155.565445704, 4155.670016649, 4155.754851467, 4155.853380459, 4155.905297028, 4155.948108641, 4156.063689521, 4156.124084092, 4156.16517575, 4156.255039632, 4156.438013842, 4156.626815695, 4156.64901789, 4156.712015592, 4156.778811893, 4156.846808592, 4156.900955412, 4156.993345093, 4157.293736757, 4157.346021111, 4157.413577037, 4157.45190274, 4157.566611117, 4157.705658816, 4157.916076676, 4158.245038487, 4158.295047616, 4158.450408653, 4158.489515413, 4158.574291609, 4158.678704908, 4158.717804495, 4158.76289522, 4158.855739247, 4158.982039388, 4159.125868337, 4159.29765998, 4159.641686614, 4160.059641983, 4160.13975051, 4160.25811765, 4160.551758372, 4161.001680509, 4161.101703642, 4161.196171178, 4161.261617376, 4161.386426942, 4161.549402941, 4161.683147225, 4161.787103438, 4162.346578647, 4162.532313766, 4162.651720767, 4162.753252598, 4162.937449919, 4163.146151879, 4163.249585343, 4163.291482563, 4163.370893442, 4163.431730225, 4163.568451767, 4163.603278776, 4163.6993483, 4163.77512825, 4163.86714406, 4163.95739792, 4163.990505059, 4164.022868732, 4164.084920369, 4164.295501565, 4164.700748907, 4164.95722068, 4165.070006128], "episode_lengths": [46, 25, 40, 25, 61, 33, 20, 54, 30, 61, 93, 31, 55, 27, 20, 33, 49, 40, 35, 55, 20, 25, 58, 34, 31, 29, 22, 47, 52, 39, 34, 33, 27, 64, 30, 29, 36, 48, 65, 17, 24, 28, 28, 20, 27, 66, 33, 24, 27, 62, 74, 50, 74, 23, 71, 21, 60, 47, 30, 32, 65, 63, 53, 51, 77, 97, 32, 46, 59, 101, 26, 28, 21, 34, 41, 26, 27, 120, 41, 37, 30, 53, 60, 58, 32, 59, 46, 96, 29, 68, 58, 68, 66, 29, 27, 40, 77, 108, 70, 31], "episode_rewards": [-946.0, -925.0, -940.0, -925.0, -961.0, -933.0, -920.0, -954.0, -930.0, -961.0, -993.0, -931.0, -955.0, -927.0, -920.0, -933.0, -949.0, -940.0, -935.0, -955.0, -920.0, -925.0, -958.0, -934.0, -931.0, -929.0, -922.0, -947.0, -952.0, -939.0, -934.0, -933.0, -927.0, -964.0, -930.0, -929.0, -936.0, -948.0, -965.0, -917.0, -924.0, -928.0, -928.0, -920.0, -927.0, -966.0, -933.0, -924.0, -927.0, -962.0, -974.0, -950.0, -974.0, -923.0, -971.0, -921.0, -960.0, -947.0, -930.0, -932.0, -965.0, -963.0, -953.0, -951.0, -977.0, -997.0, -932.0, -946.0, -959.0, -1001.0, -926.0, -928.0, -921.0, -934.0, -941.0, -926.0, -927.0, -1020.0, -941.0, -937.0, -930.0, -953.0, -960.0, -958.0, -932.0, -959.0, -946.0, -996.0, -929.0, -968.0, -958.0, -968.0, -966.0, -929.0, -927.0, -940.0, -977.0, -1008.0, -970.0, -931.0], "episode_types": ["t", "t", "t", "t", "t", "t", "t", "t", "t", "t", "t", "t", "t", "t", "t", "t", "t", "t", "t", "t", "t", "t", "t", "t", "t", "t", "t", "t", "t", "t", "t", "t", "t", "t", "t", "t", "t", "t", "t", "t", "t", "t", "t", "t", "t", "t", "t", "t", "t", "t", "t", "t", "t", "t", "t", "t", "t", "t", "t", "t", "t", "t", "t", "t", "t", "t", "t", "t", "t", "t", "t", "t", "t", "t", "t", "t", "t", "t", "t", "t", "t", "t", "t", "t", "t", "t", "t", "t", "t", "t", "t", "t", "t", "t", "t", "t", "t", "t", "t", "t"]}