{"initial_reset_timestamp": 4097.507592539, "timestamps": [4097.551679327, 4097.694476542, 4097.825629275, 4098.011926472, 4098.161068836, 4098.212153648, 4098.354309268, 4098.447789568, 4098.501548945, 4098.611691669, 4098.686234068, 4098.84113733, 4098.905279825, 4098.94566173, 4099.02152958, 4099.184940383, 4099.296438544, 4099.533400833, 4099.627283243, 4099.691978507, 4099.745509253, 4099.815333245, 4099.878635, 4099.919818952, 4099.976557714, 4100.305809245, 4100.408610269, 4100.459181871, 4100.498549005, 4100.68422017, 4100.796009256, 4100.830026718, 4100.874069801, 4100.93231719, 4101.107074883, 4101.210830651, 4101.346842221, 4101.429546041, 4101.495679493, 4101.547540789, 4101.60352683, 4101.778894288, 4101.971289751, 4102.113202856, 4102.191578709, 4102.232484969, 4102.270607052, 4102.443284484, 4102.49399898, 4102.534383144, 4102.57481701, 4102.629693092, 4102.755878312, 4102.802719148, 4103.004479858, 4103.059148579, 4103.21066326, 4103.302529835, 4103.361735041, 4103.473502272, 4103.578429799, 4103.624934722, 4103.753767912, 4103.8582273, 4103.960501251, 4104.009519394, 4104.260762958, 4104.339054239, 4104.432461368, 4104.550190104, 4104.660383291, 4104.710246029, 4104.835979036, 4104.964986638, 4105.076093693, 4105.138273237, 4105.221578907, 4105.367042986, 4105.490249165, 4105.571478891, 4105.651581552, 4105.781905881, 4105.883585377, 4105.951547616, 4106.00236371, 4106.159558243, 4106.312864627, 4106.391122511, 4106.516710841, 4106.622875688, 4106.813887731, 4107.031173915, 4107.308256806, 4107.445124369, 4107.590240579, 4107.676191989, 4107.766163046, 4107.921842376, 4108.020643501, 4108.0678287], "episode_lengths": [22, 62, 58, 80, 58, 27, 66, 42, 24, 27, 30, 40, 26, 17, 30, 37, 43, 74, 38, 27, 23, 30, 30, 22, 28, 83, 43, 24, 19, 80, 50, 21, 27, 29, 55, 46, 59, 37, 32, 27, 28, 69, 88, 70, 39, 21, 19, 75, 33, 24, 25, 29, 61, 27, 93, 30, 75, 47, 33, 56, 55, 28, 61, 47, 56, 31, 126, 46, 50, 61, 55, 24, 52, 57, 60, 34, 43, 68, 54, 45, 46, 69, 60, 40, 31, 78, 66, 42, 64, 32, 57, 94, 71, 75, 66, 38, 46, 45, 40, 32], "episode_rewards": [-922.0, -962.0, -958.0, -980.0, -958.0, -927.0, -966.0, -942.0, -924.0, -927.0, -930.0, -940.0, -926.0, -917.0, -930.0, -937.0, -943.0, -974.0, -938.0, -927.0, -923.0, -930.0, -930.0, -922.0, -928.0, -983.0, -943.0, -924.0, -919.0, -980.0, -950.0, -921.0, -927.0, -929.0, -955.0, -946.0, -959.0, -937.0, -932.0, -927.0, -928.0, -969.0, -988.0, -970.0, -939.0, -921.0, -919.0, -975.0, -933.0, -924.0, -925.0, -929.0, -961.0, -927.0, -993.0, -930.0, -975.0, -947.0, -933.0, -956.0, -955.0, -928.0, -961.0, -947.0, -956.0, -931.0, -1026.0, -946.0, -950.0, -961.0, -955.0, -924.0, -952.0, -957.0, -960.0, -934.0, -943.0, -968.0, -954.0, -945.0, -946.0, -969.0, -960.0, -940.0, -931.0, -978.0, -966.0, -942.0, -964.0, -932.0, -957.0, -994.0, -971.0, -975.0, -966.0, -938.0, -946.0, -945.0, -940.0, -932.0], "episode_types": ["t", "t", "t", "t", "t", "t", "t", "t", "t", "t", "t", "t", "t", "t", "t", "t", "t", "t", "t", "t", "t", "t", "t", "t", "t", "t", "t", "t", "t", "t", "t", "t", "t", "t", "t", "t", "t", "t", "t", "t", "t", "t", "t", "t", "t", "t", "t", "t", "t", "t", "t", "t", "t", "t", "t", "t", "t", "t", "t", "t", "t", "t", "t", "t", "t", "t", "t", "t", "t", "t", "t", "t", "t", "t", "t", "t", "t", "t", "t", "t", "t", "t", "t", "t", "t", "t", "t", "t", "t", "t", "t", "t", "t", "t", "t", "t", "t", "t", "t", "t"]}