{"initial_reset_timestamp": 4116.067189085, "timestamps": [4116.307455653, 4116.476743803, 4116.608043162, 4116.834813692, 4117.05035261, 4117.15313115, 4117.371070494, 4117.405669257, 4117.532200711, 4117.598227315, 4117.712735751, 4117.755361421, 4117.887041258, 4117.970432401, 4118.087313003, 4118.19718231, 4118.279958012, 4118.455109438, 4118.704964871, 4118.859901362, 4118.9311499, 4119.080743098, 4119.170169088, 4119.26502946, 4119.342508543, 4119.490642725, 4119.547456788, 4119.619248862, 4119.683735444, 4119.795873977, 4119.883894794, 4119.917359421, 4119.964141612, 4120.111821677, 4120.215798665, 4120.250442419, 4120.321099632, 4120.385336598, 4120.486304215, 4120.563502622, 4120.615185744, 4120.65999741, 4120.773861816, 4120.854209283, 4120.893551226, 4120.964170169, 4121.042149889, 4121.178898209, 4121.210751232, 4121.309144392, 4121.426793928, 4121.518064624, 4121.642305205, 4121.688625663, 4121.787750557, 4121.858172432, 4122.042946066, 4122.185951192, 4122.278423463, 4122.383073863, 4122.450880105, 4122.595655849, 4122.802624718, 4122.866298888, 4122.925121067, 4122.993331401, 4123.069078564, 4123.153103689, 4123.278123803, 4123.40914911, 4123.57202096, 4123.802819557, 4123.849874796, 4123.882589536, 4123.972014068, 4124.119699287, 4124.175702933, 4124.275743459, 4124.507925749, 4124.687745633, 4124.734695284, 4124.917396242, 4125.497536807, 4126.031711114, 4126.439602403, 4126.509063237, 4126.636587708, 4126.764746445, 4126.861771897, 4126.930727235, 4126.992595767, 4127.128085016, 4127.296449267, 4127.414026493, 4127.699096039, 4127.756032658, 4128.058739585, 4128.280642623, 4128.551941842, 4128.691114755], "episode_lengths": [58, 53, 52, 60, 53, 25, 46, 24, 31, 28, 27, 19, 35, 26, 36, 28, 27, 44, 57, 71, 26, 44, 34, 33, 27, 58, 30, 29, 21, 33, 37, 24, 26, 54, 44, 24, 43, 38, 52, 45, 33, 31, 65, 47, 26, 37, 27, 51, 20, 26, 63, 53, 70, 29, 56, 24, 49, 38, 44, 47, 34, 63, 74, 33, 29, 27, 21, 24, 34, 49, 76, 101, 29, 23, 51, 77, 31, 53, 71, 64, 22, 52, 98, 122, 157, 31, 52, 58, 46, 33, 30, 56, 69, 50, 102, 25, 100, 66, 75, 47], "episode_rewards": [-958.0, -953.0, -952.0, -960.0, -953.0, -925.0, -946.0, -924.0, -931.0, -928.0, -927.0, -919.0, -935.0, -926.0, -936.0, -928.0, -927.0, -944.0, -957.0, -971.0, -926.0, -944.0, -934.0, -933.0, -927.0, -958.0, -930.0, -929.0, -921.0, -933.0, -937.0, -924.0, -926.0, -954.0, -944.0, -924.0, -943.0, -938.0, -952.0, -945.0, -933.0, -931.0, -965.0, -947.0, -926.0, -937.0, -927.0, -951.0, -920.0, -926.0, -963.0, -953.0, -970.0, -929.0, -956.0, -924.0, -949.0, -938.0, -944.0, -947.0, -934.0, -963.0, -974.0, -933.0, -929.0, -927.0, -921.0, -924.0, -934.0, -949.0, -976.0, -1001.0, -929.0, -923.0, -951.0, -977.0, -931.0, -953.0, -971.0, -964.0, -922.0, -952.0, -998.0, -1022.0, -1057.0, -931.0, -952.0, -958.0, -946.0, -933.0, -930.0, -956.0, -969.0, -950.0, -1002.0, -925.0, -1000.0, -966.0, -975.0, -947.0], "episode_types": ["t", "t", "t", "t", "t", "t", "t", "t", "t", "t", "t", "t", "t", "t", "t", "t", "t", "t", "t", "t", "t", "t", "t", "t", "t", "t", "t", "t", "t", "t", "t", "t", "t", "t", "t", "t", "t", "t", "t", "t", "t", "t", "t", "t", "t", "t", "t", "t", "t", "t", "t", "t", "t", "t", "t", "t", "t", "t", "t", "t", "t", "t", "t", "t", "t", "t", "t", "t", "t", "t", "t", "t", "t", "t", "t", "t", "t", "t", "t", "t", "t", "t", "t", "t", "t", "t", "t", "t", "t", "t", "t", "t", "t", "t", "t", "t", "t", "t", "t", "t"]}