{"initial_reset_timestamp": 4143.571549079, "timestamps": [4143.630827615, 4143.702863393, 4143.739844425, 4143.849243309, 4143.972361946, 4144.075437348, 4144.123198699, 4144.321827242, 4144.444335947, 4144.468985887, 4144.560977744, 4144.650904016, 4144.708905847, 4144.787473043, 4144.838442775, 4144.955060517, 4145.034993927, 4145.161942322, 4145.293089957, 4145.48209831, 4145.645517412, 4145.742273348, 4145.867712088, 4145.983506359, 4146.115678931, 4146.169772765, 4146.296440725, 4146.364188613, 4146.509626702, 4146.600457726, 4146.644222749, 4146.710739272, 4146.806089293, 4146.878568846, 4146.975771469, 4147.065851228, 4147.198583978, 4147.318792149, 4147.409850215, 4147.517504743, 4147.604237469, 4147.703343805, 4147.849186515, 4147.905573414, 4148.040305728, 4148.222506896, 4148.49766764, 4148.554795689, 4148.711654763, 4148.88058144, 4149.07075542, 4149.213935361, 4149.380899207, 4149.488174716, 4149.549219844, 4149.593412493, 4149.906314862, 4149.961519779, 4150.28332565, 4150.664319395, 4150.779963821, 4150.849456448, 4151.096984445, 4151.165537476, 4151.255220998, 4151.324945498, 4151.463506143, 4151.582903114, 4151.729545239, 4151.975635353, 4152.145987631, 4152.225826818, 4152.369981482, 4152.484226302, 4152.577819202, 4152.639405145, 4152.866647634, 4152.944274501, 4153.021832689, 4153.158666699, 4153.395385985, 4153.691401646, 4153.836740256, 4154.08584819, 4154.315613789, 4154.645782822, 4154.777422884, 4154.870875102, 4154.989472724, 4155.244470399, 4155.420015671, 4155.695578195, 4155.817034448, 4156.095677429, 4156.220159599, 4156.350831872, 4156.40312945, 4156.532374055, 4156.965627449, 4157.04540528], "episode_lengths": [39, 45, 26, 64, 61, 57, 29, 76, 61, 20, 57, 54, 40, 47, 31, 56, 37, 59, 30, 53, 47, 30, 36, 35, 43, 26, 55, 42, 85, 52, 28, 41, 45, 43, 28, 29, 42, 67, 47, 49, 28, 26, 54, 27, 55, 51, 70, 22, 42, 46, 56, 34, 70, 56, 32, 20, 105, 23, 112, 102, 34, 29, 90, 29, 37, 29, 53, 45, 61, 104, 75, 33, 58, 45, 37, 26, 82, 31, 32, 51, 95, 97, 46, 73, 70, 100, 55, 44, 49, 74, 59, 77, 27, 90, 28, 47, 28, 54, 128, 52], "episode_rewards": [-939.0, -945.0, -926.0, -964.0, -961.0, -957.0, -929.0, -976.0, -961.0, -920.0, -957.0, -954.0, -940.0, -947.0, -931.0, -956.0, -937.0, -959.0, -930.0, -953.0, -947.0, -930.0, -936.0, -935.0, -943.0, -926.0, -955.0, -942.0, -985.0, -952.0, -928.0, -941.0, -945.0, -943.0, -928.0, -929.0, -942.0, -967.0, -947.0, -949.0, -928.0, -926.0, -954.0, -927.0, -955.0, -951.0, -970.0, -922.0, -942.0, -946.0, -956.0, -934.0, -970.0, -956.0, -932.0, -920.0, -1005.0, -923.0, -1012.0, -1002.0, -934.0, -929.0, -990.0, -929.0, -937.0, -929.0, -953.0, -945.0, -961.0, -1004.0, -975.0, -933.0, -958.0, -945.0, -937.0, -926.0, -982.0, -931.0, -932.0, -951.0, -995.0, -997.0, -946.0, -973.0, -970.0, -1000.0, -955.0, -944.0, -949.0, -974.0, -959.0, -977.0, -927.0, -990.0, -928.0, -947.0, -928.0, -954.0, -1028.0, -952.0], "episode_types": ["t", "t", "t", "t", "t", "t", "t", "t", "t", "t", "t", "t", "t", "t", "t", "t", "t", "t", "t", "t", "t", "t", "t", "t", "t", "t", "t", "t", "t", "t", "t", "t", "t", "t", "t", "t", "t", "t", "t", "t", "t", "t", "t", "t", "t", "t", "t", "t", "t", "t", "t", "t", "t", "t", "t", "t", "t", "t", "t", "t", "t", "t", "t", "t", "t", "t", "t", "t", "t", "t", "t", "t", "t", "t", "t", "t", "t", "t", "t", "t", "t", "t", "t", "t", "t", "t", "t", "t", "t", "t", "t", "t", "t", "t", "t", "t", "t", "t", "t", "t"]}