{"initial_reset_timestamp": 4043.05064844, "timestamps": [4043.088639246, 4043.144493312, 4043.177149738, 4043.260551426, 4043.315020836, 4043.346927643, 4043.38197254, 4043.451806818, 4043.503777247, 4043.556353336, 4043.682412872, 4043.719091957, 4043.765793026, 4043.808799515, 4043.85249571, 4043.967051228, 4044.00020807, 4044.127181189, 4044.190359857, 4044.261609662, 4044.35357954, 4044.432349535, 4044.49747217, 4044.539203882, 4044.591866471, 4044.680791181, 4044.757363283, 4044.830839999, 4044.868685579, 4044.906325186, 4044.973385141, 4045.065434792, 4045.099782307, 4045.196525185, 4045.213705297, 4045.244762453, 4045.276039971, 4045.332420112, 4045.361474683, 4045.466056969, 4045.553284784, 4045.648409207, 4045.687376796, 4045.748843182, 4045.789617946, 4045.870609366, 4045.905317597, 4045.946498028, 4045.997503235, 4046.102628594, 4046.179867851, 4046.218131549, 4046.257427941, 4046.288303786, 4046.343119752, 4046.379169771, 4046.463242755, 4046.486296091, 4046.578855516, 4046.705953806, 4046.773928716, 4046.809250358, 4046.899945364, 4046.981339117, 4047.103143054, 4047.216416181, 4047.293606561, 4047.335317435, 4047.421509242, 4047.445738083, 4047.551383493, 4047.643211065, 4047.723155258, 4047.86986775, 4047.892780181, 4047.95136497, 4048.056697029, 4048.092983956, 4048.130890205, 4048.177143011, 4048.255808907, 4048.32922994, 4048.369540051, 4048.418494709, 4048.485013022, 4048.580255339, 4048.614245258, 4048.673123733, 4048.718249549, 4048.819525609, 4048.861320157, 4048.910547254, 4048.992015389, 4049.198685966, 4049.255513652, 4049.290488089, 4049.427711836, 4049.462106809, 4049.502830938, 4049.677999863], "episode_lengths": [28, 38, 27, 61, 42, 26, 29, 51, 34, 33, 88, 31, 37, 34, 34, 75, 23, 78, 47, 50, 57, 51, 46, 30, 39, 58, 53, 49, 30, 29, 44, 55, 26, 63, 14, 24, 24, 35, 24, 65, 56, 62, 30, 43, 29, 54, 26, 30, 38, 71, 48, 28, 27, 23, 37, 27, 54, 18, 64, 89, 47, 29, 64, 56, 47, 73, 53, 32, 60, 19, 29, 64, 56, 98, 19, 42, 53, 23, 25, 32, 50, 47, 28, 36, 46, 59, 21, 35, 30, 59, 28, 33, 50, 103, 37, 24, 66, 22, 27, 59], "episode_rewards": [-928.0, -938.0, -927.0, -961.0, -942.0, -926.0, -929.0, -951.0, -934.0, -933.0, -988.0, -931.0, -937.0, -934.0, -934.0, -975.0, -923.0, -978.0, -947.0, -950.0, -957.0, -951.0, -946.0, -930.0, -939.0, -958.0, -953.0, -949.0, -930.0, -929.0, -944.0, -955.0, -926.0, -963.0, -914.0, -924.0, -924.0, -935.0, -924.0, -965.0, -956.0, -962.0, -930.0, -943.0, -929.0, -954.0, -926.0, -930.0, -938.0, -971.0, -948.0, -928.0, -927.0, -923.0, -937.0, -927.0, -954.0, -918.0, -964.0, -989.0, -947.0, -929.0, -964.0, -956.0, -947.0, -973.0, -953.0, -932.0, -960.0, -919.0, -929.0, -964.0, -956.0, -998.0, -919.0, -942.0, -953.0, -923.0, -925.0, -932.0, -950.0, -947.0, -928.0, -936.0, -946.0, -959.0, -921.0, -935.0, -930.0, -959.0, -928.0, -933.0, -950.0, -1003.0, -937.0, -924.0, -966.0, -922.0, -927.0, -959.0], "episode_types": ["t", "t", "t", "t", "t", "t", "t", "t", "t", "t", "t", "t", "t", "t", "t", "t", "t", "t", "t", "t", "t", "t", "t", "t", "t", "t", "t", "t", "t", "t", "t", "t", "t", "t", "t", "t", "t", "t", "t", "t", "t", "t", "t", "t", "t", "t", "t", "t", "t", "t", "t", "t", "t", "t", "t", "t", "t", "t", "t", "t", "t", "t", "t", "t", "t", "t", "t", "t", "t", "t", "t", "t", "t", "t", "t", "t", "t", "t", "t", "t", "t", "t", "t", "t", "t", "t", "t", "t", "t", "t", "t", "t", "t", "t", "t", "t", "t", "t", "t", "t"]}