{"initial_reset_timestamp": 4114.589542613, "timestamps": [4114.695901553, 4114.729019501, 4114.798917878, 4114.873803583, 4114.998098991, 4115.071333204, 4115.099908636, 4115.158741228, 4115.200718216, 4115.224437053, 4115.30483468, 4115.366248988, 4115.431766479, 4115.458638892, 4115.489938432, 4115.551702761, 4115.576072308, 4115.602017761, 4115.641648094, 4115.750440759, 4115.849750442, 4115.881834171, 4115.91621089, 4116.014127369, 4116.103644133, 4116.147498713, 4116.19474321, 4116.271286913, 4116.377806882, 4116.514174598, 4116.559074482, 4116.619564445, 4116.679269033, 4116.726455446, 4116.7749407, 4116.814930397, 4116.844839374, 4116.890195677, 4116.91888947, 4116.953297701, 4116.990309307, 4117.074919362, 4117.121201691, 4117.150099374, 4117.1880367, 4117.278085891, 4117.372789581, 4117.400894165, 4117.490625898, 4117.521463567, 4117.5692094, 4117.609387592, 4117.675589631, 4117.781210656, 4117.892208538, 4117.954418175, 4118.212492381, 4118.43990782, 4118.541493074, 4118.635924048, 4118.764513794, 4118.807355863, 4118.885539901, 4119.059298552, 4119.086642706, 4119.189088899, 4119.397163336, 4119.617716161, 4119.785955499, 4120.077603365, 4120.186168862, 4120.392162374, 4120.453344995, 4120.501105768, 4120.610316237, 4120.682402203, 4120.749908538, 4120.802014819, 4120.925036888, 4120.99591026, 4121.147615328, 4121.286914268, 4121.440491486, 4121.549082281, 4121.699318951, 4121.740403336, 4121.925800584, 4121.981205682, 4122.055225366, 4122.254762487, 4122.437753936, 4122.489279693, 4122.632700851, 4122.695637549, 4122.739164894, 4122.811516188, 4122.932054129, 4123.060321494, 4123.185310255, 4123.252129968], "episode_lengths": [73, 28, 50, 54, 82, 52, 24, 44, 32, 21, 60, 45, 48, 23, 27, 46, 21, 21, 30, 76, 71, 26, 28, 54, 56, 35, 36, 50, 56, 67, 25, 23, 39, 34, 33, 28, 21, 32, 21, 27, 27, 55, 32, 22, 30, 59, 60, 22, 58, 24, 33, 29, 42, 65, 69, 41, 55, 44, 30, 23, 43, 25, 26, 66, 20, 38, 70, 49, 70, 66, 37, 123, 38, 31, 69, 48, 43, 39, 67, 32, 45, 31, 49, 40, 61, 27, 81, 30, 38, 65, 65, 25, 65, 29, 23, 33, 54, 57, 54, 32], "episode_rewards": [-973.0, -928.0, -950.0, -954.0, -982.0, -952.0, -924.0, -944.0, -932.0, -921.0, -960.0, -945.0, -948.0, -923.0, -927.0, -946.0, -921.0, -921.0, -930.0, -976.0, -971.0, -926.0, -928.0, -954.0, -956.0, -935.0, -936.0, -950.0, -956.0, -967.0, -925.0, -923.0, -939.0, -934.0, -933.0, -928.0, -921.0, -932.0, -921.0, -927.0, -927.0, -955.0, -932.0, -922.0, -930.0, -959.0, -960.0, -922.0, -958.0, -924.0, -933.0, -929.0, -942.0, -965.0, -969.0, -941.0, -955.0, -944.0, -930.0, -923.0, -943.0, -925.0, -926.0, -966.0, -920.0, -938.0, -970.0, -949.0, -970.0, -966.0, -937.0, -1023.0, -938.0, -931.0, -969.0, -948.0, -943.0, -939.0, -967.0, -932.0, -945.0, -931.0, -949.0, -940.0, -961.0, -927.0, -981.0, -930.0, -938.0, -965.0, -965.0, -925.0, -965.0, -929.0, -923.0, -933.0, -954.0, -957.0, -954.0, -932.0], "episode_types": ["t", "t", "t", "t", "t", "t", "t", "t", "t", "t", "t", "t", "t", "t", "t", "t", "t", "t", "t", "t", "t", "t", "t", "t", "t", "t", "t", "t", "t", "t", "t", "t", "t", "t", "t", "t", "t", "t", "t", "t", "t", "t", "t", "t", "t", "t", "t", "t", "t", "t", "t", "t", "t", "t", "t", "t", "t", "t", "t", "t", "t", "t", "t", "t", "t", "t", "t", "t", "t", "t", "t", "t", "t", "t", "t", "t", "t", "t", "t", "t", "t", "t", "t", "t", "t", "t", "t", "t", "t", "t", "t", "t", "t", "t", "t", "t", "t", "t", "t", "t"]}