{"initial_reset_timestamp": 4121.842516488, "timestamps": [4121.985044085, 4122.108807738, 4122.242325229, 4122.351550955, 4122.447860072, 4122.532158885, 4122.616039764, 4122.671937323, 4122.842033503, 4123.040107771, 4123.145711863, 4123.191474694, 4123.319505256, 4123.358210712, 4123.404934571, 4123.530767839, 4123.606055364, 4123.715374117, 4123.744401041, 4123.781650121, 4123.871487427, 4123.912867664, 4123.952245173, 4124.083909222, 4124.152624065, 4124.241293516, 4124.308316321, 4124.393612368, 4124.429193731, 4124.479836341, 4124.516532508, 4124.548304184, 4124.597316009, 4124.663353805, 4124.724507079, 4124.775296331, 4124.897177454, 4125.000613219, 4125.118122719, 4125.46670467, 4125.674551649, 4125.989668716, 4126.184575156, 4126.340591854, 4126.479904506, 4126.555427628, 4126.691953919, 4126.81280503, 4126.960429039, 4127.058008737, 4127.162572411, 4127.21479981, 4127.392203153, 4127.492640174, 4127.556356832, 4127.63523676, 4127.710367096, 4127.87638294, 4127.929410215, 4127.987809933, 4128.063593605, 4128.096064583, 4128.277484829, 4128.31954636, 4128.460568731, 4128.602091667, 4128.728818843, 4128.775027137, 4128.872946288, 4128.934381489, 4128.974256522, 4129.071038662, 4129.172969695, 4129.213905797, 4129.294770196, 4129.400206949, 4129.496336614, 4129.590543659, 4129.711831116, 4129.94299756, 4130.026622601, 4130.133905255, 4130.227114803, 4130.408639801, 4130.492564819, 4130.632555642, 4130.86357884, 4131.046644122, 4131.127846834, 4131.24754658, 4131.2933778, 4131.37751429, 4131.473147155, 4131.571407734, 4131.669975795, 4131.801853131, 4131.948190206, 4132.024168554, 4132.211690547, 4132.294581264], "episode_lengths": [60, 28, 50, 52, 45, 39, 39, 27, 74, 85, 48, 22, 58, 22, 26, 60, 36, 53, 19, 23, 49, 27, 24, 70, 38, 47, 38, 41, 20, 29, 24, 18, 28, 36, 35, 28, 56, 28, 23, 67, 48, 78, 60, 48, 37, 31, 44, 39, 59, 43, 45, 24, 69, 46, 31, 33, 36, 70, 26, 26, 32, 18, 69, 18, 57, 53, 43, 24, 49, 34, 26, 50, 51, 24, 41, 40, 35, 42, 54, 94, 44, 63, 60, 105, 50, 83, 84, 49, 43, 77, 32, 55, 62, 60, 62, 83, 88, 47, 117, 53], "episode_rewards": [-960.0, -928.0, -950.0, -952.0, -945.0, -939.0, -939.0, -927.0, -974.0, -985.0, -948.0, -922.0, -958.0, -922.0, -926.0, -960.0, -936.0, -953.0, -919.0, -923.0, -949.0, -927.0, -924.0, -970.0, -938.0, -947.0, -938.0, -941.0, -920.0, -929.0, -924.0, -918.0, -928.0, -936.0, -935.0, -928.0, -956.0, -928.0, -923.0, -967.0, -948.0, -978.0, -960.0, -948.0, -937.0, -931.0, -944.0, -939.0, -959.0, -943.0, -945.0, -924.0, -969.0, -946.0, -931.0, -933.0, -936.0, -970.0, -926.0, -926.0, -932.0, -918.0, -969.0, -918.0, -957.0, -953.0, -943.0, -924.0, -949.0, -934.0, -926.0, -950.0, -951.0, -924.0, -941.0, -940.0, -935.0, -942.0, -954.0, -994.0, -944.0, -963.0, -960.0, -1005.0, -950.0, -983.0, -984.0, -949.0, -943.0, -977.0, -932.0, -955.0, -962.0, -960.0, -962.0, -983.0, -988.0, -947.0, -1017.0, -953.0], "episode_types": ["t", "t", "t", "t", "t", "t", "t", "t", "t", "t", "t", "t", "t", "t", "t", "t", "t", "t", "t", "t", "t", "t", "t", "t", "t", "t", "t", "t", "t", "t", "t", "t", "t", "t", "t", "t", "t", "t", "t", "t", "t", "t", "t", "t", "t", "t", "t", "t", "t", "t", "t", "t", "t", "t", "t", "t", "t", "t", "t", "t", "t", "t", "t", "t", "t", "t", "t", "t", "t", "t", "t", "t", "t", "t", "t", "t", "t", "t", "t", "t", "t", "t", "t", "t", "t", "t", "t", "t", "t", "t", "t", "t", "t", "t", "t", "t", "t", "t", "t", "t"]}