{"initial_reset_timestamp": 4021.629987951, "timestamps": [4021.706773176, 4021.788295136, 4021.839719683, 4021.920677252, 4021.947101427, 4022.039316185, 4022.072784426, 4022.121749904, 4022.349238854, 4022.367977466, 4022.524667402, 4022.712249542, 4022.833888916, 4022.918865575, 4022.998511078, 4023.196278989, 4023.262204668, 4023.3497732, 4023.472163847, 4023.555224514, 4023.588838448, 4023.665876747, 4023.745540694, 4023.861319433, 4023.909750089, 4024.11078506, 4024.145325352, 4024.169824358, 4024.250404778, 4024.307566937, 4024.444188044, 4024.540288939, 4024.594207884, 4024.702512721, 4024.809171168, 4024.851287353, 4024.935741528, 4025.084795293, 4025.289265952, 4025.369342537, 4025.454487718, 4025.559302461, 4025.708160986, 4025.777752967, 4025.851648761, 4025.935697521, 4026.026480276, 4026.10945531, 4026.183643698, 4026.249215569, 4026.311609342, 4026.371816095, 4026.516447134, 4026.574029397, 4026.714791956, 4026.88324578, 4026.949515463, 4027.088334871, 4027.168298156, 4027.261287441, 4027.418856389, 4027.480083033, 4027.530139747, 4027.671307623, 4027.86745992, 4028.072300719, 4028.31217941, 4028.480101591, 4028.64261153, 4028.983547573, 4029.168789891, 4029.295672665, 4029.465054953, 4029.617540524, 4029.670854031, 4029.827233121, 4029.94626431, 4030.06412749, 4030.171156045, 4030.477992304, 4030.625258746, 4030.734456233, 4030.934358868, 4031.218763774, 4031.419699803, 4031.479958825, 4031.680821918, 4031.833947823, 4031.959583236, 4032.033913868, 4032.163832912, 4032.255582643, 4032.364449623, 4032.571258144, 4032.78390213, 4032.833270706, 4032.908986677, 4032.992828607, 4033.127605312, 4033.283673463], "episode_lengths": [45, 53, 36, 53, 21, 61, 27, 36, 133, 17, 37, 46, 36, 25, 22, 60, 35, 50, 82, 55, 25, 53, 44, 61, 36, 81, 27, 20, 47, 30, 53, 25, 22, 55, 55, 25, 42, 42, 71, 32, 30, 52, 56, 26, 25, 29, 34, 32, 27, 23, 25, 25, 54, 25, 46, 53, 23, 46, 30, 37, 60, 27, 23, 53, 71, 74, 86, 63, 60, 119, 69, 49, 62, 58, 23, 58, 47, 46, 43, 110, 44, 42, 73, 100, 74, 26, 74, 58, 49, 31, 50, 37, 44, 75, 82, 25, 33, 38, 65, 75], "episode_rewards": [-945.0, -953.0, -936.0, -953.0, -921.0, -961.0, -927.0, -936.0, -1033.0, -917.0, -937.0, -946.0, -936.0, -925.0, -922.0, -960.0, -935.0, -950.0, -982.0, -955.0, -925.0, -953.0, -944.0, -961.0, -936.0, -981.0, -927.0, -920.0, -947.0, -930.0, -953.0, -925.0, -922.0, -955.0, -955.0, -925.0, -942.0, -942.0, -971.0, -932.0, -930.0, -952.0, -956.0, -926.0, -925.0, -929.0, -934.0, -932.0, -927.0, -923.0, -925.0, -925.0, -954.0, -925.0, -946.0, -953.0, -923.0, -946.0, -930.0, -937.0, -960.0, -927.0, -923.0, -953.0, -971.0, -974.0, -986.0, -963.0, -960.0, -1019.0, -969.0, -949.0, -962.0, -958.0, -923.0, -958.0, -947.0, -946.0, -943.0, -1010.0, -944.0, -942.0, -973.0, -1000.0, -974.0, -926.0, -974.0, -958.0, -949.0, -931.0, -950.0, -937.0, -944.0, -975.0, -982.0, -925.0, -933.0, -938.0, -965.0, -975.0], "episode_types": ["t", "t", "t", "t", "t", "t", "t", "t", "t", "t", "t", "t", "t", "t", "t", "t", "t", "t", "t", "t", "t", "t", "t", "t", "t", "t", "t", "t", "t", "t", "t", "t", "t", "t", "t", "t", "t", "t", "t", "t", "t", "t", "t", "t", "t", "t", "t", "t", "t", "t", "t", "t", "t", "t", "t", "t", "t", "t", "t", "t", "t", "t", "t", "t", "t", "t", "t", "t", "t", "t", "t", "t", "t", "t", "t", "t", "t", "t", "t", "t", "t", "t", "t", "t", "t", "t", "t", "t", "t", "t", "t", "t", "t", "t", "t", "t", "t", "t", "t", "t"]}