{"initial_reset_timestamp": 4073.944275671, "timestamps": [4074.002020583, 4074.070732767, 4074.216982088, 4074.268274657, 4074.404993459, 4074.500406491, 4074.674006017, 4074.778600857, 4074.855407471, 4075.045587505, 4075.221735112, 4075.34570184, 4075.462198853, 4075.532461412, 4075.63538096, 4075.699688438, 4075.780675714, 4075.936059787, 4075.980330232, 4076.065870759, 4076.192175629, 4076.322323465, 4076.380854945, 4076.454160628, 4076.584132078, 4076.633435819, 4076.794045882, 4076.854524596, 4076.91198812, 4077.008147745, 4077.158430985, 4077.219804714, 4077.338647216, 4077.388845175, 4077.555343133, 4077.597116812, 4077.690359233, 4077.790897551, 4077.837517075, 4077.883229147, 4077.938797904, 4078.007717916, 4078.120614484, 4078.187797135, 4078.303415869, 4078.366448974, 4078.447751834, 4078.513890137, 4078.744070455, 4078.796553623, 4078.886786856, 4078.978740583, 4079.129733995, 4079.212437871, 4079.310877665, 4079.44613948, 4079.496497539, 4079.584236812, 4079.636743279, 4079.757046051, 4079.788375814, 4079.901805515, 4079.977026238, 4080.008591842, 4080.175216518, 4080.208995998, 4080.251352805, 4080.427759179, 4080.513073576, 4080.690651907, 4080.841003997, 4081.085598056, 4081.304415241, 4081.421948586, 4081.604241793, 4081.69787843, 4081.942877377, 4082.193030759, 4082.310868712, 4082.456203294, 4082.734971445, 4082.819598766, 4083.060229716, 4083.146443145, 4083.258399665, 4083.393306693, 4083.481730477, 4083.542100874, 4083.599291853, 4083.725881581, 4083.759252674, 4083.829280136, 4083.944587897, 4084.025671418, 4084.115429417, 4084.166936016, 4084.198485831, 4084.26718482, 4084.340580089, 4084.460399132], "episode_lengths": [24, 29, 60, 26, 57, 42, 72, 43, 33, 72, 69, 52, 50, 31, 45, 32, 41, 58, 22, 42, 55, 49, 25, 30, 51, 25, 61, 27, 26, 42, 60, 26, 49, 24, 69, 21, 36, 42, 24, 23, 25, 30, 51, 30, 49, 29, 37, 28, 86, 24, 45, 40, 58, 35, 43, 62, 27, 43, 29, 57, 20, 49, 36, 20, 74, 21, 20, 80, 43, 86, 76, 122, 113, 65, 94, 46, 76, 101, 48, 47, 94, 36, 79, 40, 58, 63, 40, 37, 36, 65, 22, 44, 64, 50, 66, 43, 26, 49, 44, 72], "episode_rewards": [-924.0, -929.0, -960.0, -926.0, -957.0, -942.0, -972.0, -943.0, -933.0, -972.0, -969.0, -952.0, -950.0, -931.0, -945.0, -932.0, -941.0, -958.0, -922.0, -942.0, -955.0, -949.0, -925.0, -930.0, -951.0, -925.0, -961.0, -927.0, -926.0, -942.0, -960.0, -926.0, -949.0, -924.0, -969.0, -921.0, -936.0, -942.0, -924.0, -923.0, -925.0, -930.0, -951.0, -930.0, -949.0, -929.0, -937.0, -928.0, -986.0, -924.0, -945.0, -940.0, -958.0, -935.0, -943.0, -962.0, -927.0, -943.0, -929.0, -957.0, -920.0, -949.0, -936.0, -920.0, -974.0, -921.0, -920.0, -980.0, -943.0, -986.0, -976.0, -1022.0, -1013.0, -965.0, -994.0, -946.0, -976.0, -1001.0, -948.0, -947.0, -994.0, -936.0, -979.0, -940.0, -958.0, -963.0, -940.0, -937.0, -936.0, -965.0, -922.0, -944.0, -964.0, -950.0, -966.0, -943.0, -926.0, -949.0, -944.0, -972.0], "episode_types": ["t", "t", "t", "t", "t", "t", "t", "t", "t", "t", "t", "t", "t", "t", "t", "t", "t", "t", "t", "t", "t", "t", "t", "t", "t", "t", "t", "t", "t", "t", "t", "t", "t", "t", "t", "t", "t", "t", "t", "t", "t", "t", "t", "t", "t", "t", "t", "t", "t", "t", "t", "t", "t", "t", "t", "t", "t", "t", "t", "t", "t", "t", "t", "t", "t", "t", "t", "t", "t", "t", "t", "t", "t", "t", "t", "t", "t", "t", "t", "t", "t", "t", "t", "t", "t", "t", "t", "t", "t", "t", "t", "t", "t", "t", "t", "t", "t", "t", "t", "t"]}