{"initial_reset_timestamp": 4195.288780569, "timestamps": [4195.368926698, 4195.482072634, 4195.56059445, 4195.683054497, 4195.899094208, 4195.966974472, 4196.23882541, 4196.398506366, 4196.516247209, 4196.587733406, 4196.72925874, 4196.810307881, 4196.935478655, 4197.01721954, 4197.104704224, 4197.181715162, 4197.325023243, 4197.478983514, 4197.548566475, 4197.663166397, 4197.854265413, 4197.921143287, 4198.009310767, 4198.140725186, 4198.251684671, 4198.418119749, 4198.466803068, 4198.533183764, 4198.582691225, 4198.724749665, 4198.825121738, 4198.95994569, 4199.133776522, 4199.277732765, 4199.326701763, 4199.37086595, 4199.524902445, 4199.648557509, 4199.743728773, 4199.817468992, 4199.929678526, 4199.995351378, 4200.040966492, 4200.130185535, 4200.228023112, 4200.276770936, 4200.309896388, 4200.355092328, 4200.392686411, 4200.481957745, 4200.609190846, 4200.856194172, 4200.933991298, 4201.046227704, 4201.131212385, 4201.326829942, 4201.516520193, 4201.570813874, 4201.775193636, 4201.905351528, 4201.984604456, 4202.045634824, 4202.105785496, 4202.144423989, 4202.303901368, 4202.403454053, 4202.648091984, 4202.72477666, 4202.787673634, 4202.844358981, 4202.990665774, 4203.119548375, 4203.174876268, 4203.265034775, 4203.389897412, 4203.495603489, 4203.674268497, 4203.853652386, 4203.943717644, 4203.970007733, 4204.071907186, 4204.102038207, 4204.174385013, 4204.241793989, 4204.286461625, 4204.370085551, 4204.41338754, 4204.452603349, 4204.50723, 4204.631426863, 4204.670760175, 4204.750763109, 4204.879773633, 4205.002660045, 4205.121783712, 4205.213673902, 4205.431415957, 4205.490798701, 4205.61079955, 4205.661852811], "episode_lengths": [32, 46, 27, 33, 77, 28, 88, 52, 34, 21, 54, 39, 52, 37, 40, 37, 44, 57, 30, 41, 73, 29, 33, 46, 56, 74, 25, 36, 27, 56, 41, 48, 78, 65, 30, 24, 48, 39, 47, 42, 62, 36, 28, 42, 55, 31, 22, 31, 23, 42, 58, 106, 36, 54, 44, 95, 87, 24, 82, 59, 43, 34, 32, 25, 78, 47, 100, 39, 36, 35, 76, 64, 32, 45, 58, 54, 89, 80, 50, 22, 69, 24, 51, 44, 32, 51, 29, 28, 40, 75, 31, 54, 61, 58, 70, 45, 104, 39, 76, 35], "episode_rewards": [-932.0, -946.0, -927.0, -933.0, -977.0, -928.0, -988.0, -952.0, -934.0, -921.0, -954.0, -939.0, -952.0, -937.0, -940.0, -937.0, -944.0, -957.0, -930.0, -941.0, -973.0, -929.0, -933.0, -946.0, -956.0, -974.0, -925.0, -936.0, -927.0, -956.0, -941.0, -948.0, -978.0, -965.0, -930.0, -924.0, -948.0, -939.0, -947.0, -942.0, -962.0, -936.0, -928.0, -942.0, -955.0, -931.0, -922.0, -931.0, -923.0, -942.0, -958.0, -1006.0, -936.0, -954.0, -944.0, -995.0, -987.0, -924.0, -982.0, -959.0, -943.0, -934.0, -932.0, -925.0, -978.0, -947.0, -1000.0, -939.0, -936.0, -935.0, -976.0, -964.0, -932.0, -945.0, -958.0, -954.0, -989.0, -980.0, -950.0, -922.0, -969.0, -924.0, -951.0, -944.0, -932.0, -951.0, -929.0, -928.0, -940.0, -975.0, -931.0, -954.0, -961.0, -958.0, -970.0, -945.0, -1004.0, -939.0, -976.0, -935.0], "episode_types": ["t", "t", "t", "t", "t", "t", "t", "t", "t", "t", "t", "t", "t", "t", "t", "t", "t", "t", "t", "t", "t", "t", "t", "t", "t", "t", "t", "t", "t", "t", "t", "t", "t", "t", "t", "t", "t", "t", "t", "t", "t", "t", "t", "t", "t", "t", "t", "t", "t", "t", "t", "t", "t", "t", "t", "t", "t", "t", "t", "t", "t", "t", "t", "t", "t", "t", "t", "t", "t", "t", "t", "t", "t", "t", "t", "t", "t", "t", "t", "t", "t", "t", "t", "t", "t", "t", "t", "t", "t", "t", "t", "t", "t", "t", "t", "t", "t", "t", "t", "t"]}