{"initial_reset_timestamp": 4241.286982191, "timestamps": [4241.393512781, 4241.596989588, 4241.682364487, 4241.710158998, 4241.790027216, 4241.889375687, 4241.915434301, 4241.975432826, 4242.012516967, 4242.087179782, 4242.137948179, 4242.211978712, 4242.28715759, 4242.32305285, 4242.35425324, 4242.395566243, 4242.460395029, 4242.491196355, 4242.55427572, 4242.655711972, 4242.700076, 4242.741306526, 4242.85509282, 4242.942762795, 4242.994780755, 4243.045159085, 4243.190398122, 4243.269249567, 4243.295513877, 4243.352687214, 4243.479289915, 4243.570026508, 4243.597935897, 4243.65112717, 4243.691986493, 4243.73550797, 4243.932639043, 4244.04262735, 4244.187469645, 4244.30475188, 4244.442594278, 4244.519587167, 4244.6003394, 4244.682353706, 4244.757171456, 4244.858773799, 4244.968405439, 4245.018071688, 4245.140036359, 4245.259294674, 4245.338855799, 4245.434702079, 4245.550315681, 4245.881876766, 4245.982233533, 4246.044650862, 4246.08551476, 4246.199792543, 4246.25408256, 4246.317225142, 4246.49830429, 4246.616430258, 4246.673361404, 4246.716914159, 4246.796416414, 4246.924280694, 4247.060453187, 4247.107244752, 4247.200342853, 4247.404893932, 4247.484184092, 4247.601334446, 4247.735983131, 4247.793234472, 4247.917839046, 4248.152701905, 4248.246326666, 4248.414494344, 4248.50767783, 4248.630401041, 4248.703112106, 4248.883831609, 4249.150290644, 4249.284992419, 4249.34134759, 4249.383660797, 4249.546274099, 4249.625956463, 4249.714613371, 4249.879576104, 4249.982567864, 4250.108367251, 4250.282073236, 4250.382004612, 4250.47388407, 4250.61208204, 4250.846003474, 4250.913332251, 4251.036236427, 4251.082172578], "episode_lengths": [43, 79, 28, 23, 57, 69, 19, 41, 29, 48, 39, 51, 39, 28, 23, 33, 45, 25, 46, 65, 32, 29, 62, 53, 30, 25, 53, 42, 16, 33, 73, 53, 20, 33, 28, 28, 86, 49, 59, 42, 46, 30, 34, 43, 38, 30, 39, 26, 48, 44, 28, 27, 34, 121, 39, 24, 20, 50, 33, 24, 63, 40, 27, 28, 45, 68, 72, 23, 25, 75, 42, 43, 61, 28, 57, 69, 45, 50, 39, 62, 41, 90, 93, 34, 31, 26, 54, 25, 25, 62, 49, 45, 66, 45, 43, 60, 85, 39, 61, 25], "episode_rewards": [-943.0, -979.0, -928.0, -923.0, -957.0, -969.0, -919.0, -941.0, -929.0, -948.0, -939.0, -951.0, -939.0, -928.0, -923.0, -933.0, -945.0, -925.0, -946.0, -965.0, -932.0, -929.0, -962.0, -953.0, -930.0, -925.0, -953.0, -942.0, -916.0, -933.0, -973.0, -953.0, -920.0, -933.0, -928.0, -928.0, -986.0, -949.0, -959.0, -942.0, -946.0, -930.0, -934.0, -943.0, -938.0, -930.0, -939.0, -926.0, -948.0, -944.0, -928.0, -927.0, -934.0, -1021.0, -939.0, -924.0, -920.0, -950.0, -933.0, -924.0, -963.0, -940.0, -927.0, -928.0, -945.0, -968.0, -972.0, -923.0, -925.0, -975.0, -942.0, -943.0, -961.0, -928.0, -957.0, -969.0, -945.0, -950.0, -939.0, -962.0, -941.0, -990.0, -993.0, -934.0, -931.0, -926.0, -954.0, -925.0, -925.0, -962.0, -949.0, -945.0, -966.0, -945.0, -943.0, -960.0, -985.0, -939.0, -961.0, -925.0], "episode_types": ["t", "t", "t", "t", "t", "t", "t", "t", "t", "t", "t", "t", "t", "t", "t", "t", "t", "t", "t", "t", "t", "t", "t", "t", "t", "t", "t", "t", "t", "t", "t", "t", "t", "t", "t", "t", "t", "t", "t", "t", "t", "t", "t", "t", "t", "t", "t", "t", "t", "t", "t", "t", "t", "t", "t", "t", "t", "t", "t", "t", "t", "t", "t", "t", "t", "t", "t", "t", "t", "t", "t", "t", "t", "t", "t", "t", "t", "t", "t", "t", "t", "t", "t", "t", "t", "t", "t", "t", "t", "t", "t", "t", "t", "t", "t", "t", "t", "t", "t", "t"]}