{"initial_reset_timestamp": 4072.55152429, "timestamps": [4072.633582747, 4072.732632201, 4072.836681551, 4072.980991585, 4073.099347318, 4073.167841907, 4073.205687423, 4073.25505944, 4073.329806067, 4073.397839039, 4073.453596019, 4073.539365389, 4073.595703933, 4073.715826169, 4073.790340588, 4073.94820288, 4074.024629391, 4074.094646723, 4074.198013948, 4074.241902959, 4074.318459844, 4074.479236121, 4074.586476944, 4074.71189864, 4074.779853167, 4074.880693835, 4075.029570534, 4075.099957013, 4075.143072495, 4075.226578785, 4075.287470534, 4075.357894024, 4075.565686287, 4075.656952827, 4075.738240316, 4075.934803968, 4075.990317752, 4076.141922582, 4076.2587776, 4076.375481505, 4076.421538085, 4076.492814063, 4076.586577927, 4076.640826581, 4076.688666544, 4076.777205973, 4076.847920685, 4076.896874755, 4076.969835409, 4077.012820493, 4077.076090922, 4077.1834862, 4077.241719116, 4077.399182833, 4077.432338894, 4077.50054553, 4077.553196029, 4077.644552767, 4077.760775411, 4077.865293674, 4077.939522143, 4078.01589335, 4078.1766274, 4078.316701258, 4078.486015515, 4078.743589034, 4078.944186641, 4079.422795787, 4079.648912511, 4079.844037532, 4080.045929564, 4080.213437085, 4080.509970421, 4080.625001537, 4080.68224842, 4080.900560515, 4081.022199009, 4081.074361895, 4081.176726482, 4081.454065995, 4081.614359446, 4081.781423058, 4081.873866511, 4082.047464036, 4082.102127495, 4082.175787206, 4082.240514921, 4082.333782261, 4082.40884726, 4082.56808908, 4082.667081852, 4082.720435057, 4082.798841123, 4082.873374285, 4082.958237321, 4083.16039405, 4083.356153281, 4083.539054899, 4083.788677704, 4083.956334656], "episode_lengths": [28, 29, 64, 49, 44, 39, 24, 31, 43, 40, 26, 30, 28, 65, 44, 72, 38, 34, 47, 25, 36, 72, 50, 57, 33, 48, 63, 32, 21, 39, 31, 35, 90, 33, 27, 77, 24, 53, 25, 33, 22, 31, 45, 32, 24, 44, 37, 28, 40, 24, 34, 49, 31, 69, 20, 36, 30, 46, 51, 50, 38, 38, 69, 64, 76, 108, 72, 161, 74, 52, 58, 58, 95, 51, 29, 62, 36, 22, 31, 64, 49, 48, 45, 48, 28, 35, 32, 39, 37, 73, 56, 33, 44, 42, 41, 97, 64, 60, 71, 68], "episode_rewards": [-928.0, -929.0, -964.0, -949.0, -944.0, -939.0, -924.0, -931.0, -943.0, -940.0, -926.0, -930.0, -928.0, -965.0, -944.0, -972.0, -938.0, -934.0, -947.0, -925.0, -936.0, -972.0, -950.0, -957.0, -933.0, -948.0, -963.0, -932.0, -921.0, -939.0, -931.0, -935.0, -990.0, -933.0, -927.0, -977.0, -924.0, -953.0, -925.0, -933.0, -922.0, -931.0, -945.0, -932.0, -924.0, -944.0, -937.0, -928.0, -940.0, -924.0, -934.0, -949.0, -931.0, -969.0, -920.0, -936.0, -930.0, -946.0, -951.0, -950.0, -938.0, -938.0, -969.0, -964.0, -976.0, -1008.0, -972.0, -1061.0, -974.0, -952.0, -958.0, -958.0, -995.0, -951.0, -929.0, -962.0, -936.0, -922.0, -931.0, -964.0, -949.0, -948.0, -945.0, -948.0, -928.0, -935.0, -932.0, -939.0, -937.0, -973.0, -956.0, -933.0, -944.0, -942.0, -941.0, -997.0, -964.0, -960.0, -971.0, -968.0], "episode_types": ["t", "t", "t", "t", "t", "t", "t", "t", "t", "t", "t", "t", "t", "t", "t", "t", "t", "t", "t", "t", "t", "t", "t", "t", "t", "t", "t", "t", "t", "t", "t", "t", "t", "t", "t", "t", "t", "t", "t", "t", "t", "t", "t", "t", "t", "t", "t", "t", "t", "t", "t", "t", "t", "t", "t", "t", "t", "t", "t", "t", "t", "t", "t", "t", "t", "t", "t", "t", "t", "t", "t", "t", "t", "t", "t", "t", "t", "t", "t", "t", "t", "t", "t", "t", "t", "t", "t", "t", "t", "t", "t", "t", "t", "t", "t", "t", "t", "t", "t", "t"]}