{"initial_reset_timestamp": 4166.084387612, "timestamps": [4166.183829783, 4166.244497651, 4166.327287268, 4166.4279704, 4166.486468406, 4166.574624143, 4166.664476799, 4166.7628269, 4166.90345861, 4166.979011515, 4167.060871787, 4167.183104668, 4167.329621423, 4167.484964014, 4167.54437262, 4167.648536832, 4167.892425158, 4167.994524067, 4168.123502191, 4168.180519425, 4168.273198034, 4168.322469909, 4168.401941594, 4168.754309887, 4168.869619742, 4168.96985539, 4169.0679916, 4169.109776344, 4169.196645969, 4169.267660798, 4169.318065821, 4169.36045824, 4169.394924702, 4169.464722932, 4169.55059551, 4169.586018027, 4169.625811257, 4169.666309907, 4169.767627229, 4169.802265706, 4169.827713469, 4169.871412768, 4169.95166344, 4170.034447972, 4170.120788702, 4170.176549006, 4170.270765323, 4170.419711732, 4170.476132563, 4170.615466145, 4170.851086704, 4171.041170984, 4171.134189864, 4171.208686539, 4171.32130153, 4171.379879009, 4171.539235739, 4171.608455666, 4171.760655018, 4171.872067897, 4171.952672196, 4171.991475585, 4172.174366788, 4172.301628289, 4172.356267196, 4172.576099891, 4172.653239242, 4172.774336176, 4172.887806933, 4172.974404642, 4173.262742468, 4173.400633612, 4173.550682159, 4173.637526237, 4173.700552686, 4173.851486927, 4174.150749991, 4174.34980301, 4174.595922345, 4174.65282487, 4174.825903866, 4174.96153618, 4175.057191755, 4175.325880963, 4175.547994622, 4175.631066981, 4175.838897626, 4175.907521728, 4176.234829157, 4176.353499223, 4176.640639888, 4176.853315276, 4176.967015131, 4177.147759639, 4177.297259653, 4177.42006662, 4177.509423179, 4177.656489254, 4177.923538789, 4178.028133487], "episode_lengths": [59, 39, 43, 59, 38, 40, 36, 37, 43, 23, 31, 39, 46, 36, 31, 35, 71, 31, 67, 27, 49, 22, 20, 69, 32, 51, 47, 32, 40, 33, 38, 30, 23, 47, 55, 26, 30, 30, 60, 27, 18, 26, 53, 43, 52, 31, 56, 64, 27, 63, 102, 84, 44, 37, 39, 30, 58, 32, 51, 40, 38, 22, 75, 62, 25, 75, 25, 26, 35, 25, 77, 44, 55, 36, 28, 46, 83, 74, 87, 24, 46, 41, 28, 47, 41, 23, 72, 30, 123, 49, 104, 86, 47, 80, 71, 56, 31, 40, 81, 36], "episode_rewards": [-959.0, -939.0, -943.0, -959.0, -938.0, -940.0, -936.0, -937.0, -943.0, -923.0, -931.0, -939.0, -946.0, -936.0, -931.0, -935.0, -971.0, -931.0, -967.0, -927.0, -949.0, -922.0, -920.0, -969.0, -932.0, -951.0, -947.0, -932.0, -940.0, -933.0, -938.0, -930.0, -923.0, -947.0, -955.0, -926.0, -930.0, -930.0, -960.0, -927.0, -918.0, -926.0, -953.0, -943.0, -952.0, -931.0, -956.0, -964.0, -927.0, -963.0, -1002.0, -984.0, -944.0, -937.0, -939.0, -930.0, -958.0, -932.0, -951.0, -940.0, -938.0, -922.0, -975.0, -962.0, -925.0, -975.0, -925.0, -926.0, -935.0, -925.0, -977.0, -944.0, -955.0, -936.0, -928.0, -946.0, -983.0, -974.0, -987.0, -924.0, -946.0, -941.0, -928.0, -947.0, -941.0, -923.0, -972.0, -930.0, -1023.0, -949.0, -1004.0, -986.0, -947.0, -980.0, -971.0, -956.0, -931.0, -940.0, -981.0, -936.0], "episode_types": ["t", "t", "t", "t", "t", "t", "t", "t", "t", "t", "t", "t", "t", "t", "t", "t", "t", "t", "t", "t", "t", "t", "t", "t", "t", "t", "t", "t", "t", "t", "t", "t", "t", "t", "t", "t", "t", "t", "t", "t", "t", "t", "t", "t", "t", "t", "t", "t", "t", "t", "t", "t", "t", "t", "t", "t", "t", "t", "t", "t", "t", "t", "t", "t", "t", "t", "t", "t", "t", "t", "t", "t", "t", "t", "t", "t", "t", "t", "t", "t", "t", "t", "t", "t", "t", "t", "t", "t", "t", "t", "t", "t", "t", "t", "t", "t", "t", "t", "t", "t"]}