{"initial_reset_timestamp": 7769.755639831, "timestamps": [7769.810339769, 7769.837712681, 7769.851610793, 7769.86537905, 7769.88584647, 7769.928967745, 7769.950720429, 7769.975448048, 7770.00492889, 7770.040229691, 7770.067414824, 7770.085385277, 7770.110737398, 7770.171570796, 7770.18976286, 7770.259685344, 7770.281730063, 7770.305595445, 7770.318710391, 7770.346045622, 7770.399813341, 7770.42990892, 7770.456229959, 7770.471824487, 7770.489957594, 7770.510023287, 7770.545204272, 7770.579325183, 7770.611470274, 7770.639009566, 7770.674602335, 7770.719411799, 7770.78814896, 7770.816254154, 7770.843213792, 7770.879037068, 7770.897231933, 7770.940008436, 7770.975388553, 7771.00099144, 7771.04592502, 7771.062054483, 7771.081526796, 7771.162139716, 7771.178356226, 7771.214996723, 7771.227958054, 7771.264454795, 7771.280172427, 7771.31909133, 7771.354762174, 7771.398522121, 7771.454009782, 7771.482594809, 7771.539852299, 7771.563273928, 7771.596275317, 7771.619403119, 7771.664200056, 7771.70288348, 7771.744443866, 7771.815510132, 7771.834693028, 7771.874936292, 7771.912608935, 7771.944353714, 7771.974094816, 7772.026464899, 7772.056535051, 7772.091635642, 7772.155737353, 7772.173664138, 7772.200886098, 7772.221022997, 7772.286452542, 7772.297022819, 7772.3217047, 7772.338877081, 7772.408838842, 7772.44020662, 7772.456846205, 7772.508833557, 7772.566667164, 7772.624945013, 7772.663603303, 7772.734724091, 7772.764751847, 7772.781782793, 7772.818291493, 7772.864884677, 7772.923086478, 7772.972417266, 7773.016674698, 7773.069592225, 7773.08272633, 7773.130766758, 7773.159063291, 7773.213779881, 7773.228355877, 7773.243162412], "episode_lengths": [65, 37, 20, 20, 28, 54, 30, 34, 39, 44, 35, 25, 34, 73, 26, 83, 30, 33, 19, 36, 66, 39, 35, 22, 26, 28, 45, 44, 42, 37, 46, 57, 84, 38, 36, 45, 26, 55, 46, 34, 55, 23, 27, 89, 23, 46, 19, 47, 22, 46, 46, 55, 68, 37, 69, 32, 41, 32, 56, 49, 51, 85, 25, 51, 48, 42, 39, 65, 39, 44, 77, 25, 37, 27, 77, 16, 34, 24, 83, 41, 23, 63, 69, 70, 50, 86, 41, 25, 47, 60, 73, 63, 57, 64, 19, 54, 37, 66, 21, 21], "episode_rewards": [-965.0, -937.0, -920.0, -920.0, -928.0, -954.0, -930.0, -934.0, -939.0, -944.0, -935.0, -925.0, -934.0, -973.0, -926.0, -983.0, -930.0, -933.0, -919.0, -936.0, -966.0, -939.0, -935.0, -922.0, -926.0, -928.0, -945.0, -944.0, -942.0, -937.0, -946.0, -957.0, -984.0, -938.0, -936.0, -945.0, -926.0, -955.0, -946.0, -934.0, -955.0, -923.0, -927.0, -989.0, -923.0, -946.0, -919.0, -947.0, -922.0, -946.0, -946.0, -955.0, -968.0, -937.0, -969.0, -932.0, -941.0, -932.0, -956.0, -949.0, -951.0, -985.0, -925.0, -951.0, -948.0, -942.0, -939.0, -965.0, -939.0, -944.0, -977.0, -925.0, -937.0, -927.0, -977.0, -916.0, -934.0, -924.0, -983.0, -941.0, -923.0, -963.0, -969.0, -970.0, -950.0, -986.0, -941.0, -925.0, -947.0, -960.0, -973.0, -963.0, -957.0, -964.0, -919.0, -954.0, -937.0, -966.0, -921.0, -921.0], "episode_types": ["t", "t", "t", "t", "t", "t", "t", "t", "t", "t", "t", "t", "t", "t", "t", "t", "t", "t", "t", "t", "t", "t", "t", "t", "t", "t", "t", "t", "t", "t", "t", "t", "t", "t", "t", "t", "t", "t", "t", "t", "t", "t", "t", "t", "t", "t", "t", "t", "t", "t", "t", "t", "t", "t", "t", "t", "t", "t", "t", "t", "t", "t", "t", "t", "t", "t", "t", "t", "t", "t", "t", "t", "t", "t", "t", "t", "t", "t", "t", "t", "t", "t", "t", "t", "t", "t", "t", "t", "t", "t", "t", "t", "t", "t", "t", "t", "t", "t", "t", "t"]}