{"initial_reset_timestamp": 4298.485993865, "timestamps": [4298.519924276, 4298.563997576, 4298.590160303, 4298.613314267, 4298.639958906, 4298.671690905, 4298.715740801, 4298.755175177, 4298.782855796, 4298.797677346, 4298.817705608, 4298.867264655, 4298.892226752, 4298.933848228, 4298.952588449, 4298.97113706, 4299.024113436, 4299.067685913, 4299.096062912, 4299.125880365, 4299.176482984, 4299.201813544, 4299.249855952, 4299.267317009, 4299.289216747, 4299.310209661, 4299.37709119, 4299.406813433, 4299.42729419, 4299.448593097, 4299.488918042, 4299.522558043, 4299.558510601, 4299.578950292, 4299.618730054, 4299.65926993, 4299.702703192, 4299.718552264, 4299.761393518, 4299.803928097, 4299.839419409, 4299.862372755, 4299.881570561, 4299.901327976, 4299.924611201, 4299.989439232, 4300.01368045, 4300.031021912, 4300.056498078, 4300.078832285, 4300.097420641, 4300.153692707, 4300.187569573, 4300.213906046, 4300.242824035, 4300.277838675, 4300.290947101, 4300.320697663, 4300.350508576, 4300.363898827, 4300.440151969, 4300.45750534, 4300.504256407, 4300.518145227, 4300.553936181, 4300.597212834, 4300.656472347, 4300.718660156, 4300.778290277, 4300.79522734, 4300.814324729, 4300.838816936, 4300.86045873, 4300.891334823, 4300.915316374, 4300.938335633, 4300.995264111, 4301.049627889, 4301.083889126, 4301.125200729, 4301.139068253, 4301.207386445, 4301.226956041, 4301.268227825, 4301.302292336, 4301.318557183, 4301.337459143, 4301.4136518, 4301.484109146, 4301.520990899, 4301.581732704, 4301.618849759, 4301.702339308, 4301.74357701, 4301.802556259, 4301.848395933, 4301.895170944, 4301.924130349, 4301.98577695, 4302.097789519], "episode_lengths": [41, 55, 36, 32, 36, 42, 56, 50, 38, 22, 29, 62, 35, 52, 27, 26, 66, 55, 38, 39, 63, 35, 60, 25, 30, 29, 81, 39, 29, 30, 51, 44, 47, 29, 51, 52, 55, 23, 53, 54, 45, 32, 27, 28, 33, 80, 34, 25, 35, 31, 27, 70, 45, 36, 39, 45, 20, 39, 39, 20, 91, 25, 58, 20, 47, 54, 71, 76, 72, 24, 27, 33, 30, 40, 33, 31, 70, 67, 44, 51, 20, 83, 28, 52, 43, 23, 27, 91, 85, 47, 73, 47, 86, 50, 73, 58, 59, 38, 76, 131], "episode_rewards": [-941.0, -955.0, -936.0, -932.0, -936.0, -942.0, -956.0, -950.0, -938.0, -922.0, -929.0, -962.0, -935.0, -952.0, -927.0, -926.0, -966.0, -955.0, -938.0, -939.0, -963.0, -935.0, -960.0, -925.0, -930.0, -929.0, -981.0, -939.0, -929.0, -930.0, -951.0, -944.0, -947.0, -929.0, -951.0, -952.0, -955.0, -923.0, -953.0, -954.0, -945.0, -932.0, -927.0, -928.0, -933.0, -980.0, -934.0, -925.0, -935.0, -931.0, -927.0, -970.0, -945.0, -936.0, -939.0, -945.0, -920.0, -939.0, -939.0, -920.0, -991.0, -925.0, -958.0, -920.0, -947.0, -954.0, -971.0, -976.0, -972.0, -924.0, -927.0, -933.0, -930.0, -940.0, -933.0, -931.0, -970.0, -967.0, -944.0, -951.0, -920.0, -983.0, -928.0, -952.0, -943.0, -923.0, -927.0, -991.0, -985.0, -947.0, -973.0, -947.0, -986.0, -950.0, -973.0, -958.0, -959.0, -938.0, -976.0, -1031.0], "episode_types": ["t", "t", "t", "t", "t", "t", "t", "t", "t", "t", "t", "t", "t", "t", "t", "t", "t", "t", "t", "t", "t", "t", "t", "t", "t", "t", "t", "t", "t", "t", "t", "t", "t", "t", "t", "t", "t", "t", "t", "t", "t", "t", "t", "t", "t", "t", "t", "t", "t", "t", "t", "t", "t", "t", "t", "t", "t", "t", "t", "t", "t", "t", "t", "t", "t", "t", "t", "t", "t", "t", "t", "t", "t", "t", "t", "t", "t", "t", "t", "t", "t", "t", "t", "t", "t", "t", "t", "t", "t", "t", "t", "t", "t", "t", "t", "t", "t", "t", "t", "t"]}