{"initial_reset_timestamp": 4024.914155349, "timestamps": [4024.98805922, 4025.024331695, 4025.123511804, 4025.217084986, 4025.27077233, 4025.325449903, 4025.383457, 4025.495549206, 4025.530043054, 4025.5999878, 4025.642820075, 4025.682986977, 4025.820754783, 4026.001084886, 4026.131838492, 4026.388213301, 4026.576571857, 4026.684758377, 4026.829868187, 4026.918822735, 4027.158428662, 4027.254621226, 4027.300361059, 4027.422640052, 4027.562225247, 4027.637261713, 4027.702980382, 4027.808409455, 4027.871506445, 4027.922641537, 4027.972228296, 4028.130520818, 4028.25912286, 4028.361851856, 4028.477492868, 4028.616532264, 4028.801755992, 4028.937527099, 4029.073746174, 4029.132446478, 4029.202464363, 4029.271390264, 4029.390868567, 4029.449049035, 4029.569217255, 4029.617261972, 4029.673521734, 4029.840931808, 4029.976068406, 4030.124283233, 4030.239535874, 4030.378682338, 4030.508123543, 4030.649633181, 4030.700793214, 4030.904518503, 4030.996864886, 4031.110976545, 4031.219172844, 4031.388882049, 4031.445156586, 4031.607860909, 4031.753860045, 4031.902727826, 4032.16730256, 4032.447888503, 4032.610865054, 4032.659378231, 4032.856583509, 4033.205503374, 4033.282313214, 4033.378554789, 4033.459343801, 4033.702262392, 4033.972275504, 4034.104070143, 4034.299497726, 4034.426273267, 4034.625623241, 4034.75738379, 4035.053443461, 4035.151741718, 4035.29601467, 4035.373594661, 4035.403285261, 4035.59910332, 4035.750719859, 4035.879938885, 4035.958514803, 4036.169813257, 4036.366443431, 4036.457344184, 4036.658362384, 4036.795350821, 4036.892838884, 4036.979346567, 4037.148890199, 4037.380934579, 4037.426172943, 4037.502255828], "episode_lengths": [38, 19, 58, 51, 31, 35, 25, 54, 22, 37, 25, 21, 53, 67, 45, 90, 57, 42, 55, 37, 86, 36, 20, 47, 52, 32, 27, 41, 28, 22, 22, 59, 48, 41, 45, 50, 69, 54, 49, 24, 30, 30, 46, 25, 47, 22, 25, 63, 53, 57, 45, 53, 51, 53, 23, 75, 38, 45, 43, 65, 24, 61, 56, 57, 97, 97, 62, 24, 81, 85, 30, 50, 23, 66, 76, 67, 95, 65, 48, 37, 69, 36, 55, 29, 21, 80, 58, 43, 25, 87, 85, 43, 78, 80, 48, 37, 95, 88, 33, 22], "episode_rewards": [-938.0, -919.0, -958.0, -951.0, -931.0, -935.0, -925.0, -954.0, -922.0, -937.0, -925.0, -921.0, -953.0, -967.0, -945.0, -990.0, -957.0, -942.0, -955.0, -937.0, -986.0, -936.0, -920.0, -947.0, -952.0, -932.0, -927.0, -941.0, -928.0, -922.0, -922.0, -959.0, -948.0, -941.0, -945.0, -950.0, -969.0, -954.0, -949.0, -924.0, -930.0, -930.0, -946.0, -925.0, -947.0, -922.0, -925.0, -963.0, -953.0, -957.0, -945.0, -953.0, -951.0, -953.0, -923.0, -975.0, -938.0, -945.0, -943.0, -965.0, -924.0, -961.0, -956.0, -957.0, -997.0, -997.0, -962.0, -924.0, -981.0, -985.0, -930.0, -950.0, -923.0, -966.0, -976.0, -967.0, -995.0, -965.0, -948.0, -937.0, -969.0, -936.0, -955.0, -929.0, -921.0, -980.0, -958.0, -943.0, -925.0, -987.0, -985.0, -943.0, -978.0, -980.0, -948.0, -937.0, -995.0, -988.0, -933.0, -922.0], "episode_types": ["t", "t", "t", "t", "t", "t", "t", "t", "t", "t", "t", "t", "t", "t", "t", "t", "t", "t", "t", "t", "t", "t", "t", "t", "t", "t", "t", "t", "t", "t", "t", "t", "t", "t", "t", "t", "t", "t", "t", "t", "t", "t", "t", "t", "t", "t", "t", "t", "t", "t", "t", "t", "t", "t", "t", "t", "t", "t", "t", "t", "t", "t", "t", "t", "t", "t", "t", "t", "t", "t", "t", "t", "t", "t", "t", "t", "t", "t", "t", "t", "t", "t", "t", "t", "t", "t", "t", "t", "t", "t", "t", "t", "t", "t", "t", "t", "t", "t", "t", "t"]}