{"initial_reset_timestamp": 4210.86632829, "timestamps": [4210.90757068, 4210.984397012, 4211.188761843, 4211.243767784, 4211.315661428, 4211.342516559, 4211.367218865, 4211.405182475, 4211.605967425, 4211.674369978, 4211.704596213, 4211.878492914, 4211.952501373, 4212.091075035, 4212.149019541, 4212.31902673, 4212.56452338, 4212.621878985, 4212.708113567, 4212.75968284, 4212.909215979, 4213.067911618, 4213.13572374, 4213.351647494, 4213.466516355, 4213.577873772, 4213.648677125, 4213.795562136, 4213.847741249, 4213.9505996, 4213.988827309, 4214.024812703, 4214.07462914, 4214.206906496, 4214.375890068, 4214.435704819, 4214.53315024, 4214.713245935, 4214.763333953, 4214.904853417, 4215.122508237, 4215.179133923, 4215.252299524, 4215.446725808, 4215.711655812, 4215.798558648, 4215.903007168, 4216.010579234, 4216.250692114, 4216.32888347, 4216.407372499, 4216.502385403, 4216.680974938, 4217.011405404, 4217.147618994, 4217.189611734, 4217.297335492, 4217.44332868, 4217.504231851, 4217.658000963, 4217.709658492, 4217.792672232, 4217.919082906, 4218.007363666, 4218.178045573, 4218.221568571, 4218.330798588, 4218.394809827, 4218.428585874, 4218.655659569, 4218.873258851, 4219.059866343, 4219.238996965, 4219.291407727, 4219.374818793, 4219.492505807, 4219.554541446, 4219.690247058, 4219.78374281, 4219.895669654, 4220.178089569, 4220.347577647, 4220.435422717, 4220.633023805, 4220.775869532, 4220.900167166, 4221.061775396, 4221.158042901, 4221.300714453, 4221.394688786, 4221.492359176, 4221.618095736, 4221.724255384, 4221.886813402, 4221.995547167, 4222.106307837, 4222.174451513, 4222.327633035, 4222.382907381, 4222.480306337], "episode_lengths": [25, 46, 58, 37, 47, 21, 18, 25, 70, 47, 21, 48, 26, 47, 19, 42, 46, 32, 30, 25, 50, 48, 21, 54, 35, 28, 21, 50, 40, 44, 21, 17, 34, 62, 40, 37, 57, 64, 36, 29, 61, 20, 27, 56, 52, 26, 44, 31, 65, 25, 30, 30, 62, 114, 50, 25, 47, 50, 30, 64, 29, 40, 58, 42, 71, 20, 43, 33, 21, 66, 53, 56, 60, 30, 43, 59, 28, 55, 45, 44, 108, 63, 35, 74, 55, 49, 43, 40, 65, 43, 45, 50, 49, 71, 53, 54, 37, 71, 28, 51], "episode_rewards": [-925.0, -946.0, -958.0, -937.0, -947.0, -921.0, -918.0, -925.0, -970.0, -947.0, -921.0, -948.0, -926.0, -947.0, -919.0, -942.0, -946.0, -932.0, -930.0, -925.0, -950.0, -948.0, -921.0, -954.0, -935.0, -928.0, -921.0, -950.0, -940.0, -944.0, -921.0, -917.0, -934.0, -962.0, -940.0, -937.0, -957.0, -964.0, -936.0, -929.0, -961.0, -920.0, -927.0, -956.0, -952.0, -926.0, -944.0, -931.0, -965.0, -925.0, -930.0, -930.0, -962.0, -1014.0, -950.0, -925.0, -947.0, -950.0, -930.0, -964.0, -929.0, -940.0, -958.0, -942.0, -971.0, -920.0, -943.0, -933.0, -921.0, -966.0, -953.0, -956.0, -960.0, -930.0, -943.0, -959.0, -928.0, -955.0, -945.0, -944.0, -1008.0, -963.0, -935.0, -974.0, -955.0, -949.0, -943.0, -940.0, -965.0, -943.0, -945.0, -950.0, -949.0, -971.0, -953.0, -954.0, -937.0, -971.0, -928.0, -951.0], "episode_types": ["t", "t", "t", "t", "t", "t", "t", "t", "t", "t", "t", "t", "t", "t", "t", "t", "t", "t", "t", "t", "t", "t", "t", "t", "t", "t", "t", "t", "t", "t", "t", "t", "t", "t", "t", "t", "t", "t", "t", "t", "t", "t", "t", "t", "t", "t", "t", "t", "t", "t", "t", "t", "t", "t", "t", "t", "t", "t", "t", "t", "t", "t", "t", "t", "t", "t", "t", "t", "t", "t", "t", "t", "t", "t", "t", "t", "t", "t", "t", "t", "t", "t", "t", "t", "t", "t", "t", "t", "t", "t", "t", "t", "t", "t", "t", "t", "t", "t", "t", "t"]}