{"initial_reset_timestamp": 4252.731945249, "timestamps": [4252.83447248, 4252.937490146, 4253.008224902, 4253.079312761, 4253.150948106, 4253.318843291, 4253.383007174, 4253.485520816, 4253.618960858, 4253.714059345, 4253.872652351, 4253.96230889, 4254.039976749, 4254.066573697, 4254.125373831, 4254.190895509, 4254.27150244, 4254.354858558, 4254.400013642, 4254.591391766, 4254.670499989, 4254.84571325, 4254.918460869, 4255.030059236, 4255.070188554, 4255.35395199, 4255.478316636, 4255.650512141, 4255.79066608, 4255.898989116, 4255.951446056, 4256.014604625, 4256.091412397, 4256.201801676, 4256.265771155, 4256.424820772, 4256.525149984, 4256.695808463, 4257.018410781, 4257.075286386, 4257.278499288, 4257.341056236, 4257.507691666, 4257.585935756, 4257.663751096, 4257.744050357, 4257.940558891, 4258.146932182, 4258.255899841, 4258.394204385, 4258.542016092, 4258.68864493, 4258.723481991, 4258.787444368, 4258.879355912, 4259.077606817, 4259.394303796, 4259.423664491, 4259.44807971, 4259.565647848, 4259.611210214, 4259.678687773, 4259.76023999, 4259.874134385, 4259.934999571, 4260.053836529, 4260.158642534, 4260.203752218, 4260.286880627, 4260.40966567, 4260.563726811, 4260.726565235, 4260.833042344, 4260.902489247, 4260.943261324, 4260.971633263, 4261.296514764, 4261.329854462, 4261.399488893, 4261.795600921, 4261.887836381, 4262.035554619, 4262.381409969, 4262.591767341, 4262.70460139, 4262.899391739, 4263.035321635, 4263.149496453, 4263.241242146, 4263.29090329, 4263.376128176, 4263.586955732, 4263.63929117, 4263.863059776, 4264.114174335, 4264.400640172, 4264.605328027, 4264.792658719, 4265.023939263, 4265.232930272], "episode_lengths": [45, 32, 27, 29, 24, 50, 29, 37, 31, 29, 33, 37, 23, 17, 23, 27, 28, 33, 29, 55, 38, 53, 29, 32, 17, 56, 40, 73, 48, 38, 19, 37, 27, 31, 31, 63, 52, 43, 67, 20, 67, 22, 51, 22, 21, 17, 55, 41, 54, 55, 35, 38, 26, 43, 44, 57, 90, 22, 19, 63, 32, 45, 42, 44, 33, 42, 42, 27, 50, 57, 37, 44, 57, 49, 31, 23, 134, 27, 28, 91, 23, 58, 93, 76, 28, 55, 47, 53, 36, 28, 25, 70, 24, 101, 89, 109, 64, 77, 88, 75], "episode_rewards": [-945.0, -932.0, -927.0, -929.0, -924.0, -950.0, -929.0, -937.0, -931.0, -929.0, -933.0, -937.0, -923.0, -917.0, -923.0, -927.0, -928.0, -933.0, -929.0, -955.0, -938.0, -953.0, -929.0, -932.0, -917.0, -956.0, -940.0, -973.0, -948.0, -938.0, -919.0, -937.0, -927.0, -931.0, -931.0, -963.0, -952.0, -943.0, -967.0, -920.0, -967.0, -922.0, -951.0, -922.0, -921.0, -917.0, -955.0, -941.0, -954.0, -955.0, -935.0, -938.0, -926.0, -943.0, -944.0, -957.0, -990.0, -922.0, -919.0, -963.0, -932.0, -945.0, -942.0, -944.0, -933.0, -942.0, -942.0, -927.0, -950.0, -957.0, -937.0, -944.0, -957.0, -949.0, -931.0, -923.0, -1034.0, -927.0, -928.0, -991.0, -923.0, -958.0, -993.0, -976.0, -928.0, -955.0, -947.0, -953.0, -936.0, -928.0, -925.0, -970.0, -924.0, -1001.0, -989.0, -1009.0, -964.0, -977.0, -988.0, -975.0], "episode_types": ["t", "t", "t", "t", "t", "t", "t", "t", "t", "t", "t", "t", "t", "t", "t", "t", "t", "t", "t", "t", "t", "t", "t", "t", "t", "t", "t", "t", "t", "t", "t", "t", "t", "t", "t", "t", "t", "t", "t", "t", "t", "t", "t", "t", "t", "t", "t", "t", "t", "t", "t", "t", "t", "t", "t", "t", "t", "t", "t", "t", "t", "t", "t", "t", "t", "t", "t", "t", "t", "t", "t", "t", "t", "t", "t", "t", "t", "t", "t", "t", "t", "t", "t", "t", "t", "t", "t", "t", "t", "t", "t", "t", "t", "t", "t", "t", "t", "t", "t", "t"]}