{"initial_reset_timestamp": 4141.568741489, "timestamps": [4141.631056821, 4141.692225837, 4141.7776383, 4141.819794303, 4141.862029227, 4141.936133227, 4142.09498403, 4142.237446638, 4142.281579119, 4142.339489416, 4142.389124359, 4142.55217695, 4142.709983653, 4142.849139989, 4142.988590969, 4143.034913408, 4143.145082185, 4143.273634735, 4143.5057233, 4143.620828861, 4143.72955992, 4143.847205593, 4144.293817063, 4144.341615219, 4144.492272023, 4144.651743988, 4144.778809013, 4144.844893718, 4145.165550378, 4145.272078162, 4145.453213481, 4145.542225211, 4145.626695861, 4145.823555033, 4146.094727484, 4146.136617055, 4146.303985534, 4146.432864888, 4146.47641085, 4146.521325203, 4146.565251152, 4146.646073555, 4146.709890372, 4146.756644653, 4146.890190311, 4146.963135317, 4147.145350672, 4147.339269596, 4147.438111414, 4147.539825157, 4147.653481678, 4147.732941706, 4147.83157366, 4147.902601483, 4148.005966704, 4148.10579677, 4148.2240439, 4148.298532244, 4148.375494963, 4148.51212661, 4148.579201472, 4148.651802394, 4149.025742428, 4149.169631926, 4149.292528112, 4149.434139189, 4149.508474086, 4149.644198714, 4149.909830358, 4149.972382425, 4150.3343895, 4150.565776473, 4150.689572015, 4150.884472481, 4151.033225922, 4151.197700726, 4151.294237712, 4151.485908475, 4151.651871314, 4151.802431409, 4152.030377727, 4152.197084147, 4152.346688899, 4152.529616287, 4152.746114171, 4152.875618252, 4152.931049476, 4153.017001064, 4153.075553464, 4153.252195417, 4153.396965405, 4153.462362671, 4153.603968358, 4153.715387655, 4153.843212682, 4153.948702843, 4154.073297135, 4154.12787055, 4154.180797053, 4154.2652979], "episode_lengths": [34, 36, 26, 24, 21, 31, 48, 54, 21, 23, 28, 53, 61, 46, 40, 30, 64, 46, 100, 43, 33, 25, 81, 15, 27, 52, 56, 22, 88, 31, 60, 25, 39, 44, 93, 24, 86, 61, 28, 30, 26, 45, 36, 27, 66, 44, 92, 58, 27, 48, 57, 28, 39, 23, 42, 38, 32, 29, 28, 56, 32, 34, 110, 34, 39, 40, 23, 45, 66, 25, 102, 99, 55, 80, 66, 73, 41, 85, 73, 58, 63, 51, 55, 68, 64, 42, 22, 34, 21, 60, 52, 30, 57, 48, 52, 43, 52, 27, 28, 43], "episode_rewards": [-934.0, -936.0, -926.0, -924.0, -921.0, -931.0, -948.0, -954.0, -921.0, -923.0, -928.0, -953.0, -961.0, -946.0, -940.0, -930.0, -964.0, -946.0, -1000.0, -943.0, -933.0, -925.0, -981.0, -915.0, -927.0, -952.0, -956.0, -922.0, -988.0, -931.0, -960.0, -925.0, -939.0, -944.0, -993.0, -924.0, -986.0, -961.0, -928.0, -930.0, -926.0, -945.0, -936.0, -927.0, -966.0, -944.0, -992.0, -958.0, -927.0, -948.0, -957.0, -928.0, -939.0, -923.0, -942.0, -938.0, -932.0, -929.0, -928.0, -956.0, -932.0, -934.0, -1010.0, -934.0, -939.0, -940.0, -923.0, -945.0, -966.0, -925.0, -1002.0, -999.0, -955.0, -980.0, -966.0, -973.0, -941.0, -985.0, -973.0, -958.0, -963.0, -951.0, -955.0, -968.0, -964.0, -942.0, -922.0, -934.0, -921.0, -960.0, -952.0, -930.0, -957.0, -948.0, -952.0, -943.0, -952.0, -927.0, -928.0, -943.0], "episode_types": ["t", "t", "t", "t", "t", "t", "t", "t", "t", "t", "t", "t", "t", "t", "t", "t", "t", "t", "t", "t", "t", "t", "t", "t", "t", "t", "t", "t", "t", "t", "t", "t", "t", "t", "t", "t", "t", "t", "t", "t", "t", "t", "t", "t", "t", "t", "t", "t", "t", "t", "t", "t", "t", "t", "t", "t", "t", "t", "t", "t", "t", "t", "t", "t", "t", "t", "t", "t", "t", "t", "t", "t", "t", "t", "t", "t", "t", "t", "t", "t", "t", "t", "t", "t", "t", "t", "t", "t", "t", "t", "t", "t", "t", "t", "t", "t", "t", "t", "t", "t"]}