{"initial_reset_timestamp": 4170.461746546, "timestamps": [4170.564123538, 4170.638423633, 4170.861700103, 4170.932889011, 4171.031631399, 4171.198383182, 4171.431551707, 4171.504712869, 4171.606682919, 4171.688750591, 4171.884119822, 4172.01637912, 4172.132248513, 4172.404179321, 4172.522980885, 4172.57083096, 4172.624205788, 4172.679234225, 4172.78138155, 4172.829132232, 4172.944566895, 4173.037372797, 4173.079817484, 4173.164990811, 4173.207178084, 4173.263969076, 4173.402000966, 4173.641766615, 4173.834766877, 4173.926739993, 4173.978681996, 4174.023826241, 4174.093548823, 4174.19225615, 4174.321168275, 4174.375313187, 4174.442874341, 4174.526857148, 4174.671022023, 4174.752943955, 4174.864513629, 4174.921802408, 4175.01171319, 4175.121214568, 4175.175177835, 4175.246531702, 4175.378274532, 4175.452135878, 4175.55699125, 4175.629777959, 4175.749628826, 4175.849598238, 4176.029803176, 4176.151502195, 4176.308300753, 4176.35338243, 4176.447084865, 4176.799964743, 4177.080938842, 4177.161562699, 4177.192475739, 4177.245541279, 4177.45082284, 4177.550602115, 4177.590629606, 4177.679837701, 4177.846360608, 4178.009669528, 4178.325976831, 4178.515680735, 4178.628233438, 4178.875456752, 4179.225099395, 4179.336087806, 4179.548491592, 4179.631347769, 4179.957258964, 4180.322908882, 4180.540812146, 4180.710551567, 4181.024246845, 4181.178052879, 4181.303474155, 4181.386921424, 4181.478322164, 4181.580055992, 4181.606891653, 4181.695812245, 4181.782239427, 4181.96151787, 4182.131393442, 4182.211433592, 4182.301322831, 4182.438846737, 4182.742415994, 4182.938930679, 4183.026651837, 4183.182392072, 4183.240022229, 4183.503924295], "episode_lengths": [29, 20, 58, 24, 30, 43, 64, 20, 33, 26, 48, 40, 47, 86, 53, 25, 27, 29, 52, 25, 51, 42, 25, 43, 23, 31, 60, 89, 83, 47, 29, 24, 36, 37, 32, 33, 31, 39, 57, 32, 51, 29, 44, 55, 25, 37, 59, 36, 46, 30, 43, 39, 66, 45, 59, 22, 43, 81, 79, 33, 16, 23, 56, 46, 25, 50, 80, 70, 130, 59, 44, 64, 102, 31, 47, 36, 103, 102, 66, 67, 104, 55, 39, 46, 43, 51, 23, 47, 49, 41, 58, 28, 26, 44, 60, 62, 27, 29, 22, 67], "episode_rewards": [-929.0, -920.0, -958.0, -924.0, -930.0, -943.0, -964.0, -920.0, -933.0, -926.0, -948.0, -940.0, -947.0, -986.0, -953.0, -925.0, -927.0, -929.0, -952.0, -925.0, -951.0, -942.0, -925.0, -943.0, -923.0, -931.0, -960.0, -989.0, -983.0, -947.0, -929.0, -924.0, -936.0, -937.0, -932.0, -933.0, -931.0, -939.0, -957.0, -932.0, -951.0, -929.0, -944.0, -955.0, -925.0, -937.0, -959.0, -936.0, -946.0, -930.0, -943.0, -939.0, -966.0, -945.0, -959.0, -922.0, -943.0, -981.0, -979.0, -933.0, -916.0, -923.0, -956.0, -946.0, -925.0, -950.0, -980.0, -970.0, -1030.0, -959.0, -944.0, -964.0, -1002.0, -931.0, -947.0, -936.0, -1003.0, -1002.0, -966.0, -967.0, -1004.0, -955.0, -939.0, -946.0, -943.0, -951.0, -923.0, -947.0, -949.0, -941.0, -958.0, -928.0, -926.0, -944.0, -960.0, -962.0, -927.0, -929.0, -922.0, -967.0], "episode_types": ["t", "t", "t", "t", "t", "t", "t", "t", "t", "t", "t", "t", "t", "t", "t", "t", "t", "t", "t", "t", "t", "t", "t", "t", "t", "t", "t", "t", "t", "t", "t", "t", "t", "t", "t", "t", "t", "t", "t", "t", "t", "t", "t", "t", "t", "t", "t", "t", "t", "t", "t", "t", "t", "t", "t", "t", "t", "t", "t", "t", "t", "t", "t", "t", "t", "t", "t", "t", "t", "t", "t", "t", "t", "t", "t", "t", "t", "t", "t", "t", "t", "t", "t", "t", "t", "t", "t", "t", "t", "t", "t", "t", "t", "t", "t", "t", "t", "t", "t", "t"]}