{"initial_reset_timestamp": 7693.158822418, "timestamps": [7693.240988934, 7693.311487397, 7693.47543175, 7693.535015641, 7693.604837521, 7693.666287821, 7693.813036206, 7693.880594824, 7693.945828199, 7694.167092574, 7694.309549466, 7694.434624192, 7694.703853089, 7694.815463309, 7694.880277394, 7695.043810735, 7695.155639311, 7695.241538116, 7695.309771876, 7695.451806751, 7695.531067492, 7695.60318022, 7695.686706255, 7695.801291004, 7695.855565616, 7696.036702748, 7696.162270435, 7696.282379019, 7696.413280574, 7696.473035548, 7696.522724931, 7696.576484151, 7696.622514002, 7696.822571414, 7696.902907288, 7696.976807636, 7697.125605168, 7697.172286123, 7697.346409174, 7697.535297725, 7697.647199082, 7697.772282831, 7697.927951954, 7698.083862674, 7698.20078563, 7698.376464739, 7698.549725437, 7698.605346099, 7698.682561439, 7698.741161282, 7698.809862599, 7698.90234731, 7699.001411579, 7699.063426587, 7699.154099197, 7699.348841482, 7699.52350917, 7699.62886373, 7699.803431757, 7700.0640406, 7700.17394267, 7700.32634258, 7700.511393576, 7700.629481783, 7700.693938863, 7700.92440477, 7701.137585123, 7701.387923294, 7701.659572961, 7701.755329053, 7701.880590314, 7701.944040925, 7702.193487314, 7702.25518186, 7702.328175669, 7702.460497894, 7702.582014048, 7702.747171741, 7702.903949533, 7703.098183922, 7703.252409007, 7703.351013331, 7703.536713102, 7703.68323543, 7703.79368346, 7704.010274723, 7704.188701718, 7704.396863679, 7704.672663293, 7704.804346813, 7704.932977784, 7705.069383434, 7705.13941907, 7705.279694597, 7705.421535971, 7705.573800354, 7705.613909437, 7705.645822592, 7705.700562424, 7705.814275921], "episode_lengths": [29, 26, 54, 22, 25, 23, 50, 27, 25, 70, 50, 45, 89, 42, 27, 55, 40, 31, 26, 48, 31, 30, 33, 43, 23, 65, 46, 45, 49, 25, 22, 23, 20, 71, 32, 31, 54, 21, 56, 59, 38, 41, 54, 57, 44, 63, 62, 24, 31, 25, 29, 36, 39, 23, 31, 62, 55, 40, 58, 80, 37, 55, 67, 40, 26, 82, 77, 89, 96, 38, 47, 27, 90, 26, 29, 51, 47, 61, 56, 70, 58, 37, 60, 49, 38, 69, 58, 68, 85, 43, 42, 51, 30, 53, 61, 70, 25, 21, 35, 59], "episode_rewards": [-929.0, -926.0, -954.0, -922.0, -925.0, -923.0, -950.0, -927.0, -925.0, -970.0, -950.0, -945.0, -989.0, -942.0, -927.0, -955.0, -940.0, -931.0, -926.0, -948.0, -931.0, -930.0, -933.0, -943.0, -923.0, -965.0, -946.0, -945.0, -949.0, -925.0, -922.0, -923.0, -920.0, -971.0, -932.0, -931.0, -954.0, -921.0, -956.0, -959.0, -938.0, -941.0, -954.0, -957.0, -944.0, -963.0, -962.0, -924.0, -931.0, -925.0, -929.0, -936.0, -939.0, -923.0, -931.0, -962.0, -955.0, -940.0, -958.0, -980.0, -937.0, -955.0, -967.0, -940.0, -926.0, -982.0, -977.0, -989.0, -996.0, -938.0, -947.0, -927.0, -990.0, -926.0, -929.0, -951.0, -947.0, -961.0, -956.0, -970.0, -958.0, -937.0, -960.0, -949.0, -938.0, -969.0, -958.0, -968.0, -985.0, -943.0, -942.0, -951.0, -930.0, -953.0, -961.0, -970.0, -925.0, -921.0, -935.0, -959.0], "episode_types": ["t", "t", "t", "t", "t", "t", "t", "t", "t", "t", "t", "t", "t", "t", "t", "t", "t", "t", "t", "t", "t", "t", "t", "t", "t", "t", "t", "t", "t", "t", "t", "t", "t", "t", "t", "t", "t", "t", "t", "t", "t", "t", "t", "t", "t", "t", "t", "t", "t", "t", "t", "t", "t", "t", "t", "t", "t", "t", "t", "t", "t", "t", "t", "t", "t", "t", "t", "t", "t", "t", "t", "t", "t", "t", "t", "t", "t", "t", "t", "t", "t", "t", "t", "t", "t", "t", "t", "t", "t", "t", "t", "t", "t", "t", "t", "t", "t", "t", "t", "t"]}