{"initial_reset_timestamp": 4047.49436948, "timestamps": [4047.551437056, 4047.60309996, 4047.690981381, 4047.756175348, 4047.845962567, 4047.877734913, 4047.91931723, 4047.990112348, 4048.063132847, 4048.183575021, 4048.272915294, 4048.336271567, 4048.755277406, 4048.868192014, 4049.060923405, 4049.108111334, 4049.316279882, 4049.385432788, 4049.481324311, 4049.514004041, 4049.640086632, 4049.797684798, 4049.840081138, 4049.921912616, 4049.960568276, 4050.060542317, 4050.103381068, 4050.148281408, 4050.208832411, 4050.309266061, 4050.410980514, 4050.524053089, 4050.563533367, 4050.841007419, 4050.887510743, 4050.945521859, 4050.994752335, 4051.057175337, 4051.172950164, 4051.226129018, 4051.261007251, 4051.333109439, 4051.364774045, 4051.417359157, 4051.463773375, 4051.82774473, 4051.9367008, 4052.217864772, 4052.363110088, 4052.491910693, 4052.697733038, 4052.745075596, 4052.940739927, 4053.131464048, 4053.352987093, 4053.497094994, 4053.641303214, 4053.810865137, 4054.007435904, 4054.205876854, 4054.426398902, 4054.496214731, 4054.65771872, 4054.862537123, 4054.970292016, 4055.104633147, 4055.268487173, 4055.335122563, 4055.39950058, 4055.487429163, 4055.682862697, 4055.746379421, 4055.809973921, 4055.987890786, 4056.055875994, 4056.189221547, 4056.275472152, 4056.377900977, 4056.472760862, 4056.596990416, 4057.040988804, 4057.263577989, 4057.31998258, 4057.641746778, 4057.75794975, 4058.012497017, 4058.196661816, 4058.613662113, 4058.720298089, 4058.892354549, 4059.008449743, 4059.107330546, 4059.204277215, 4059.34142923, 4059.375554241, 4059.415002344, 4059.462558415, 4059.546570846, 4059.670694889, 4059.744126953], "episode_lengths": [36, 35, 57, 43, 59, 22, 29, 37, 25, 63, 47, 30, 86, 30, 60, 27, 98, 38, 52, 21, 54, 42, 24, 40, 20, 47, 22, 21, 32, 44, 30, 41, 24, 101, 22, 33, 22, 29, 53, 27, 20, 35, 20, 27, 26, 73, 28, 97, 33, 30, 53, 22, 70, 38, 54, 31, 55, 48, 53, 53, 55, 39, 61, 75, 41, 51, 63, 29, 33, 44, 70, 26, 28, 68, 28, 50, 36, 34, 24, 39, 129, 77, 27, 94, 56, 77, 59, 95, 43, 68, 55, 46, 49, 38, 17, 22, 23, 49, 69, 42], "episode_rewards": [-936.0, -935.0, -957.0, -943.0, -959.0, -922.0, -929.0, -937.0, -925.0, -963.0, -947.0, -930.0, -986.0, -930.0, -960.0, -927.0, -998.0, -938.0, -952.0, -921.0, -954.0, -942.0, -924.0, -940.0, -920.0, -947.0, -922.0, -921.0, -932.0, -944.0, -930.0, -941.0, -924.0, -1001.0, -922.0, -933.0, -922.0, -929.0, -953.0, -927.0, -920.0, -935.0, -920.0, -927.0, -926.0, -973.0, -928.0, -997.0, -933.0, -930.0, -953.0, -922.0, -970.0, -938.0, -954.0, -931.0, -955.0, -948.0, -953.0, -953.0, -955.0, -939.0, -961.0, -975.0, -941.0, -951.0, -963.0, -929.0, -933.0, -944.0, -970.0, -926.0, -928.0, -968.0, -928.0, -950.0, -936.0, -934.0, -924.0, -939.0, -1029.0, -977.0, -927.0, -994.0, -956.0, -977.0, -959.0, -995.0, -943.0, -968.0, -955.0, -946.0, -949.0, -938.0, -917.0, -922.0, -923.0, -949.0, -969.0, -942.0], "episode_types": ["t", "t", "t", "t", "t", "t", "t", "t", "t", "t", "t", "t", "t", "t", "t", "t", "t", "t", "t", "t", "t", "t", "t", "t", "t", "t", "t", "t", "t", "t", "t", "t", "t", "t", "t", "t", "t", "t", "t", "t", "t", "t", "t", "t", "t", "t", "t", "t", "t", "t", "t", "t", "t", "t", "t", "t", "t", "t", "t", "t", "t", "t", "t", "t", "t", "t", "t", "t", "t", "t", "t", "t", "t", "t", "t", "t", "t", "t", "t", "t", "t", "t", "t", "t", "t", "t", "t", "t", "t", "t", "t", "t", "t", "t", "t", "t", "t", "t", "t", "t"]}