{"initial_reset_timestamp": 4122.185090626, "timestamps": [4122.265383938, 4122.377456703, 4122.523157196, 4122.619409785, 4122.791785269, 4122.843187076, 4122.956519085, 4123.149008806, 4123.300919421, 4123.435673406, 4123.512999752, 4123.577262505, 4123.643923839, 4123.710192354, 4123.77952123, 4123.817479342, 4123.91180428, 4124.04559196, 4124.204899983, 4124.275089198, 4124.360400478, 4124.41875333, 4124.489722025, 4124.550726598, 4124.642665357, 4124.744212963, 4124.820043324, 4124.88576795, 4124.97518973, 4125.031740463, 4125.221827228, 4125.325747911, 4125.383473514, 4125.486924387, 4125.563472943, 4125.643355082, 4125.754548126, 4125.873915528, 4126.005276655, 4126.069993444, 4126.159897576, 4126.224853861, 4126.345667469, 4126.414650493, 4126.456543368, 4126.511934867, 4126.561214461, 4126.644780069, 4126.742245127, 4126.981045074, 4127.045643795, 4127.164893699, 4127.276418828, 4127.426817989, 4127.692758881, 4127.778704978, 4128.000398182, 4128.210542608, 4128.519551056, 4128.609607166, 4128.728999994, 4128.793146828, 4128.847770359, 4129.096449468, 4129.189178018, 4129.257056607, 4129.361716138, 4129.586065462, 4129.646766978, 4129.88360702, 4129.956024982, 4130.01262549, 4130.116736326, 4130.178263401, 4130.535355696, 4130.602332297, 4130.777838306, 4131.041115748, 4131.223654225, 4131.380485562, 4131.433627988, 4131.841109621, 4131.978359346, 4132.248367871, 4132.313858805, 4132.417847031, 4132.526985811, 4132.72802287, 4132.760081971, 4133.177553996, 4133.594350057, 4133.796719309, 4133.969793776, 4134.070282379, 4134.201894893, 4134.287936768, 4134.403612267, 4134.733612532, 4134.870449147, 4134.979850488], "episode_lengths": [33, 47, 55, 38, 64, 23, 49, 72, 57, 56, 33, 29, 31, 30, 36, 20, 53, 70, 74, 34, 39, 26, 35, 30, 40, 28, 27, 27, 45, 31, 52, 52, 32, 53, 42, 40, 56, 61, 61, 32, 45, 33, 45, 32, 22, 24, 22, 37, 24, 65, 30, 52, 48, 65, 105, 32, 47, 56, 116, 43, 48, 33, 30, 79, 44, 36, 54, 122, 37, 128, 40, 32, 48, 28, 115, 22, 61, 106, 91, 44, 23, 112, 80, 97, 30, 39, 70, 90, 28, 101, 81, 62, 44, 26, 29, 24, 19, 76, 59, 29], "episode_rewards": [-933.0, -947.0, -955.0, -938.0, -964.0, -923.0, -949.0, -972.0, -957.0, -956.0, -933.0, -929.0, -931.0, -930.0, -936.0, -920.0, -953.0, -970.0, -974.0, -934.0, -939.0, -926.0, -935.0, -930.0, -940.0, -928.0, -927.0, -927.0, -945.0, -931.0, -952.0, -952.0, -932.0, -953.0, -942.0, -940.0, -956.0, -961.0, -961.0, -932.0, -945.0, -933.0, -945.0, -932.0, -922.0, -924.0, -922.0, -937.0, -924.0, -965.0, -930.0, -952.0, -948.0, -965.0, -1005.0, -932.0, -947.0, -956.0, -1016.0, -943.0, -948.0, -933.0, -930.0, -979.0, -944.0, -936.0, -954.0, -1022.0, -937.0, -1028.0, -940.0, -932.0, -948.0, -928.0, -1015.0, -922.0, -961.0, -1006.0, -991.0, -944.0, -923.0, -1012.0, -980.0, -997.0, -930.0, -939.0, -970.0, -990.0, -928.0, -1001.0, -981.0, -962.0, -944.0, -926.0, -929.0, -924.0, -919.0, -976.0, -959.0, -929.0], "episode_types": ["t", "t", "t", "t", "t", "t", "t", "t", "t", "t", "t", "t", "t", "t", "t", "t", "t", "t", "t", "t", "t", "t", "t", "t", "t", "t", "t", "t", "t", "t", "t", "t", "t", "t", "t", "t", "t", "t", "t", "t", "t", "t", "t", "t", "t", "t", "t", "t", "t", "t", "t", "t", "t", "t", "t", "t", "t", "t", "t", "t", "t", "t", "t", "t", "t", "t", "t", "t", "t", "t", "t", "t", "t", "t", "t", "t", "t", "t", "t", "t", "t", "t", "t", "t", "t", "t", "t", "t", "t", "t", "t", "t", "t", "t", "t", "t", "t", "t", "t", "t"]}