{"initial_reset_timestamp": 4025.419340216, "timestamps": [4025.566641401, 4025.659464639, 4025.720271636, 4025.900255942, 4025.972449276, 4026.144337708, 4026.221182929, 4026.346225187, 4026.518359811, 4026.642605811, 4026.700281172, 4026.951130839, 4027.030649279, 4027.096504184, 4027.145162738, 4027.294362079, 4027.450091429, 4027.523714279, 4027.616822887, 4027.752490704, 4027.851270997, 4027.918839657, 4028.025196193, 4028.078743846, 4028.189975093, 4028.246513689, 4028.369144269, 4028.441493881, 4028.579953859, 4028.658684254, 4028.744688209, 4028.838263394, 4028.886616807, 4029.155443295, 4029.279452305, 4029.334940589, 4029.443158425, 4029.596118909, 4029.683832518, 4029.810993291, 4029.933755618, 4030.006761534, 4030.082105482, 4030.243774813, 4030.351874088, 4030.46572977, 4030.690614048, 4030.75987198, 4030.808497307, 4030.864495526, 4031.069427902, 4031.182663434, 4031.461700416, 4031.705063788, 4031.804706752, 4031.924536447, 4032.070008578, 4032.15011015, 4032.282095562, 4032.358594465, 4032.420413212, 4032.4856068, 4032.580018192, 4032.697288102, 4032.831629824, 4032.967747659, 4033.106679879, 4033.376712305, 4033.601905813, 4033.822189273, 4033.995575995, 4034.097006676, 4034.234151069, 4034.270466539, 4034.419729612, 4034.531819652, 4034.603308139, 4034.645584226, 4034.815711275, 4034.918554244, 4035.047529452, 4035.195106072, 4035.374213627, 4035.425086184, 4035.48117215, 4035.522792833, 4035.597959748, 4035.748359197, 4035.799683963, 4035.832295113, 4035.994484293, 4036.064667185, 4036.143245762, 4036.187341635, 4036.295996541, 4036.389954383, 4036.578709392, 4036.618183261, 4036.729968276, 4036.837007742], "episode_lengths": [55, 26, 23, 63, 30, 63, 30, 44, 57, 41, 24, 86, 33, 28, 22, 47, 50, 28, 36, 44, 35, 24, 36, 20, 38, 23, 41, 26, 46, 33, 36, 38, 23, 97, 48, 24, 42, 58, 36, 49, 47, 31, 32, 61, 42, 45, 83, 28, 21, 25, 72, 44, 102, 88, 40, 46, 56, 35, 50, 32, 28, 28, 37, 50, 58, 43, 29, 65, 53, 47, 43, 31, 77, 26, 57, 49, 33, 26, 65, 59, 74, 80, 46, 25, 36, 24, 44, 56, 22, 24, 91, 40, 43, 28, 70, 65, 109, 23, 51, 48], "episode_rewards": [-955.0, -926.0, -923.0, -963.0, -930.0, -963.0, -930.0, -944.0, -957.0, -941.0, -924.0, -986.0, -933.0, -928.0, -922.0, -947.0, -950.0, -928.0, -936.0, -944.0, -935.0, -924.0, -936.0, -920.0, -938.0, -923.0, -941.0, -926.0, -946.0, -933.0, -936.0, -938.0, -923.0, -997.0, -948.0, -924.0, -942.0, -958.0, -936.0, -949.0, -947.0, -931.0, -932.0, -961.0, -942.0, -945.0, -983.0, -928.0, -921.0, -925.0, -972.0, -944.0, -1002.0, -988.0, -940.0, -946.0, -956.0, -935.0, -950.0, -932.0, -928.0, -928.0, -937.0, -950.0, -958.0, -943.0, -929.0, -965.0, -953.0, -947.0, -943.0, -931.0, -977.0, -926.0, -957.0, -949.0, -933.0, -926.0, -965.0, -959.0, -974.0, -980.0, -946.0, -925.0, -936.0, -924.0, -944.0, -956.0, -922.0, -924.0, -991.0, -940.0, -943.0, -928.0, -970.0, -965.0, -1009.0, -923.0, -951.0, -948.0], "episode_types": ["t", "t", "t", "t", "t", "t", "t", "t", "t", "t", "t", "t", "t", "t", "t", "t", "t", "t", "t", "t", "t", "t", "t", "t", "t", "t", "t", "t", "t", "t", "t", "t", "t", "t", "t", "t", "t", "t", "t", "t", "t", "t", "t", "t", "t", "t", "t", "t", "t", "t", "t", "t", "t", "t", "t", "t", "t", "t", "t", "t", "t", "t", "t", "t", "t", "t", "t", "t", "t", "t", "t", "t", "t", "t", "t", "t", "t", "t", "t", "t", "t", "t", "t", "t", "t", "t", "t", "t", "t", "t", "t", "t", "t", "t", "t", "t", "t", "t", "t", "t"]}