{"initial_reset_timestamp": 4069.158957807, "timestamps": [4069.261379164, 4069.418195481, 4069.478216095, 4069.551861492, 4069.610163594, 4069.700166873, 4069.810441649, 4069.899029604, 4070.063855585, 4070.195694085, 4070.24038172, 4070.304733654, 4070.432445199, 4070.50123505, 4070.542856534, 4070.729724324, 4071.038662163, 4071.13500473, 4071.267600356, 4071.528016285, 4071.560748473, 4071.610805176, 4071.729413439, 4071.793164525, 4071.825194355, 4071.856554259, 4071.944400231, 4071.979980091, 4072.096554324, 4072.195580437, 4072.328134777, 4072.370058644, 4072.520068087, 4072.564503929, 4072.73697995, 4072.87637316, 4072.999809607, 4073.152652956, 4073.19675726, 4073.267165949, 4073.427347666, 4073.570026528, 4073.637061906, 4073.685528508, 4073.780022444, 4073.808034788, 4073.832075072, 4073.874880476, 4073.962250689, 4074.161080948, 4074.207528813, 4074.248781981, 4074.316815303, 4074.405747523, 4074.459538152, 4074.516975304, 4074.650359347, 4074.728963932, 4074.824610844, 4074.88120111, 4075.022838055, 4075.155722023, 4075.270711885, 4075.33891742, 4075.438907272, 4075.499807281, 4075.651513394, 4075.721867144, 4075.912278183, 4076.049075303, 4076.172716571, 4076.473199902, 4076.577536343, 4076.641905264, 4076.678460346, 4076.723491323, 4076.818739293, 4076.927904047, 4077.043206394, 4077.137438244, 4077.238775009, 4077.299486681, 4077.420998462, 4077.461836994, 4077.627361181, 4077.882925782, 4077.944934009, 4078.07627517, 4078.247430206, 4078.370582597, 4078.424611208, 4078.626655897, 4078.830516538, 4079.059006693, 4079.413341557, 4079.703911445, 4079.779215333, 4079.977435107, 4080.306276408, 4080.51054802], "episode_lengths": [45, 56, 35, 26, 27, 29, 54, 28, 70, 53, 28, 27, 55, 38, 28, 56, 94, 25, 45, 80, 22, 30, 44, 45, 27, 28, 61, 28, 79, 68, 58, 32, 58, 17, 64, 58, 38, 72, 26, 40, 84, 48, 32, 31, 54, 19, 17, 30, 30, 83, 21, 23, 32, 41, 27, 28, 58, 37, 44, 27, 63, 53, 50, 31, 44, 29, 63, 33, 61, 33, 27, 77, 43, 36, 18, 25, 44, 53, 56, 41, 47, 30, 58, 23, 77, 95, 31, 61, 78, 53, 30, 86, 68, 70, 95, 95, 32, 71, 86, 69], "episode_rewards": [-945.0, -956.0, -935.0, -926.0, -927.0, -929.0, -954.0, -928.0, -970.0, -953.0, -928.0, -927.0, -955.0, -938.0, -928.0, -956.0, -994.0, -925.0, -945.0, -980.0, -922.0, -930.0, -944.0, -945.0, -927.0, -928.0, -961.0, -928.0, -979.0, -968.0, -958.0, -932.0, -958.0, -917.0, -964.0, -958.0, -938.0, -972.0, -926.0, -940.0, -984.0, -948.0, -932.0, -931.0, -954.0, -919.0, -917.0, -930.0, -930.0, -983.0, -921.0, -923.0, -932.0, -941.0, -927.0, -928.0, -958.0, -937.0, -944.0, -927.0, -963.0, -953.0, -950.0, -931.0, -944.0, -929.0, -963.0, -933.0, -961.0, -933.0, -927.0, -977.0, -943.0, -936.0, -918.0, -925.0, -944.0, -953.0, -956.0, -941.0, -947.0, -930.0, -958.0, -923.0, -977.0, -995.0, -931.0, -961.0, -978.0, -953.0, -930.0, -986.0, -968.0, -970.0, -995.0, -995.0, -932.0, -971.0, -986.0, -969.0], "episode_types": ["t", "t", "t", "t", "t", "t", "t", "t", "t", "t", "t", "t", "t", "t", "t", "t", "t", "t", "t", "t", "t", "t", "t", "t", "t", "t", "t", "t", "t", "t", "t", "t", "t", "t", "t", "t", "t", "t", "t", "t", "t", "t", "t", "t", "t", "t", "t", "t", "t", "t", "t", "t", "t", "t", "t", "t", "t", "t", "t", "t", "t", "t", "t", "t", "t", "t", "t", "t", "t", "t", "t", "t", "t", "t", "t", "t", "t", "t", "t", "t", "t", "t", "t", "t", "t", "t", "t", "t", "t", "t", "t", "t", "t", "t", "t", "t", "t", "t", "t", "t"]}