{"initial_reset_timestamp": 4217.412626638, "timestamps": [4217.492528884, 4217.565478322, 4217.611654317, 4217.680071133, 4217.781701013, 4217.829488422, 4217.876973686, 4217.917137654, 4218.031690125, 4218.120977398, 4218.2729422, 4218.338520881, 4218.417570039, 4218.497311864, 4218.53222311, 4218.60932186, 4218.675761709, 4218.73727304, 4218.817227003, 4218.965411419, 4219.018144798, 4219.101816389, 4219.132035375, 4219.195894499, 4219.276489817, 4219.323045335, 4219.425250137, 4219.577881275, 4219.615942325, 4219.739323419, 4219.85077306, 4219.97447452, 4220.10752355, 4220.294683387, 4220.387693828, 4220.476075846, 4220.60644988, 4220.663271109, 4220.762386871, 4220.860317262, 4220.957425821, 4221.049558503, 4221.125064813, 4221.22793662, 4221.264399764, 4221.411779436, 4221.484426581, 4221.566007918, 4221.742941459, 4221.8073819, 4222.011108315, 4222.155185005, 4222.487288417, 4222.771710336, 4223.01157001, 4223.119056229, 4223.244144971, 4223.39198809, 4223.466698314, 4223.618994866, 4223.711948726, 4223.771126889, 4223.920545634, 4223.978314279, 4224.142767808, 4224.252439108, 4224.325713121, 4224.380685961, 4224.508989423, 4224.603596144, 4224.703136481, 4224.809539036, 4224.944687776, 4225.08124735, 4225.15292207, 4225.459374676, 4225.554425285, 4225.759991491, 4225.947518345, 4226.027394087, 4226.153050891, 4226.392704588, 4226.581615448, 4226.892747551, 4226.983004411, 4227.07515087, 4227.174907328, 4227.315912433, 4227.447018368, 4227.64456222, 4227.681357279, 4227.719026517, 4227.784269372, 4227.897328856, 4227.960613489, 4228.118268092, 4228.296141401, 4228.673367684, 4228.890946397, 4229.057666296], "episode_lengths": [41, 37, 28, 39, 54, 30, 26, 27, 55, 45, 56, 28, 38, 48, 25, 49, 40, 35, 24, 61, 32, 47, 19, 43, 46, 24, 50, 77, 21, 64, 46, 56, 45, 53, 34, 35, 50, 24, 38, 35, 39, 43, 35, 47, 20, 63, 33, 37, 64, 18, 42, 34, 62, 54, 53, 20, 50, 83, 27, 76, 49, 31, 60, 27, 62, 43, 40, 26, 63, 48, 28, 52, 60, 35, 18, 68, 34, 67, 50, 28, 49, 52, 45, 122, 41, 49, 57, 76, 58, 64, 24, 27, 41, 67, 41, 85, 44, 100, 50, 36], "episode_rewards": [-941.0, -937.0, -928.0, -939.0, -954.0, -930.0, -926.0, -927.0, -955.0, -945.0, -956.0, -928.0, -938.0, -948.0, -925.0, -949.0, -940.0, -935.0, -924.0, -961.0, -932.0, -947.0, -919.0, -943.0, -946.0, -924.0, -950.0, -977.0, -921.0, -964.0, -946.0, -956.0, -945.0, -953.0, -934.0, -935.0, -950.0, -924.0, -938.0, -935.0, -939.0, -943.0, -935.0, -947.0, -920.0, -963.0, -933.0, -937.0, -964.0, -918.0, -942.0, -934.0, -962.0, -954.0, -953.0, -920.0, -950.0, -983.0, -927.0, -976.0, -949.0, -931.0, -960.0, -927.0, -962.0, -943.0, -940.0, -926.0, -963.0, -948.0, -928.0, -952.0, -960.0, -935.0, -918.0, -968.0, -934.0, -967.0, -950.0, -928.0, -949.0, -952.0, -945.0, -1022.0, -941.0, -949.0, -957.0, -976.0, -958.0, -964.0, -924.0, -927.0, -941.0, -967.0, -941.0, -985.0, -944.0, -1000.0, -950.0, -936.0], "episode_types": ["t", "t", "t", "t", "t", "t", "t", "t", "t", "t", "t", "t", "t", "t", "t", "t", "t", "t", "t", "t", "t", "t", "t", "t", "t", "t", "t", "t", "t", "t", "t", "t", "t", "t", "t", "t", "t", "t", "t", "t", "t", "t", "t", "t", "t", "t", "t", "t", "t", "t", "t", "t", "t", "t", "t", "t", "t", "t", "t", "t", "t", "t", "t", "t", "t", "t", "t", "t", "t", "t", "t", "t", "t", "t", "t", "t", "t", "t", "t", "t", "t", "t", "t", "t", "t", "t", "t", "t", "t", "t", "t", "t", "t", "t", "t", "t", "t", "t", "t", "t"]}