{"initial_reset_timestamp": 4092.50751409, "timestamps": [4092.590553287, 4092.630166724, 4092.723841932, 4092.768255881, 4092.885309749, 4092.912686016, 4093.11028377, 4093.148156713, 4093.268829124, 4093.369203886, 4093.515671797, 4093.565919309, 4093.714560292, 4093.881306978, 4093.972101629, 4094.068407255, 4094.128504277, 4094.290822062, 4094.415441954, 4094.48625052, 4094.600805541, 4094.67592279, 4094.725788366, 4094.782181599, 4094.860620044, 4094.901845784, 4095.034983941, 4095.122635461, 4095.186952448, 4095.224886721, 4095.295724934, 4095.401478817, 4095.559906982, 4095.611161715, 4095.674042915, 4095.71659854, 4095.780867341, 4095.82159783, 4095.876271695, 4095.965997507, 4096.002035675, 4096.034744126, 4096.131363354, 4096.177368275, 4096.284770705, 4096.362674459, 4096.428116957, 4096.476012634, 4096.550277539, 4096.611003356, 4096.768298094, 4096.870303203, 4096.967210326, 4097.174256493, 4097.311348114, 4097.36941479, 4097.575618147, 4097.653133701, 4097.72929927, 4097.903248047, 4098.001527924, 4098.051659361, 4098.125093366, 4098.247111933, 4098.371341034, 4098.432265035, 4098.524905763, 4098.745164857, 4098.850274548, 4098.933720035, 4099.235946843, 4099.366877148, 4099.423844938, 4099.477382622, 4099.55384798, 4099.643677089, 4099.697718859, 4099.863566205, 4099.895622605, 4099.952642329, 4100.002704561, 4100.157445826, 4100.30273466, 4100.469985309, 4100.524790317, 4100.590122953, 4100.808064458, 4100.901598277, 4100.954461119, 4101.015096964, 4101.145942207, 4101.249918364, 4101.509599574, 4101.632500116, 4101.68486234, 4101.972883102, 4102.065291579, 4102.302735354, 4102.388789201, 4102.431372449], "episode_lengths": [34, 26, 47, 30, 56, 22, 66, 23, 45, 33, 35, 30, 35, 41, 32, 28, 28, 41, 35, 27, 36, 25, 31, 20, 37, 27, 61, 60, 44, 31, 47, 68, 96, 38, 44, 33, 46, 31, 40, 59, 29, 19, 57, 28, 63, 50, 47, 33, 45, 39, 44, 46, 47, 48, 40, 29, 65, 32, 32, 45, 29, 21, 32, 35, 49, 25, 29, 73, 47, 23, 70, 62, 31, 28, 34, 42, 27, 65, 18, 30, 23, 68, 63, 66, 25, 30, 90, 44, 23, 26, 51, 37, 87, 56, 28, 117, 46, 86, 43, 23], "episode_rewards": [-934.0, -926.0, -947.0, -930.0, -956.0, -922.0, -966.0, -923.0, -945.0, -933.0, -935.0, -930.0, -935.0, -941.0, -932.0, -928.0, -928.0, -941.0, -935.0, -927.0, -936.0, -925.0, -931.0, -920.0, -937.0, -927.0, -961.0, -960.0, -944.0, -931.0, -947.0, -968.0, -996.0, -938.0, -944.0, -933.0, -946.0, -931.0, -940.0, -959.0, -929.0, -919.0, -957.0, -928.0, -963.0, -950.0, -947.0, -933.0, -945.0, -939.0, -944.0, -946.0, -947.0, -948.0, -940.0, -929.0, -965.0, -932.0, -932.0, -945.0, -929.0, -921.0, -932.0, -935.0, -949.0, -925.0, -929.0, -973.0, -947.0, -923.0, -970.0, -962.0, -931.0, -928.0, -934.0, -942.0, -927.0, -965.0, -918.0, -930.0, -923.0, -968.0, -963.0, -966.0, -925.0, -930.0, -990.0, -944.0, -923.0, -926.0, -951.0, -937.0, -987.0, -956.0, -928.0, -1017.0, -946.0, -986.0, -943.0, -923.0], "episode_types": ["t", "t", "t", "t", "t", "t", "t", "t", "t", "t", "t", "t", "t", "t", "t", "t", "t", "t", "t", "t", "t", "t", "t", "t", "t", "t", "t", "t", "t", "t", "t", "t", "t", "t", "t", "t", "t", "t", "t", "t", "t", "t", "t", "t", "t", "t", "t", "t", "t", "t", "t", "t", "t", "t", "t", "t", "t", "t", "t", "t", "t", "t", "t", "t", "t", "t", "t", "t", "t", "t", "t", "t", "t", "t", "t", "t", "t", "t", "t", "t", "t", "t", "t", "t", "t", "t", "t", "t", "t", "t", "t", "t", "t", "t", "t", "t", "t", "t", "t", "t"]}