{"initial_reset_timestamp": 4291.226803776, "timestamps": [4291.280872149, 4291.309653367, 4291.327752156, 4291.372970077, 4291.404012142, 4291.429305732, 4291.44795795, 4291.476795476, 4291.501334421, 4291.519816145, 4291.540256031, 4291.562767853, 4291.589191684, 4291.627254459, 4291.656036673, 4291.681712694, 4291.726940938, 4291.743473849, 4291.782906277, 4291.804335172, 4291.849540889, 4291.873818686, 4291.937122936, 4291.957875264, 4291.977782213, 4292.000745897, 4292.03988165, 4292.059070297, 4292.079028635, 4292.097496507, 4292.115284979, 4292.145002375, 4292.165832117, 4292.182126131, 4292.244060991, 4292.264885514, 4292.292077615, 4292.327128947, 4292.342184976, 4292.371362726, 4292.409026828, 4292.425030066, 4292.441855187, 4292.482724815, 4292.498792239, 4292.541448585, 4292.563267488, 4292.584677301, 4292.603242109, 4292.643187775, 4292.659260701, 4292.683795084, 4292.704421327, 4292.73221259, 4292.775330236, 4292.804072168, 4292.818308935, 4292.877056912, 4292.926492098, 4292.950172468, 4293.003957356, 4293.028396488, 4293.060804582, 4293.094350015, 4293.137161846, 4293.199893706, 4293.218833117, 4293.264801495, 4293.303124367, 4293.349650402, 4293.3693784, 4293.389170502, 4293.404376564, 4293.447049669, 4293.51873099, 4293.544228519, 4293.591094789, 4293.624654855, 4293.662096115, 4293.761831273, 4293.845646166, 4293.921693528, 4293.987897083, 4294.018875027, 4294.109650896, 4294.155568822, 4294.170954181, 4294.26352435, 4294.333394931, 4294.349672344, 4294.390050317, 4294.467251418, 4294.510772568, 4294.557497391, 4294.575252229, 4294.62894208, 4294.673840021, 4294.710935455, 4294.731813987, 4294.74410473], "episode_lengths": [65, 38, 26, 57, 42, 35, 27, 39, 34, 26, 29, 32, 36, 48, 39, 35, 58, 24, 50, 30, 57, 34, 78, 29, 28, 32, 49, 27, 28, 26, 25, 40, 29, 24, 73, 29, 36, 45, 22, 40, 49, 23, 24, 52, 23, 55, 30, 30, 26, 51, 23, 34, 29, 37, 55, 39, 21, 73, 62, 33, 67, 34, 42, 44, 55, 77, 26, 57, 49, 59, 28, 28, 22, 54, 87, 34, 59, 44, 49, 119, 102, 92, 81, 42, 109, 58, 23, 112, 86, 23, 51, 94, 56, 59, 26, 67, 57, 48, 29, 18], "episode_rewards": [-965.0, -938.0, -926.0, -957.0, -942.0, -935.0, -927.0, -939.0, -934.0, -926.0, -929.0, -932.0, -936.0, -948.0, -939.0, -935.0, -958.0, -924.0, -950.0, -930.0, -957.0, -934.0, -978.0, -929.0, -928.0, -932.0, -949.0, -927.0, -928.0, -926.0, -925.0, -940.0, -929.0, -924.0, -973.0, -929.0, -936.0, -945.0, -922.0, -940.0, -949.0, -923.0, -924.0, -952.0, -923.0, -955.0, -930.0, -930.0, -926.0, -951.0, -923.0, -934.0, -929.0, -937.0, -955.0, -939.0, -921.0, -973.0, -962.0, -933.0, -967.0, -934.0, -942.0, -944.0, -955.0, -977.0, -926.0, -957.0, -949.0, -959.0, -928.0, -928.0, -922.0, -954.0, -987.0, -934.0, -959.0, -944.0, -949.0, -1019.0, -1002.0, -992.0, -981.0, -942.0, -1009.0, -958.0, -923.0, -1012.0, -986.0, -923.0, -951.0, -994.0, -956.0, -959.0, -926.0, -967.0, -957.0, -948.0, -929.0, -918.0], "episode_types": ["t", "t", "t", "t", "t", "t", "t", "t", "t", "t", "t", "t", "t", "t", "t", "t", "t", "t", "t", "t", "t", "t", "t", "t", "t", "t", "t", "t", "t", "t", "t", "t", "t", "t", "t", "t", "t", "t", "t", "t", "t", "t", "t", "t", "t", "t", "t", "t", "t", "t", "t", "t", "t", "t", "t", "t", "t", "t", "t", "t", "t", "t", "t", "t", "t", "t", "t", "t", "t", "t", "t", "t", "t", "t", "t", "t", "t", "t", "t", "t", "t", "t", "t", "t", "t", "t", "t", "t", "t", "t", "t", "t", "t", "t", "t", "t", "t", "t", "t", "t"]}