{"initial_reset_timestamp": 4144.038830136, "timestamps": [4144.166402958, 4144.25511784, 4144.426426043, 4144.658258672, 4144.839882168, 4144.929828336, 4144.953506977, 4145.172711599, 4145.265973076, 4145.403411512, 4145.498363123, 4145.780909952, 4145.959115573, 4146.088937099, 4146.243345785, 4146.372503435, 4146.443044513, 4146.535921555, 4146.637781073, 4146.71152604, 4146.831504987, 4146.958950211, 4147.139605089, 4147.270036466, 4147.427576031, 4147.512057739, 4147.628433416, 4147.672643628, 4147.778672319, 4147.943624829, 4148.080296528, 4148.159445608, 4148.209270112, 4148.328981324, 4148.438168601, 4148.570481684, 4148.704433275, 4148.810708792, 4148.891574251, 4148.957839059, 4149.027096469, 4149.096788701, 4149.169303578, 4149.298376955, 4149.41016151, 4149.541996498, 4149.698864728, 4149.941668183, 4149.998732932, 4150.159556088, 4150.305453504, 4150.37549979, 4150.505061286, 4150.595537043, 4150.646484255, 4150.726446613, 4150.779876171, 4150.914987025, 4150.972427338, 4151.151296598, 4151.334666859, 4151.490582619, 4151.603592189, 4151.664156198, 4151.713595635, 4151.772741589, 4151.89886669, 4152.007608167, 4152.113502809, 4152.278497654, 4152.384967586, 4152.495537012, 4152.543193777, 4152.667469593, 4152.739913784, 4152.882713683, 4152.932080719, 4153.027256773, 4153.268815869, 4153.494925604, 4153.555120552, 4153.762006618, 4153.828173093, 4153.954813944, 4154.00515288, 4154.046235692, 4154.18532185, 4154.282794063, 4154.381862949, 4154.444513984, 4154.601558484, 4154.681195588, 4154.856518415, 4155.055695519, 4155.14802804, 4155.30869458, 4155.513736218, 4155.862424379, 4156.153530914, 4156.417430587], "episode_lengths": [39, 32, 51, 63, 40, 45, 16, 82, 33, 41, 49, 95, 51, 41, 30, 48, 35, 30, 47, 23, 34, 45, 67, 59, 66, 40, 59, 25, 29, 62, 41, 40, 25, 42, 40, 59, 53, 34, 34, 29, 29, 30, 31, 36, 22, 30, 43, 63, 24, 49, 35, 30, 51, 37, 22, 33, 25, 51, 25, 66, 61, 58, 46, 26, 22, 26, 48, 44, 42, 60, 41, 44, 20, 47, 31, 54, 21, 37, 91, 80, 30, 76, 34, 60, 27, 22, 46, 34, 55, 36, 51, 42, 72, 60, 38, 80, 75, 89, 94, 73], "episode_rewards": [-939.0, -932.0, -951.0, -963.0, -940.0, -945.0, -916.0, -982.0, -933.0, -941.0, -949.0, -995.0, -951.0, -941.0, -930.0, -948.0, -935.0, -930.0, -947.0, -923.0, -934.0, -945.0, -967.0, -959.0, -966.0, -940.0, -959.0, -925.0, -929.0, -962.0, -941.0, -940.0, -925.0, -942.0, -940.0, -959.0, -953.0, -934.0, -934.0, -929.0, -929.0, -930.0, -931.0, -936.0, -922.0, -930.0, -943.0, -963.0, -924.0, -949.0, -935.0, -930.0, -951.0, -937.0, -922.0, -933.0, -925.0, -951.0, -925.0, -966.0, -961.0, -958.0, -946.0, -926.0, -922.0, -926.0, -948.0, -944.0, -942.0, -960.0, -941.0, -944.0, -920.0, -947.0, -931.0, -954.0, -921.0, -937.0, -991.0, -980.0, -930.0, -976.0, -934.0, -960.0, -927.0, -922.0, -946.0, -934.0, -955.0, -936.0, -951.0, -942.0, -972.0, -960.0, -938.0, -980.0, -975.0, -989.0, -994.0, -973.0], "episode_types": ["t", "t", "t", "t", "t", "t", "t", "t", "t", "t", "t", "t", "t", "t", "t", "t", "t", "t", "t", "t", "t", "t", "t", "t", "t", "t", "t", "t", "t", "t", "t", "t", "t", "t", "t", "t", "t", "t", "t", "t", "t", "t", "t", "t", "t", "t", "t", "t", "t", "t", "t", "t", "t", "t", "t", "t", "t", "t", "t", "t", "t", "t", "t", "t", "t", "t", "t", "t", "t", "t", "t", "t", "t", "t", "t", "t", "t", "t", "t", "t", "t", "t", "t", "t", "t", "t", "t", "t", "t", "t", "t", "t", "t", "t", "t", "t", "t", "t", "t", "t"]}