{"initial_reset_timestamp": 4135.323497211, "timestamps": [4135.383520095, 4135.455740991, 4135.496585767, 4135.529257416, 4135.57034191, 4135.610580919, 4135.683901159, 4135.717861867, 4135.747817025, 4135.795320533, 4135.877069838, 4135.965969805, 4135.996933935, 4136.023865657, 4136.11144625, 4136.169740434, 4136.205589782, 4136.249946102, 4136.287528311, 4136.337932621, 4136.381698326, 4136.447643698, 4136.471400678, 4136.541632698, 4136.599931276, 4136.67803648, 4136.738931687, 4136.795159083, 4136.889923056, 4136.92178683, 4136.966411018, 4136.995715382, 4137.049513492, 4137.085396196, 4137.155851177, 4137.179129139, 4137.212995857, 4137.256487796, 4137.32047376, 4137.431032983, 4137.550430178, 4137.600573017, 4137.746876936, 4137.779858878, 4137.811380796, 4137.879771601, 4137.907887772, 4137.963826973, 4138.035711699, 4138.072823522, 4138.10451839, 4138.239933829, 4138.319530379, 4138.417271728, 4138.496154681, 4138.596837885, 4138.627894054, 4138.71168629, 4138.794211681, 4138.968603636, 4139.074240049, 4139.261211284, 4139.313639307, 4139.388964913, 4139.572729121, 4139.814817754, 4139.941925576, 4140.081258676, 4140.321240478, 4140.43472364, 4140.502989522, 4140.592465881, 4140.679099456, 4140.791650015, 4140.957721163, 4141.046644061, 4141.293999822, 4141.356372001, 4141.589501893, 4141.671820028, 4141.746803145, 4141.781122447, 4141.931364966, 4142.065194928, 4142.152191675, 4142.329929972, 4142.56343603, 4142.611071953, 4142.691476096, 4142.727207028, 4142.821289085, 4142.945978221, 4142.978973003, 4143.009529725, 4143.093649893, 4143.151593529, 4143.239808524, 4143.304803573, 4143.375229718, 4143.40855293], "episode_lengths": [49, 53, 35, 27, 33, 32, 50, 25, 22, 25, 52, 59, 20, 20, 52, 39, 27, 25, 29, 36, 36, 50, 21, 52, 45, 54, 45, 41, 68, 26, 35, 24, 39, 25, 47, 20, 27, 35, 40, 77, 68, 33, 80, 27, 26, 46, 22, 38, 49, 29, 24, 86, 54, 65, 53, 61, 23, 54, 56, 114, 66, 101, 32, 44, 66, 63, 34, 40, 62, 30, 21, 55, 32, 48, 48, 33, 72, 33, 54, 33, 36, 25, 60, 37, 31, 32, 80, 28, 40, 30, 57, 82, 24, 20, 49, 35, 55, 40, 36, 26], "episode_rewards": [-949.0, -953.0, -935.0, -927.0, -933.0, -932.0, -950.0, -925.0, -922.0, -925.0, -952.0, -959.0, -920.0, -920.0, -952.0, -939.0, -927.0, -925.0, -929.0, -936.0, -936.0, -950.0, -921.0, -952.0, -945.0, -954.0, -945.0, -941.0, -968.0, -926.0, -935.0, -924.0, -939.0, -925.0, -947.0, -920.0, -927.0, -935.0, -940.0, -977.0, -968.0, -933.0, -980.0, -927.0, -926.0, -946.0, -922.0, -938.0, -949.0, -929.0, -924.0, -986.0, -954.0, -965.0, -953.0, -961.0, -923.0, -954.0, -956.0, -1014.0, -966.0, -1001.0, -932.0, -944.0, -966.0, -963.0, -934.0, -940.0, -962.0, -930.0, -921.0, -955.0, -932.0, -948.0, -948.0, -933.0, -972.0, -933.0, -954.0, -933.0, -936.0, -925.0, -960.0, -937.0, -931.0, -932.0, -980.0, -928.0, -940.0, -930.0, -957.0, -982.0, -924.0, -920.0, -949.0, -935.0, -955.0, -940.0, -936.0, -926.0], "episode_types": ["t", "t", "t", "t", "t", "t", "t", "t", "t", "t", "t", "t", "t", "t", "t", "t", "t", "t", "t", "t", "t", "t", "t", "t", "t", "t", "t", "t", "t", "t", "t", "t", "t", "t", "t", "t", "t", "t", "t", "t", "t", "t", "t", "t", "t", "t", "t", "t", "t", "t", "t", "t", "t", "t", "t", "t", "t", "t", "t", "t", "t", "t", "t", "t", "t", "t", "t", "t", "t", "t", "t", "t", "t", "t", "t", "t", "t", "t", "t", "t", "t", "t", "t", "t", "t", "t", "t", "t", "t", "t", "t", "t", "t", "t", "t", "t", "t", "t", "t", "t"]}