{"initial_reset_timestamp": 4097.35185973, "timestamps": [4097.433625988, 4097.549800403, 4097.591940216, 4097.647970091, 4097.774004104, 4097.888677257, 4098.089709122, 4098.145662264, 4098.254253141, 4098.326684237, 4098.378599671, 4098.442578639, 4098.591237259, 4098.646326984, 4098.82120858, 4098.909420671, 4099.044818245, 4099.091102742, 4099.194269703, 4099.238674664, 4099.324776661, 4099.572182548, 4099.712210218, 4099.879498746, 4099.93333061, 4100.005078738, 4100.10125275, 4100.214278677, 4100.264916922, 4100.477013957, 4100.527091628, 4100.658289831, 4100.712238355, 4100.753455511, 4100.843683479, 4100.947362727, 4100.993579753, 4101.118491392, 4101.162516856, 4101.277681217, 4101.340480319, 4101.427387836, 4101.514152739, 4101.5827276, 4101.65281176, 4101.722020126, 4101.882533766, 4101.969861687, 4102.072067437, 4102.169285327, 4102.275010438, 4102.368655786, 4102.500682415, 4102.608762398, 4102.727226061, 4102.788838547, 4102.870124989, 4102.987072628, 4103.12048089, 4103.171014381, 4103.245840997, 4103.329778483, 4103.401034253, 4103.453616342, 4103.50818477, 4103.554217783, 4103.675405195, 4103.723538921, 4103.834747068, 4103.889644137, 4104.071111765, 4104.165299865, 4104.202885816, 4104.312962717, 4104.354359589, 4104.392812141, 4104.470350968, 4104.501117189, 4104.58237833, 4104.668069885, 4104.881566289, 4105.024690255, 4105.067053216, 4105.151190711, 4105.233501436, 4105.356478577, 4105.440778543, 4105.516766725, 4105.611258408, 4105.712604045, 4105.795962452, 4105.90360462, 4105.987435037, 4106.094770285, 4106.263073893, 4106.409518396, 4106.554529976, 4106.618120418, 4106.678904741, 4106.725282248], "episode_lengths": [41, 52, 22, 24, 52, 47, 71, 23, 47, 34, 24, 29, 62, 26, 80, 49, 65, 28, 56, 25, 42, 96, 55, 59, 26, 30, 41, 46, 22, 75, 23, 56, 28, 22, 49, 49, 24, 55, 23, 46, 28, 37, 40, 32, 33, 28, 62, 45, 50, 46, 45, 41, 63, 51, 54, 34, 41, 51, 63, 25, 38, 42, 36, 27, 28, 26, 60, 29, 51, 26, 86, 52, 20, 59, 24, 22, 40, 20, 43, 49, 94, 80, 29, 50, 48, 44, 38, 36, 51, 51, 44, 59, 47, 52, 74, 67, 71, 38, 37, 27], "episode_rewards": [-941.0, -952.0, -922.0, -924.0, -952.0, -947.0, -971.0, -923.0, -947.0, -934.0, -924.0, -929.0, -962.0, -926.0, -980.0, -949.0, -965.0, -928.0, -956.0, -925.0, -942.0, -996.0, -955.0, -959.0, -926.0, -930.0, -941.0, -946.0, -922.0, -975.0, -923.0, -956.0, -928.0, -922.0, -949.0, -949.0, -924.0, -955.0, -923.0, -946.0, -928.0, -937.0, -940.0, -932.0, -933.0, -928.0, -962.0, -945.0, -950.0, -946.0, -945.0, -941.0, -963.0, -951.0, -954.0, -934.0, -941.0, -951.0, -963.0, -925.0, -938.0, -942.0, -936.0, -927.0, -928.0, -926.0, -960.0, -929.0, -951.0, -926.0, -986.0, -952.0, -920.0, -959.0, -924.0, -922.0, -940.0, -920.0, -943.0, -949.0, -994.0, -980.0, -929.0, -950.0, -948.0, -944.0, -938.0, -936.0, -951.0, -951.0, -944.0, -959.0, -947.0, -952.0, -974.0, -967.0, -971.0, -938.0, -937.0, -927.0], "episode_types": ["t", "t", "t", "t", "t", "t", "t", "t", "t", "t", "t", "t", "t", "t", "t", "t", "t", "t", "t", "t", "t", "t", "t", "t", "t", "t", "t", "t", "t", "t", "t", "t", "t", "t", "t", "t", "t", "t", "t", "t", "t", "t", "t", "t", "t", "t", "t", "t", "t", "t", "t", "t", "t", "t", "t", "t", "t", "t", "t", "t", "t", "t", "t", "t", "t", "t", "t", "t", "t", "t", "t", "t", "t", "t", "t", "t", "t", "t", "t", "t", "t", "t", "t", "t", "t", "t", "t", "t", "t", "t", "t", "t", "t", "t", "t", "t", "t", "t", "t", "t"]}