{"initial_reset_timestamp": 4169.197980245, "timestamps": [4169.29291889, 4169.339060687, 4169.393533839, 4169.445964919, 4169.495137757, 4169.591342928, 4169.728213374, 4169.810115766, 4169.953745858, 4169.9949057, 4170.062886276, 4170.10492652, 4170.226992158, 4170.323279377, 4170.409348143, 4170.519947383, 4170.714821513, 4170.861045715, 4171.021384802, 4171.190699508, 4171.257739908, 4171.428376319, 4171.487705726, 4171.677164294, 4171.723878394, 4171.884591967, 4171.959409898, 4172.151296295, 4172.330423061, 4172.41400631, 4172.489534092, 4172.568090766, 4172.625798057, 4172.831514433, 4172.92146244, 4173.051488165, 4173.173827337, 4173.321594715, 4173.481599688, 4173.551005394, 4173.614771484, 4173.841782932, 4173.922379326, 4174.035264482, 4174.208155985, 4174.29318414, 4174.434443835, 4174.522449094, 4174.691554913, 4174.836715691, 4174.87767468, 4174.933213906, 4175.027533585, 4175.122067938, 4175.218579774, 4175.257522511, 4175.300376514, 4175.337454518, 4175.43591788, 4175.491240456, 4175.53667314, 4175.723447315, 4175.842501459, 4176.01456776, 4176.148657731, 4176.223987947, 4176.410430877, 4176.499992384, 4176.572576148, 4176.790271197, 4177.048204792, 4177.252134664, 4177.342618626, 4177.461349779, 4177.554560946, 4177.649748613, 4177.797383717, 4178.043645483, 4178.178342772, 4178.24279771, 4178.339724572, 4178.418140801, 4178.509750151, 4178.577298771, 4178.713627963, 4178.792831407, 4178.863360203, 4178.95881304, 4178.994994041, 4179.135663621, 4179.225408767, 4179.297648572, 4179.40752198, 4179.522795676, 4179.56759205, 4179.636879269, 4179.727370886, 4179.861046342, 4179.903331716, 4179.979258788], "episode_lengths": [54, 28, 32, 32, 32, 43, 61, 46, 77, 25, 38, 26, 54, 27, 42, 45, 58, 56, 62, 64, 30, 63, 24, 70, 20, 58, 29, 65, 48, 36, 31, 35, 25, 59, 37, 42, 33, 46, 50, 26, 27, 73, 25, 46, 59, 26, 38, 31, 59, 54, 23, 30, 48, 38, 48, 23, 23, 21, 47, 27, 24, 65, 45, 58, 54, 34, 75, 48, 39, 101, 112, 88, 43, 55, 41, 43, 54, 74, 70, 38, 47, 26, 31, 42, 78, 49, 43, 60, 27, 82, 52, 41, 62, 70, 28, 43, 56, 72, 26, 47], "episode_rewards": [-954.0, -928.0, -932.0, -932.0, -932.0, -943.0, -961.0, -946.0, -977.0, -925.0, -938.0, -926.0, -954.0, -927.0, -942.0, -945.0, -958.0, -956.0, -962.0, -964.0, -930.0, -963.0, -924.0, -970.0, -920.0, -958.0, -929.0, -965.0, -948.0, -936.0, -931.0, -935.0, -925.0, -959.0, -937.0, -942.0, -933.0, -946.0, -950.0, -926.0, -927.0, -973.0, -925.0, -946.0, -959.0, -926.0, -938.0, -931.0, -959.0, -954.0, -923.0, -930.0, -948.0, -938.0, -948.0, -923.0, -923.0, -921.0, -947.0, -927.0, -924.0, -965.0, -945.0, -958.0, -954.0, -934.0, -975.0, -948.0, -939.0, -1001.0, -1012.0, -988.0, -943.0, -955.0, -941.0, -943.0, -954.0, -974.0, -970.0, -938.0, -947.0, -926.0, -931.0, -942.0, -978.0, -949.0, -943.0, -960.0, -927.0, -982.0, -952.0, -941.0, -962.0, -970.0, -928.0, -943.0, -956.0, -972.0, -926.0, -947.0], "episode_types": ["t", "t", "t", "t", "t", "t", "t", "t", "t", "t", "t", "t", "t", "t", "t", "t", "t", "t", "t", "t", "t", "t", "t", "t", "t", "t", "t", "t", "t", "t", "t", "t", "t", "t", "t", "t", "t", "t", "t", "t", "t", "t", "t", "t", "t", "t", "t", "t", "t", "t", "t", "t", "t", "t", "t", "t", "t", "t", "t", "t", "t", "t", "t", "t", "t", "t", "t", "t", "t", "t", "t", "t", "t", "t", "t", "t", "t", "t", "t", "t", "t", "t", "t", "t", "t", "t", "t", "t", "t", "t", "t", "t", "t", "t", "t", "t", "t", "t", "t", "t"]}