{"initial_reset_timestamp": 7693.148787893, "timestamps": [7693.219489316, 7693.368752266, 7693.487867667, 7693.741477672, 7693.877219066, 7694.065318933, 7694.204931639, 7694.279144539, 7694.469219792, 7694.593889933, 7694.664533577, 7694.733082462, 7694.837834609, 7694.881596162, 7695.009906288, 7695.087523045, 7695.211723421, 7695.405401697, 7695.488158258, 7695.530089351, 7695.581321002, 7695.70065242, 7695.849875141, 7695.908131707, 7695.970470052, 7696.129064873, 7696.29202955, 7696.380561992, 7696.449505013, 7696.563929787, 7696.646328551, 7696.771942426, 7696.83555615, 7696.931196993, 7697.029160566, 7697.129464028, 7697.191894104, 7697.257738744, 7697.406898327, 7697.497910145, 7697.566992605, 7697.662680726, 7697.711998543, 7697.846660622, 7697.998039486, 7698.099815434, 7698.173300496, 7698.242112827, 7698.307415387, 7698.475325058, 7698.577253247, 7698.633063108, 7698.815295106, 7699.035989702, 7699.244905173, 7699.306064095, 7699.447670852, 7699.547559893, 7699.667787894, 7699.732811693, 7699.880338118, 7700.033252353, 7700.217492821, 7700.260629234, 7700.304088773, 7700.349418062, 7700.47995446, 7700.546945085, 7700.684137893, 7700.78505607, 7700.824894501, 7700.916604835, 7701.045381389, 7701.193762087, 7701.373580829, 7701.474787931, 7701.75893452, 7701.843131642, 7701.896359484, 7702.013028389, 7702.16588586, 7702.224168283, 7702.321830318, 7702.535916203, 7702.715187882, 7702.923166345, 7703.040159747, 7703.289474991, 7703.359006455, 7703.520139815, 7703.692832746, 7703.83956856, 7704.150307963, 7704.337042084, 7704.556105147, 7704.877912625, 7705.129922013, 7705.342403119, 7705.501788329, 7705.724760375], "episode_lengths": [33, 59, 47, 93, 53, 71, 52, 32, 65, 46, 23, 29, 42, 21, 47, 33, 43, 69, 33, 18, 22, 45, 57, 25, 27, 57, 58, 35, 27, 41, 31, 48, 27, 37, 39, 37, 25, 26, 51, 30, 28, 36, 22, 49, 56, 39, 28, 26, 25, 58, 37, 22, 67, 80, 71, 24, 47, 37, 44, 28, 54, 58, 65, 21, 21, 20, 52, 30, 53, 41, 19, 40, 50, 58, 67, 37, 98, 33, 24, 46, 53, 23, 36, 74, 65, 78, 44, 82, 28, 55, 59, 55, 109, 64, 74, 118, 83, 75, 68, 104], "episode_rewards": [-933.0, -959.0, -947.0, -993.0, -953.0, -971.0, -952.0, -932.0, -965.0, -946.0, -923.0, -929.0, -942.0, -921.0, -947.0, -933.0, -943.0, -969.0, -933.0, -918.0, -922.0, -945.0, -957.0, -925.0, -927.0, -957.0, -958.0, -935.0, -927.0, -941.0, -931.0, -948.0, -927.0, -937.0, -939.0, -937.0, -925.0, -926.0, -951.0, -930.0, -928.0, -936.0, -922.0, -949.0, -956.0, -939.0, -928.0, -926.0, -925.0, -958.0, -937.0, -922.0, -967.0, -980.0, -971.0, -924.0, -947.0, -937.0, -944.0, -928.0, -954.0, -958.0, -965.0, -921.0, -921.0, -920.0, -952.0, -930.0, -953.0, -941.0, -919.0, -940.0, -950.0, -958.0, -967.0, -937.0, -998.0, -933.0, -924.0, -946.0, -953.0, -923.0, -936.0, -974.0, -965.0, -978.0, -944.0, -982.0, -928.0, -955.0, -959.0, -955.0, -1009.0, -964.0, -974.0, -1018.0, -983.0, -975.0, -968.0, -1004.0], "episode_types": ["t", "t", "t", "t", "t", "t", "t", "t", "t", "t", "t", "t", "t", "t", "t", "t", "t", "t", "t", "t", "t", "t", "t", "t", "t", "t", "t", "t", "t", "t", "t", "t", "t", "t", "t", "t", "t", "t", "t", "t", "t", "t", "t", "t", "t", "t", "t", "t", "t", "t", "t", "t", "t", "t", "t", "t", "t", "t", "t", "t", "t", "t", "t", "t", "t", "t", "t", "t", "t", "t", "t", "t", "t", "t", "t", "t", "t", "t", "t", "t", "t", "t", "t", "t", "t", "t", "t", "t", "t", "t", "t", "t", "t", "t", "t", "t", "t", "t", "t", "t"]}