{"initial_reset_timestamp": 4140.599998805, "timestamps": [4140.703313088, 4140.807849062, 4140.861998639, 4141.01624279, 4141.065358417, 4141.152247971, 4141.220209006, 4141.567015471, 4141.601580704, 4141.747192765, 4141.945506132, 4142.056912426, 4142.282846931, 4142.372899913, 4142.424262311, 4142.490393668, 4142.533719147, 4142.829506015, 4142.878586595, 4143.003423464, 4143.10384671, 4143.219522837, 4143.434937642, 4143.540873522, 4143.647243465, 4143.753272651, 4143.894488599, 4143.9544034, 4144.041381542, 4144.143103537, 4144.172960275, 4144.395548351, 4144.441254751, 4144.564541423, 4144.946058852, 4145.060755037, 4145.136480893, 4145.254551068, 4145.296128673, 4145.554100434, 4145.813146684, 4145.897390968, 4146.03974131, 4146.115854156, 4146.204584645, 4146.50907931, 4146.630413906, 4146.836784292, 4146.917828769, 4147.142645077, 4147.312444578, 4147.407798279, 4147.592952169, 4147.73506954, 4147.793017049, 4147.941921021, 4148.027199674, 4148.078872132, 4148.132105873, 4148.201322309, 4148.308385084, 4148.364890001, 4148.516110394, 4148.628226718, 4148.703446034, 4148.792130228, 4148.943087471, 4149.087867976, 4149.176338026, 4149.254815262, 4149.358237114, 4149.509053423, 4149.548196932, 4149.791226862, 4149.845338415, 4149.931137115, 4150.057854918, 4150.103069657, 4150.146712246, 4150.180556399, 4150.257485821, 4150.450322859, 4150.584150802, 4150.693521915, 4150.741387375, 4150.808473773, 4150.867359364, 4151.121845284, 4151.200980096, 4151.329577696, 4151.425479718, 4151.532887006, 4151.626034126, 4151.786902906, 4151.996015962, 4152.399952373, 4152.716909951, 4152.796084072, 4152.989972869, 4153.146088493], "episode_lengths": [28, 27, 18, 62, 29, 44, 26, 74, 18, 51, 48, 22, 48, 26, 24, 26, 23, 68, 25, 45, 39, 32, 59, 31, 32, 37, 40, 37, 35, 44, 24, 96, 19, 42, 94, 32, 29, 51, 26, 58, 58, 24, 59, 29, 29, 55, 28, 65, 33, 68, 67, 43, 72, 65, 32, 65, 40, 29, 32, 40, 56, 24, 57, 43, 30, 39, 65, 64, 43, 39, 49, 77, 22, 103, 30, 40, 48, 25, 23, 19, 41, 81, 58, 48, 25, 31, 30, 98, 33, 54, 44, 48, 37, 66, 88, 148, 112, 32, 70, 57], "episode_rewards": [-928.0, -927.0, -918.0, -962.0, -929.0, -944.0, -926.0, -974.0, -918.0, -951.0, -948.0, -922.0, -948.0, -926.0, -924.0, -926.0, -923.0, -968.0, -925.0, -945.0, -939.0, -932.0, -959.0, -931.0, -932.0, -937.0, -940.0, -937.0, -935.0, -944.0, -924.0, -996.0, -919.0, -942.0, -994.0, -932.0, -929.0, -951.0, -926.0, -958.0, -958.0, -924.0, -959.0, -929.0, -929.0, -955.0, -928.0, -965.0, -933.0, -968.0, -967.0, -943.0, -972.0, -965.0, -932.0, -965.0, -940.0, -929.0, -932.0, -940.0, -956.0, -924.0, -957.0, -943.0, -930.0, -939.0, -965.0, -964.0, -943.0, -939.0, -949.0, -977.0, -922.0, -1003.0, -930.0, -940.0, -948.0, -925.0, -923.0, -919.0, -941.0, -981.0, -958.0, -948.0, -925.0, -931.0, -930.0, -998.0, -933.0, -954.0, -944.0, -948.0, -937.0, -966.0, -988.0, -1048.0, -1012.0, -932.0, -970.0, -957.0], "episode_types": ["t", "t", "t", "t", "t", "t", "t", "t", "t", "t", "t", "t", "t", "t", "t", "t", "t", "t", "t", "t", "t", "t", "t", "t", "t", "t", "t", "t", "t", "t", "t", "t", "t", "t", "t", "t", "t", "t", "t", "t", "t", "t", "t", "t", "t", "t", "t", "t", "t", "t", "t", "t", "t", "t", "t", "t", "t", "t", "t", "t", "t", "t", "t", "t", "t", "t", "t", "t", "t", "t", "t", "t", "t", "t", "t", "t", "t", "t", "t", "t", "t", "t", "t", "t", "t", "t", "t", "t", "t", "t", "t", "t", "t", "t", "t", "t", "t", "t", "t", "t"]}