{"initial_reset_timestamp": 7693.160399922, "timestamps": [7693.321404477, 7693.379262578, 7693.515663135, 7693.60374816, 7693.666287347, 7693.762535807, 7693.87816648, 7694.039965624, 7694.195502086, 7694.38958141, 7694.453167646, 7694.554646542, 7694.641982076, 7694.745102418, 7694.959894383, 7695.100795348, 7695.168295465, 7695.224444806, 7695.350176124, 7695.400710906, 7695.474752383, 7695.632834231, 7695.762016521, 7695.849864553, 7696.031678553, 7696.14939343, 7696.320250671, 7696.39356457, 7696.489739848, 7696.674073015, 7696.955018858, 7697.148746087, 7697.303380972, 7697.373225627, 7697.43725734, 7697.534979143, 7697.627890344, 7697.693607756, 7697.80489627, 7697.934881948, 7697.995697337, 7698.07504899, 7698.195471595, 7698.242626421, 7698.372978209, 7698.50890089, 7698.60530238, 7698.77877143, 7698.962086693, 7699.143607559, 7699.309536364, 7699.527583385, 7699.695104173, 7699.777392327, 7699.844071752, 7699.961766581, 7700.074823092, 7700.145664399, 7700.261799646, 7700.407826822, 7700.536153217, 7700.626911024, 7700.719386887, 7700.873386268, 7700.932167565, 7700.999516596, 7701.153213605, 7701.265663424, 7701.325697162, 7701.421077969, 7701.694144477, 7701.865808946, 7702.048860971, 7702.140633959, 7702.312764849, 7702.577256224, 7702.912150378, 7703.217183808, 7703.437258752, 7703.563537694, 7703.716456982, 7703.949170794, 7704.21079565, 7704.260286938, 7704.428397365, 7704.515679163, 7704.697381556, 7704.968379673, 7705.281460557, 7705.499082667, 7705.652048905, 7705.753286975, 7705.79626481, 7705.861025293, 7705.934273674, 7706.154180084, 7706.225699046, 7706.315680044, 7706.469908073, 7706.624264375], "episode_lengths": [57, 23, 49, 34, 27, 39, 43, 56, 54, 68, 25, 34, 31, 35, 68, 52, 28, 24, 46, 22, 31, 54, 43, 32, 58, 40, 56, 28, 34, 60, 89, 64, 56, 29, 27, 38, 37, 27, 42, 44, 23, 29, 41, 18, 43, 44, 33, 55, 58, 64, 62, 78, 55, 34, 27, 45, 43, 29, 43, 47, 45, 35, 33, 50, 22, 24, 51, 40, 24, 33, 85, 57, 60, 34, 56, 84, 108, 96, 74, 47, 58, 84, 92, 22, 61, 36, 68, 98, 115, 96, 77, 58, 28, 47, 39, 117, 49, 36, 34, 66], "episode_rewards": [-957.0, -923.0, -949.0, -934.0, -927.0, -939.0, -943.0, -956.0, -954.0, -968.0, -925.0, -934.0, -931.0, -935.0, -968.0, -952.0, -928.0, -924.0, -946.0, -922.0, -931.0, -954.0, -943.0, -932.0, -958.0, -940.0, -956.0, -928.0, -934.0, -960.0, -989.0, -964.0, -956.0, -929.0, -927.0, -938.0, -937.0, -927.0, -942.0, -944.0, -923.0, -929.0, -941.0, -918.0, -943.0, -944.0, -933.0, -955.0, -958.0, -964.0, -962.0, -978.0, -955.0, -934.0, -927.0, -945.0, -943.0, -929.0, -943.0, -947.0, -945.0, -935.0, -933.0, -950.0, -922.0, -924.0, -951.0, -940.0, -924.0, -933.0, -985.0, -957.0, -960.0, -934.0, -956.0, -984.0, -1008.0, -996.0, -974.0, -947.0, -958.0, -984.0, -992.0, -922.0, -961.0, -936.0, -968.0, -998.0, -1015.0, -996.0, -977.0, -958.0, -928.0, -947.0, -939.0, -1017.0, -949.0, -936.0, -934.0, -966.0], "episode_types": ["t", "t", "t", "t", "t", "t", "t", "t", "t", "t", "t", "t", "t", "t", "t", "t", "t", "t", "t", "t", "t", "t", "t", "t", "t", "t", "t", "t", "t", "t", "t", "t", "t", "t", "t", "t", "t", "t", "t", "t", "t", "t", "t", "t", "t", "t", "t", "t", "t", "t", "t", "t", "t", "t", "t", "t", "t", "t", "t", "t", "t", "t", "t", "t", "t", "t", "t", "t", "t", "t", "t", "t", "t", "t", "t", "t", "t", "t", "t", "t", "t", "t", "t", "t", "t", "t", "t", "t", "t", "t", "t", "t", "t", "t", "t", "t", "t", "t", "t", "t"]}