{"initial_reset_timestamp": 4071.569390447, "timestamps": [4071.688398498, 4071.803814391, 4072.05174412, 4072.310793253, 4072.414217071, 4072.492588184, 4072.555460421, 4072.705066801, 4072.780053333, 4072.975410809, 4073.054632656, 4073.117577271, 4073.149539706, 4073.193007001, 4073.263317642, 4073.359121477, 4073.439779108, 4073.503447326, 4073.55005448, 4073.752318591, 4073.998240188, 4074.125425556, 4074.343646173, 4074.396841965, 4074.456911384, 4074.543452356, 4074.596736722, 4074.753582038, 4074.819257677, 4074.968451776, 4075.069975289, 4075.170472462, 4075.220760406, 4075.28171892, 4075.33549625, 4075.455269984, 4075.596543936, 4075.645006624, 4075.83151556, 4075.902463694, 4076.004434875, 4076.063207714, 4076.163109782, 4076.34804946, 4076.384319891, 4076.55646616, 4076.618227404, 4076.678570099, 4076.756161884, 4077.035208438, 4077.119029302, 4077.271901801, 4077.424541298, 4077.672184807, 4077.888115867, 4078.129972515, 4078.228045547, 4078.559205424, 4078.678932289, 4078.907038325, 4079.048657512, 4079.1191336, 4079.251753834, 4079.437104437, 4079.514738532, 4079.697568861, 4079.891875831, 4079.986943634, 4080.104105146, 4080.167661573, 4080.365865027, 4080.43867389, 4080.574387154, 4080.684764716, 4080.842041932, 4080.908205035, 4081.062439073, 4081.211598873, 4081.37527902, 4081.416100255, 4081.581837395, 4081.711754967, 4081.929105657, 4082.033320986, 4082.081452087, 4082.192633583, 4082.25605546, 4082.354642389, 4082.625295186, 4082.727065995, 4082.810046401, 4083.054927907, 4083.090191838, 4083.274538307, 4083.411864831, 4083.541430852, 4083.668395808, 4083.725881555, 4083.833897512, 4083.954774664], "episode_lengths": [62, 35, 48, 66, 22, 21, 46, 61, 45, 75, 28, 36, 20, 26, 41, 54, 47, 40, 22, 54, 59, 52, 88, 28, 29, 39, 27, 66, 33, 64, 47, 43, 24, 29, 25, 52, 60, 25, 33, 30, 49, 30, 47, 82, 22, 60, 27, 26, 30, 67, 35, 57, 51, 62, 58, 59, 26, 83, 35, 57, 55, 29, 52, 75, 40, 82, 85, 44, 56, 32, 88, 38, 67, 54, 77, 37, 79, 79, 88, 24, 75, 49, 78, 47, 25, 52, 32, 42, 83, 39, 46, 126, 25, 74, 69, 45, 70, 34, 64, 51], "episode_rewards": [-962.0, -935.0, -948.0, -966.0, -922.0, -921.0, -946.0, -961.0, -945.0, -975.0, -928.0, -936.0, -920.0, -926.0, -941.0, -954.0, -947.0, -940.0, -922.0, -954.0, -959.0, -952.0, -988.0, -928.0, -929.0, -939.0, -927.0, -966.0, -933.0, -964.0, -947.0, -943.0, -924.0, -929.0, -925.0, -952.0, -960.0, -925.0, -933.0, -930.0, -949.0, -930.0, -947.0, -982.0, -922.0, -960.0, -927.0, -926.0, -930.0, -967.0, -935.0, -957.0, -951.0, -962.0, -958.0, -959.0, -926.0, -983.0, -935.0, -957.0, -955.0, -929.0, -952.0, -975.0, -940.0, -982.0, -985.0, -944.0, -956.0, -932.0, -988.0, -938.0, -967.0, -954.0, -977.0, -937.0, -979.0, -979.0, -988.0, -924.0, -975.0, -949.0, -978.0, -947.0, -925.0, -952.0, -932.0, -942.0, -983.0, -939.0, -946.0, -1026.0, -925.0, -974.0, -969.0, -945.0, -970.0, -934.0, -964.0, -951.0], "episode_types": ["t", "t", "t", "t", "t", "t", "t", "t", "t", "t", "t", "t", "t", "t", "t", "t", "t", "t", "t", "t", "t", "t", "t", "t", "t", "t", "t", "t", "t", "t", "t", "t", "t", "t", "t", "t", "t", "t", "t", "t", "t", "t", "t", "t", "t", "t", "t", "t", "t", "t", "t", "t", "t", "t", "t", "t", "t", "t", "t", "t", "t", "t", "t", "t", "t", "t", "t", "t", "t", "t", "t", "t", "t", "t", "t", "t", "t", "t", "t", "t", "t", "t", "t", "t", "t", "t", "t", "t", "t", "t", "t", "t", "t", "t", "t", "t", "t", "t", "t", "t"]}