{"initial_reset_timestamp": 4217.581754853, "timestamps": [4217.749023105, 4217.849235833, 4218.169616191, 4218.289367876, 4218.41986131, 4218.472464483, 4218.500606671, 4218.558567416, 4218.656594103, 4218.692713884, 4218.790071028, 4218.849194085, 4219.046528671, 4219.118991272, 4219.168600681, 4219.232510751, 4219.337751448, 4219.515690383, 4219.645256333, 4219.74105013, 4219.77319803, 4219.840573345, 4219.940866634, 4219.998088131, 4220.082980448, 4220.21571575, 4220.368981211, 4220.408772838, 4220.47879036, 4220.615530048, 4220.668914471, 4220.728270026, 4220.84185851, 4220.952458298, 4220.994769132, 4221.222082437, 4221.367906855, 4221.446731164, 4221.574207352, 4221.638722117, 4221.75227052, 4221.833395584, 4221.966688228, 4222.150940893, 4222.253886909, 4222.379466487, 4222.489964694, 4222.535713325, 4222.568874475, 4222.818597358, 4223.01458872, 4223.144696503, 4223.31739905, 4223.36243749, 4223.438795676, 4223.562752178, 4223.79237564, 4223.983236039, 4224.135451885, 4224.424108523, 4224.593294103, 4224.760598441, 4224.893226153, 4225.264839315, 4225.375043977, 4225.653233012, 4225.789675411, 4225.868912889, 4225.911522364, 4226.041792341, 4226.247253356, 4226.535538003, 4226.630544023, 4226.820523816, 4226.868196895, 4226.954049843, 4227.058045718, 4227.195151723, 4227.310793469, 4227.451088652, 4227.626070223, 4227.703022454, 4227.863480534, 4227.909329071, 4227.946418256, 4228.022122441, 4228.169102458, 4228.299592695, 4228.360499464, 4228.627514681, 4228.746002296, 4228.801710613, 4228.956750782, 4229.029975209, 4229.103275237, 4229.277258607, 4229.484678489, 4229.604276483, 4229.739717228, 4229.794484555], "episode_lengths": [61, 35, 95, 47, 74, 34, 21, 38, 57, 25, 53, 41, 92, 42, 33, 41, 34, 88, 57, 32, 21, 40, 33, 22, 41, 48, 56, 18, 30, 54, 26, 28, 47, 26, 21, 68, 58, 37, 55, 28, 54, 36, 63, 50, 22, 28, 43, 22, 23, 70, 44, 30, 89, 31, 47, 66, 73, 79, 59, 123, 79, 58, 42, 84, 51, 86, 64, 52, 35, 70, 70, 52, 29, 58, 25, 26, 47, 59, 61, 70, 67, 47, 93, 32, 27, 49, 54, 42, 27, 75, 31, 19, 42, 20, 24, 68, 69, 40, 45, 42], "episode_rewards": [-961.0, -935.0, -995.0, -947.0, -974.0, -934.0, -921.0, -938.0, -957.0, -925.0, -953.0, -941.0, -992.0, -942.0, -933.0, -941.0, -934.0, -988.0, -957.0, -932.0, -921.0, -940.0, -933.0, -922.0, -941.0, -948.0, -956.0, -918.0, -930.0, -954.0, -926.0, -928.0, -947.0, -926.0, -921.0, -968.0, -958.0, -937.0, -955.0, -928.0, -954.0, -936.0, -963.0, -950.0, -922.0, -928.0, -943.0, -922.0, -923.0, -970.0, -944.0, -930.0, -989.0, -931.0, -947.0, -966.0, -973.0, -979.0, -959.0, -1023.0, -979.0, -958.0, -942.0, -984.0, -951.0, -986.0, -964.0, -952.0, -935.0, -970.0, -970.0, -952.0, -929.0, -958.0, -925.0, -926.0, -947.0, -959.0, -961.0, -970.0, -967.0, -947.0, -993.0, -932.0, -927.0, -949.0, -954.0, -942.0, -927.0, -975.0, -931.0, -919.0, -942.0, -920.0, -924.0, -968.0, -969.0, -940.0, -945.0, -942.0], "episode_types": ["t", "t", "t", "t", "t", "t", "t", "t", "t", "t", "t", "t", "t", "t", "t", "t", "t", "t", "t", "t", "t", "t", "t", "t", "t", "t", "t", "t", "t", "t", "t", "t", "t", "t", "t", "t", "t", "t", "t", "t", "t", "t", "t", "t", "t", "t", "t", "t", "t", "t", "t", "t", "t", "t", "t", "t", "t", "t", "t", "t", "t", "t", "t", "t", "t", "t", "t", "t", "t", "t", "t", "t", "t", "t", "t", "t", "t", "t", "t", "t", "t", "t", "t", "t", "t", "t", "t", "t", "t", "t", "t", "t", "t", "t", "t", "t", "t", "t", "t", "t"]}