{"initial_reset_timestamp": 7693.144399718, "timestamps": [7693.21025168, 7693.349418642, 7693.45051805, 7693.529255169, 7693.656756769, 7693.745091899, 7693.94081981, 7694.215014321, 7694.340209836, 7694.465689198, 7694.551720975, 7694.757373906, 7694.887678603, 7694.963013294, 7695.036547377, 7695.199250935, 7695.398211284, 7695.4454674, 7695.749540426, 7695.89072615, 7695.961983643, 7696.039630935, 7696.182819847, 7696.29369106, 7696.475853391, 7696.640402951, 7696.789837405, 7696.834096817, 7696.905122541, 7696.961989841, 7697.054038192, 7697.20738746, 7697.311018502, 7697.406897955, 7697.557522154, 7697.758105033, 7697.842665563, 7697.896879703, 7697.980379189, 7698.057021418, 7698.133941106, 7698.191524264, 7698.258899801, 7698.342860467, 7698.477961631, 7698.538167708, 7698.710510527, 7698.776247811, 7698.846322723, 7698.994446041, 7699.045492987, 7699.103009045, 7699.14742212, 7699.308753524, 7699.39752544, 7699.477825403, 7699.585365498, 7699.710217656, 7699.851588047, 7699.959377876, 7700.013898505, 7700.111412211, 7700.286323998, 7700.339920085, 7700.411676492, 7700.571761063, 7700.748324504, 7700.896517788, 7700.990958741, 7701.131402621, 7701.296262128, 7701.353666751, 7701.411311867, 7701.531733763, 7701.611201661, 7701.714545219, 7701.819496384, 7701.962242241, 7702.025220409, 7702.20656261, 7702.390272537, 7702.641829231, 7702.691553423, 7702.93945113, 7703.050093557, 7703.147919365, 7703.273594221, 7703.394288522, 7703.517045149, 7703.685598345, 7703.826619763, 7703.981073711, 7704.167703976, 7704.281207939, 7704.388574178, 7704.529960402, 7704.723072614, 7704.827082282, 7704.997215006, 7705.249135111], "episode_lengths": [31, 50, 40, 33, 48, 31, 62, 94, 48, 40, 37, 76, 49, 30, 30, 59, 74, 22, 108, 49, 30, 34, 54, 45, 69, 62, 55, 19, 31, 25, 36, 58, 42, 36, 58, 73, 36, 24, 34, 32, 32, 26, 29, 34, 52, 26, 65, 29, 29, 57, 23, 25, 21, 61, 35, 33, 43, 48, 54, 43, 24, 39, 67, 23, 29, 61, 68, 57, 37, 55, 59, 26, 25, 48, 32, 42, 42, 54, 29, 67, 68, 92, 22, 90, 45, 41, 51, 47, 49, 65, 55, 59, 71, 46, 44, 55, 72, 41, 65, 79], "episode_rewards": [-931.0, -950.0, -940.0, -933.0, -948.0, -931.0, -962.0, -994.0, -948.0, -940.0, -937.0, -976.0, -949.0, -930.0, -930.0, -959.0, -974.0, -922.0, -1008.0, -949.0, -930.0, -934.0, -954.0, -945.0, -969.0, -962.0, -955.0, -919.0, -931.0, -925.0, -936.0, -958.0, -942.0, -936.0, -958.0, -973.0, -936.0, -924.0, -934.0, -932.0, -932.0, -926.0, -929.0, -934.0, -952.0, -926.0, -965.0, -929.0, -929.0, -957.0, -923.0, -925.0, -921.0, -961.0, -935.0, -933.0, -943.0, -948.0, -954.0, -943.0, -924.0, -939.0, -967.0, -923.0, -929.0, -961.0, -968.0, -957.0, -937.0, -955.0, -959.0, -926.0, -925.0, -948.0, -932.0, -942.0, -942.0, -954.0, -929.0, -967.0, -968.0, -992.0, -922.0, -990.0, -945.0, -941.0, -951.0, -947.0, -949.0, -965.0, -955.0, -959.0, -971.0, -946.0, -944.0, -955.0, -972.0, -941.0, -965.0, -979.0], "episode_types": ["t", "t", "t", "t", "t", "t", "t", "t", "t", "t", "t", "t", "t", "t", "t", "t", "t", "t", "t", "t", "t", "t", "t", "t", "t", "t", "t", "t", "t", "t", "t", "t", "t", "t", "t", "t", "t", "t", "t", "t", "t", "t", "t", "t", "t", "t", "t", "t", "t", "t", "t", "t", "t", "t", "t", "t", "t", "t", "t", "t", "t", "t", "t", "t", "t", "t", "t", "t", "t", "t", "t", "t", "t", "t", "t", "t", "t", "t", "t", "t", "t", "t", "t", "t", "t", "t", "t", "t", "t", "t", "t", "t", "t", "t", "t", "t", "t", "t", "t", "t"]}