{"initial_reset_timestamp": 4165.325790676, "timestamps": [4165.457852463, 4165.564714812, 4165.736221492, 4165.874549545, 4166.045013657, 4166.230490417, 4166.366341904, 4166.558405924, 4166.628720653, 4166.791557814, 4166.872133438, 4167.064092933, 4167.108533181, 4167.330786257, 4167.408108962, 4167.572899621, 4167.634973578, 4167.699031702, 4167.962903081, 4168.042671036, 4168.131039243, 4168.24327331, 4168.312440734, 4168.383628482, 4168.420180206, 4168.49787645, 4168.631585118, 4168.67996423, 4168.733774615, 4168.794694323, 4168.966745247, 4169.062247064, 4169.133990216, 4169.182704775, 4169.281469978, 4169.384554233, 4169.423135266, 4169.53266609, 4169.700573915, 4169.843396259, 4169.899365926, 4169.976399828, 4170.009932137, 4170.056741261, 4170.104169002, 4170.198420749, 4170.238360177, 4170.330663738, 4170.413687856, 4170.50256484, 4170.592467973, 4170.73182046, 4170.796942364, 4171.005831005, 4171.145026728, 4171.238658891, 4171.306055219, 4171.360351785, 4171.468136634, 4171.542392275, 4171.679823482, 4171.834922063, 4171.935043826, 4172.069628758, 4172.134745932, 4172.178825823, 4172.227816531, 4172.367796284, 4172.531428068, 4172.714512682, 4172.923616053, 4172.985423841, 4173.163394535, 4173.453589076, 4173.693908621, 4173.831332511, 4173.928619979, 4174.060798875, 4174.279709084, 4174.462470379, 4174.522142435, 4174.606596914, 4174.809537668, 4175.011373724, 4175.065762923, 4175.148458646, 4175.399106531, 4175.698601765, 4175.797890533, 4176.071393478, 4176.274065568, 4176.501161666, 4176.694514739, 4176.77677963, 4176.972701376, 4177.094697352, 4177.288719609, 4177.332174625, 4177.451644275, 4177.509168265], "episode_lengths": [49, 24, 59, 30, 31, 35, 31, 55, 19, 62, 40, 49, 26, 99, 45, 68, 24, 33, 79, 44, 39, 55, 41, 49, 29, 46, 89, 34, 29, 41, 76, 54, 47, 32, 53, 62, 25, 65, 96, 78, 31, 48, 22, 29, 31, 48, 26, 50, 39, 37, 38, 57, 30, 79, 58, 42, 32, 25, 48, 33, 55, 62, 42, 48, 26, 21, 24, 60, 59, 73, 89, 29, 74, 109, 96, 58, 43, 57, 85, 61, 21, 19, 76, 71, 25, 39, 111, 126, 41, 101, 79, 79, 66, 34, 73, 45, 50, 20, 47, 30], "episode_rewards": [-949.0, -924.0, -959.0, -930.0, -931.0, -935.0, -931.0, -955.0, -919.0, -962.0, -940.0, -949.0, -926.0, -999.0, -945.0, -968.0, -924.0, -933.0, -979.0, -944.0, -939.0, -955.0, -941.0, -949.0, -929.0, -946.0, -989.0, -934.0, -929.0, -941.0, -976.0, -954.0, -947.0, -932.0, -953.0, -962.0, -925.0, -965.0, -996.0, -978.0, -931.0, -948.0, -922.0, -929.0, -931.0, -948.0, -926.0, -950.0, -939.0, -937.0, -938.0, -957.0, -930.0, -979.0, -958.0, -942.0, -932.0, -925.0, -948.0, -933.0, -955.0, -962.0, -942.0, -948.0, -926.0, -921.0, -924.0, -960.0, -959.0, -973.0, -989.0, -929.0, -974.0, -1009.0, -996.0, -958.0, -943.0, -957.0, -985.0, -961.0, -921.0, -919.0, -976.0, -971.0, -925.0, -939.0, -1011.0, -1026.0, -941.0, -1001.0, -979.0, -979.0, -966.0, -934.0, -973.0, -945.0, -950.0, -920.0, -947.0, -930.0], "episode_types": ["t", "t", "t", "t", "t", "t", "t", "t", "t", "t", "t", "t", "t", "t", "t", "t", "t", "t", "t", "t", "t", "t", "t", "t", "t", "t", "t", "t", "t", "t", "t", "t", "t", "t", "t", "t", "t", "t", "t", "t", "t", "t", "t", "t", "t", "t", "t", "t", "t", "t", "t", "t", "t", "t", "t", "t", "t", "t", "t", "t", "t", "t", "t", "t", "t", "t", "t", "t", "t", "t", "t", "t", "t", "t", "t", "t", "t", "t", "t", "t", "t", "t", "t", "t", "t", "t", "t", "t", "t", "t", "t", "t", "t", "t", "t", "t", "t", "t", "t", "t"]}