{"initial_reset_timestamp": 4248.566489917, "timestamps": [4248.616131326, 4248.671833604, 4248.717650924, 4248.792409759, 4248.832168067, 4248.896179093, 4249.066780973, 4249.101830833, 4249.278485549, 4249.320779247, 4249.553008208, 4249.617569769, 4249.722880342, 4249.913503117, 4249.982710914, 4250.024069242, 4250.140627607, 4250.259828235, 4250.322638138, 4250.429199881, 4250.48718782, 4250.617509548, 4250.677972503, 4250.806740474, 4250.859423771, 4250.940714107, 4251.026356998, 4251.094270965, 4251.20306216, 4251.244192223, 4251.372872246, 4251.507871731, 4251.558522773, 4251.635387436, 4251.711457896, 4251.884813353, 4251.938741064, 4252.002981152, 4252.113549404, 4252.248641477, 4252.381391153, 4252.54359187, 4252.587384087, 4252.658708296, 4252.74760141, 4252.841843451, 4252.950340244, 4253.061297226, 4253.246508709, 4253.329089316, 4253.50686882, 4253.627364432, 4253.680888522, 4253.757673488, 4253.845732156, 4253.981933944, 4254.025044774, 4254.161107688, 4254.242133218, 4254.339486771, 4254.400383795, 4254.434718892, 4254.574431036, 4254.648963654, 4254.678865786, 4254.920703297, 4255.14801242, 4255.576990125, 4255.719081698, 4255.915117286, 4256.145041839, 4256.29294047, 4256.553538279, 4257.026862075, 4257.229353568, 4257.426503487, 4257.509195452, 4257.610450509, 4257.809823893, 4257.896174132, 4258.017001038, 4258.084705278, 4258.185535295, 4258.353107968, 4258.381140957, 4258.532196048, 4258.578954475, 4258.622260146, 4258.918449999, 4259.055257533, 4259.290096169, 4259.345133825, 4259.416890322, 4259.631592399, 4259.746442895, 4259.985148286, 4260.213283018, 4260.389732391, 4260.726414656, 4260.966499854], "episode_lengths": [28, 34, 29, 39, 24, 34, 82, 20, 51, 21, 90, 19, 25, 53, 21, 23, 45, 52, 29, 51, 23, 61, 34, 65, 29, 45, 46, 32, 59, 27, 60, 72, 33, 46, 46, 83, 21, 32, 36, 34, 39, 46, 21, 37, 25, 55, 32, 33, 46, 23, 56, 52, 32, 24, 34, 72, 28, 55, 24, 53, 36, 24, 57, 28, 21, 67, 73, 89, 56, 100, 101, 49, 63, 98, 51, 58, 25, 48, 59, 43, 41, 28, 35, 55, 20, 63, 30, 28, 77, 32, 98, 38, 20, 80, 44, 71, 64, 87, 90, 71], "episode_rewards": [-928.0, -934.0, -929.0, -939.0, -924.0, -934.0, -982.0, -920.0, -951.0, -921.0, -990.0, -919.0, -925.0, -953.0, -921.0, -923.0, -945.0, -952.0, -929.0, -951.0, -923.0, -961.0, -934.0, -965.0, -929.0, -945.0, -946.0, -932.0, -959.0, -927.0, -960.0, -972.0, -933.0, -946.0, -946.0, -983.0, -921.0, -932.0, -936.0, -934.0, -939.0, -946.0, -921.0, -937.0, -925.0, -955.0, -932.0, -933.0, -946.0, -923.0, -956.0, -952.0, -932.0, -924.0, -934.0, -972.0, -928.0, -955.0, -924.0, -953.0, -936.0, -924.0, -957.0, -928.0, -921.0, -967.0, -973.0, -989.0, -956.0, -1000.0, -1001.0, -949.0, -963.0, -998.0, -951.0, -958.0, -925.0, -948.0, -959.0, -943.0, -941.0, -928.0, -935.0, -955.0, -920.0, -963.0, -930.0, -928.0, -977.0, -932.0, -998.0, -938.0, -920.0, -980.0, -944.0, -971.0, -964.0, -987.0, -990.0, -971.0], "episode_types": ["t", "t", "t", "t", "t", "t", "t", "t", "t", "t", "t", "t", "t", "t", "t", "t", "t", "t", "t", "t", "t", "t", "t", "t", "t", "t", "t", "t", "t", "t", "t", "t", "t", "t", "t", "t", "t", "t", "t", "t", "t", "t", "t", "t", "t", "t", "t", "t", "t", "t", "t", "t", "t", "t", "t", "t", "t", "t", "t", "t", "t", "t", "t", "t", "t", "t", "t", "t", "t", "t", "t", "t", "t", "t", "t", "t", "t", "t", "t", "t", "t", "t", "t", "t", "t", "t", "t", "t", "t", "t", "t", "t", "t", "t", "t", "t", "t", "t", "t", "t"]}