{"initial_reset_timestamp": 4072.684954611, "timestamps": [4072.813090211, 4073.113988621, 4073.217676091, 4073.394450661, 4073.510277957, 4073.573368974, 4073.662038508, 4073.965625641, 4074.065944699, 4074.161238901, 4074.24924862, 4074.329096569, 4074.400665935, 4074.56835479, 4074.67586555, 4074.808904171, 4074.903943804, 4075.024739686, 4075.101770487, 4075.218934134, 4075.297345351, 4075.552242141, 4075.61134416, 4075.695266948, 4075.735734174, 4075.807022392, 4075.902722297, 4076.021186812, 4076.139303637, 4076.241947806, 4076.285619796, 4076.326898438, 4076.372312733, 4076.520244761, 4076.580801145, 4076.641322301, 4076.680848821, 4076.743754646, 4076.798824716, 4076.933884473, 4076.978738267, 4077.10746112, 4077.20932768, 4077.255471824, 4077.357196905, 4077.494839337, 4077.669731658, 4077.7963282, 4077.870124994, 4077.94798727, 4077.998470058, 4078.108176596, 4078.155959268, 4078.289095765, 4078.346035857, 4078.429525605, 4078.476075189, 4078.626901881, 4078.781271689, 4078.934574012, 4079.076359123, 4079.237576449, 4079.285346872, 4079.375088343, 4079.499733962, 4079.726989685, 4079.897986048, 4080.054853458, 4080.129734679, 4080.250926412, 4080.346503061, 4080.472363072, 4080.516474509, 4080.638646871, 4080.727573515, 4080.855019449, 4080.902803301, 4080.96117915, 4081.095886849, 4081.145891385, 4081.237505215, 4081.283706864, 4081.368533234, 4081.408662362, 4081.497156002, 4081.571803336, 4081.673976281, 4081.753896485, 4081.85832657, 4081.899962025, 4082.109579335, 4082.29234701, 4082.354655153, 4082.508612719, 4082.653203716, 4082.765339616, 4082.897575487, 4083.229499011, 4083.491148838, 4083.756857465], "episode_lengths": [59, 102, 30, 37, 29, 25, 39, 57, 43, 41, 35, 32, 30, 62, 42, 54, 39, 48, 29, 44, 31, 92, 29, 41, 25, 40, 39, 55, 52, 46, 28, 28, 21, 58, 30, 33, 19, 31, 27, 60, 26, 54, 46, 24, 47, 61, 76, 54, 39, 37, 25, 53, 25, 48, 23, 36, 23, 64, 64, 66, 61, 70, 25, 44, 49, 87, 64, 59, 33, 48, 38, 53, 22, 54, 40, 56, 26, 30, 63, 25, 45, 24, 47, 23, 43, 38, 48, 43, 56, 30, 64, 68, 28, 52, 56, 29, 29, 80, 57, 78], "episode_rewards": [-959.0, -1002.0, -930.0, -937.0, -929.0, -925.0, -939.0, -957.0, -943.0, -941.0, -935.0, -932.0, -930.0, -962.0, -942.0, -954.0, -939.0, -948.0, -929.0, -944.0, -931.0, -992.0, -929.0, -941.0, -925.0, -940.0, -939.0, -955.0, -952.0, -946.0, -928.0, -928.0, -921.0, -958.0, -930.0, -933.0, -919.0, -931.0, -927.0, -960.0, -926.0, -954.0, -946.0, -924.0, -947.0, -961.0, -976.0, -954.0, -939.0, -937.0, -925.0, -953.0, -925.0, -948.0, -923.0, -936.0, -923.0, -964.0, -964.0, -966.0, -961.0, -970.0, -925.0, -944.0, -949.0, -987.0, -964.0, -959.0, -933.0, -948.0, -938.0, -953.0, -922.0, -954.0, -940.0, -956.0, -926.0, -930.0, -963.0, -925.0, -945.0, -924.0, -947.0, -923.0, -943.0, -938.0, -948.0, -943.0, -956.0, -930.0, -964.0, -968.0, -928.0, -952.0, -956.0, -929.0, -929.0, -980.0, -957.0, -978.0], "episode_types": ["t", "t", "t", "t", "t", "t", "t", "t", "t", "t", "t", "t", "t", "t", "t", "t", "t", "t", "t", "t", "t", "t", "t", "t", "t", "t", "t", "t", "t", "t", "t", "t", "t", "t", "t", "t", "t", "t", "t", "t", "t", "t", "t", "t", "t", "t", "t", "t", "t", "t", "t", "t", "t", "t", "t", "t", "t", "t", "t", "t", "t", "t", "t", "t", "t", "t", "t", "t", "t", "t", "t", "t", "t", "t", "t", "t", "t", "t", "t", "t", "t", "t", "t", "t", "t", "t", "t", "t", "t", "t", "t", "t", "t", "t", "t", "t", "t", "t", "t", "t"]}