{"initial_reset_timestamp": 4185.346000981, "timestamps": [4185.430541932, 4185.47081852, 4185.502673139, 4185.536541386, 4185.58655093, 4185.638098485, 4185.723248266, 4185.774720992, 4185.87198267, 4186.1259603, 4186.207041708, 4186.266752329, 4186.308547418, 4186.354789854, 4186.386679079, 4186.453613921, 4186.471786235, 4186.496125589, 4186.544025569, 4186.617199934, 4186.748299728, 4186.806957478, 4186.897831518, 4186.94211188, 4186.988324714, 4187.059465225, 4187.182439468, 4187.300438621, 4187.404132739, 4187.510888058, 4187.629726685, 4187.751869765, 4187.84836888, 4188.087687527, 4188.193751546, 4188.402397496, 4188.556248315, 4188.677525047, 4188.913116604, 4188.960599752, 4189.086110517, 4189.346775681, 4189.448803145, 4189.529703744, 4189.644516469, 4189.907834554, 4189.971032371, 4189.997953046, 4190.164653899, 4190.227749289, 4190.277069785, 4190.400351288, 4190.471327529, 4190.598385864, 4190.71321226, 4190.848254324, 4190.987790541, 4191.09261675, 4191.159910062, 4191.275185617, 4191.357095995, 4191.414599359, 4191.63055916, 4191.763226063, 4191.856735031, 4192.053551869, 4192.178635008, 4192.44950448, 4192.693205197, 4192.917289836, 4193.150395712, 4193.504786111, 4193.685878699, 4193.932989276, 4194.206702834, 4194.374296153, 4194.407193139, 4194.560937063, 4194.763062041, 4194.833768757, 4194.908945534, 4194.943924997, 4195.011059696, 4195.112999455, 4195.194656903, 4195.478068966, 4195.592371568, 4195.709469993, 4195.80203175, 4195.898453813, 4196.083100049, 4196.165297509, 4196.433569263, 4196.54896338, 4196.677389369, 4196.787315309, 4196.872082655, 4197.110602759, 4197.349301003, 4197.40812055], "episode_lengths": [59, 30, 26, 28, 34, 31, 51, 30, 57, 103, 35, 29, 28, 30, 26, 50, 16, 19, 36, 50, 85, 43, 66, 34, 37, 50, 53, 34, 30, 49, 29, 45, 29, 82, 31, 48, 47, 31, 64, 33, 41, 68, 26, 46, 26, 61, 37, 19, 69, 21, 33, 55, 25, 49, 59, 69, 81, 68, 46, 56, 28, 23, 55, 50, 27, 47, 48, 77, 54, 79, 76, 104, 55, 64, 119, 57, 22, 53, 68, 44, 41, 24, 37, 59, 54, 99, 49, 52, 45, 41, 74, 37, 97, 45, 48, 43, 39, 104, 93, 22], "episode_rewards": [-959.0, -930.0, -926.0, -928.0, -934.0, -931.0, -951.0, -930.0, -957.0, -1003.0, -935.0, -929.0, -928.0, -930.0, -926.0, -950.0, -916.0, -919.0, -936.0, -950.0, -985.0, -943.0, -966.0, -934.0, -937.0, -950.0, -953.0, -934.0, -930.0, -949.0, -929.0, -945.0, -929.0, -982.0, -931.0, -948.0, -947.0, -931.0, -964.0, -933.0, -941.0, -968.0, -926.0, -946.0, -926.0, -961.0, -937.0, -919.0, -969.0, -921.0, -933.0, -955.0, -925.0, -949.0, -959.0, -969.0, -981.0, -968.0, -946.0, -956.0, -928.0, -923.0, -955.0, -950.0, -927.0, -947.0, -948.0, -977.0, -954.0, -979.0, -976.0, -1004.0, -955.0, -964.0, -1019.0, -957.0, -922.0, -953.0, -968.0, -944.0, -941.0, -924.0, -937.0, -959.0, -954.0, -999.0, -949.0, -952.0, -945.0, -941.0, -974.0, -937.0, -997.0, -945.0, -948.0, -943.0, -939.0, -1004.0, -993.0, -922.0], "episode_types": ["t", "t", "t", "t", "t", "t", "t", "t", "t", "t", "t", "t", "t", "t", "t", "t", "t", "t", "t", "t", "t", "t", "t", "t", "t", "t", "t", "t", "t", "t", "t", "t", "t", "t", "t", "t", "t", "t", "t", "t", "t", "t", "t", "t", "t", "t", "t", "t", "t", "t", "t", "t", "t", "t", "t", "t", "t", "t", "t", "t", "t", "t", "t", "t", "t", "t", "t", "t", "t", "t", "t", "t", "t", "t", "t", "t", "t", "t", "t", "t", "t", "t", "t", "t", "t", "t", "t", "t", "t", "t", "t", "t", "t", "t", "t", "t", "t", "t", "t", "t"]}