{"initial_reset_timestamp": 4143.691913464, "timestamps": [4143.940882238, 4144.150259623, 4144.346229438, 4144.459380073, 4144.59741178, 4144.771831072, 4145.005747042, 4145.076717819, 4145.1554708, 4145.288292712, 4145.353487308, 4145.451524717, 4145.57785622, 4145.802094547, 4145.918089292, 4145.983611597, 4146.103015063, 4146.235437517, 4146.294472761, 4146.355106694, 4146.467123626, 4146.547922657, 4146.620956266, 4146.693444717, 4146.745293346, 4146.799169774, 4146.832796888, 4146.880178345, 4146.997574092, 4147.109317211, 4147.161861807, 4147.294284473, 4147.335128808, 4147.466690573, 4147.559898692, 4147.721405121, 4147.821574606, 4147.923753054, 4147.986137214, 4148.028606475, 4148.114196402, 4148.153942825, 4148.19437473, 4148.366067153, 4148.429348796, 4148.466100309, 4148.507425284, 4148.600178253, 4148.655780617, 4148.734972976, 4148.782651812, 4148.817504057, 4148.907446168, 4148.968632529, 4149.023128247, 4149.130630925, 4149.235077072, 4149.278322169, 4149.327926445, 4149.426085038, 4149.561740957, 4149.763560299, 4149.881405336, 4150.021817232, 4150.077041254, 4150.2231467, 4150.42457342, 4150.526959871, 4150.588623732, 4150.650961346, 4150.80046246, 4150.907965661, 4151.28096856, 4151.541088096, 4151.794261609, 4152.045656844, 4152.089159459, 4152.222903241, 4152.320837394, 4152.367263473, 4152.52597588, 4152.627453566, 4152.834203111, 4153.087839719, 4153.222266855, 4153.500507582, 4153.573583835, 4153.631722358, 4153.782728365, 4153.83460776, 4153.941957914, 4154.0725233, 4154.150021376, 4154.239946085, 4154.390724003, 4154.561204256, 4154.611592428, 4154.654100167, 4154.738615812, 4154.887028522], "episode_lengths": [67, 60, 60, 37, 39, 42, 48, 24, 26, 64, 35, 31, 38, 64, 33, 23, 36, 52, 35, 39, 66, 50, 44, 44, 34, 36, 22, 31, 44, 35, 21, 49, 21, 64, 35, 79, 52, 45, 28, 21, 41, 21, 23, 59, 28, 20, 22, 41, 25, 40, 26, 19, 44, 32, 28, 50, 52, 21, 22, 30, 35, 91, 57, 58, 27, 71, 73, 41, 27, 25, 57, 32, 93, 65, 84, 99, 23, 57, 41, 18, 39, 37, 73, 82, 52, 112, 35, 32, 68, 28, 49, 59, 34, 41, 68, 76, 25, 21, 39, 67], "episode_rewards": [-967.0, -960.0, -960.0, -937.0, -939.0, -942.0, -948.0, -924.0, -926.0, -964.0, -935.0, -931.0, -938.0, -964.0, -933.0, -923.0, -936.0, -952.0, -935.0, -939.0, -966.0, -950.0, -944.0, -944.0, -934.0, -936.0, -922.0, -931.0, -944.0, -935.0, -921.0, -949.0, -921.0, -964.0, -935.0, -979.0, -952.0, -945.0, -928.0, -921.0, -941.0, -921.0, -923.0, -959.0, -928.0, -920.0, -922.0, -941.0, -925.0, -940.0, -926.0, -919.0, -944.0, -932.0, -928.0, -950.0, -952.0, -921.0, -922.0, -930.0, -935.0, -991.0, -957.0, -958.0, -927.0, -971.0, -973.0, -941.0, -927.0, -925.0, -957.0, -932.0, -993.0, -965.0, -984.0, -999.0, -923.0, -957.0, -941.0, -918.0, -939.0, -937.0, -973.0, -982.0, -952.0, -1012.0, -935.0, -932.0, -968.0, -928.0, -949.0, -959.0, -934.0, -941.0, -968.0, -976.0, -925.0, -921.0, -939.0, -967.0], "episode_types": ["t", "t", "t", "t", "t", "t", "t", "t", "t", "t", "t", "t", "t", "t", "t", "t", "t", "t", "t", "t", "t", "t", "t", "t", "t", "t", "t", "t", "t", "t", "t", "t", "t", "t", "t", "t", "t", "t", "t", "t", "t", "t", "t", "t", "t", "t", "t", "t", "t", "t", "t", "t", "t", "t", "t", "t", "t", "t", "t", "t", "t", "t", "t", "t", "t", "t", "t", "t", "t", "t", "t", "t", "t", "t", "t", "t", "t", "t", "t", "t", "t", "t", "t", "t", "t", "t", "t", "t", "t", "t", "t", "t", "t", "t", "t", "t", "t", "t", "t", "t"]}