{"initial_reset_timestamp": 4096.728729246, "timestamps": [4096.814122804, 4096.897804143, 4097.146606414, 4097.328380716, 4097.484443809, 4097.607930179, 4097.779059441, 4097.859690749, 4097.906891337, 4098.001520813, 4098.174099058, 4098.224646263, 4098.412692109, 4098.635452924, 4098.692226719, 4098.809926112, 4098.946107144, 4098.985163582, 4099.049919695, 4099.249498183, 4099.302379267, 4099.351594053, 4099.412353807, 4099.66984948, 4099.790806714, 4099.850048477, 4099.945362756, 4100.073049369, 4100.129817431, 4100.222568656, 4100.279285757, 4100.380512972, 4100.437146373, 4100.48530262, 4100.561947367, 4100.638679442, 4100.728062768, 4100.882600771, 4100.923683506, 4101.069803508, 4101.137552834, 4101.18446767, 4101.243200291, 4101.350177383, 4101.44608411, 4101.602182172, 4101.761750776, 4101.869971377, 4102.032949349, 4102.122723237, 4102.172245318, 4102.331926739, 4102.573471248, 4102.637001503, 4102.677291521, 4102.831389312, 4102.925685369, 4102.984030073, 4103.091148547, 4103.192257447, 4103.351845467, 4103.442759264, 4103.75510877, 4103.83604709, 4103.993973466, 4104.081811607, 4104.225882941, 4104.4462005, 4104.618530309, 4104.73955905, 4104.801005572, 4104.884495291, 4104.929794613, 4105.041542597, 4105.076054833, 4105.176677133, 4105.214976851, 4105.258066848, 4105.306939618, 4105.392616103, 4105.625109854, 4105.699813482, 4105.787968478, 4105.839219542, 4105.969859638, 4106.039256556, 4106.101828308, 4106.163500038, 4106.518204381, 4106.656534137, 4106.876034244, 4107.134975781, 4107.39751693, 4107.663743332, 4107.925572579, 4107.998768003, 4108.323425115, 4108.821818357, 4109.174131064, 4109.403148432], "episode_lengths": [25, 33, 42, 41, 47, 33, 54, 34, 21, 39, 66, 23, 45, 51, 27, 35, 31, 19, 30, 50, 30, 27, 30, 108, 50, 31, 32, 56, 32, 45, 29, 44, 30, 24, 37, 42, 44, 56, 22, 62, 37, 25, 32, 50, 45, 51, 62, 45, 39, 24, 27, 45, 70, 30, 18, 59, 32, 27, 29, 29, 64, 43, 88, 28, 49, 40, 55, 80, 66, 44, 34, 44, 28, 47, 25, 61, 25, 25, 20, 27, 75, 29, 38, 23, 39, 32, 31, 21, 126, 44, 86, 71, 61, 81, 88, 26, 114, 107, 87, 69], "episode_rewards": [-925.0, -933.0, -942.0, -941.0, -947.0, -933.0, -954.0, -934.0, -921.0, -939.0, -966.0, -923.0, -945.0, -951.0, -927.0, -935.0, -931.0, -919.0, -930.0, -950.0, -930.0, -927.0, -930.0, -1008.0, -950.0, -931.0, -932.0, -956.0, -932.0, -945.0, -929.0, -944.0, -930.0, -924.0, -937.0, -942.0, -944.0, -956.0, -922.0, -962.0, -937.0, -925.0, -932.0, -950.0, -945.0, -951.0, -962.0, -945.0, -939.0, -924.0, -927.0, -945.0, -970.0, -930.0, -918.0, -959.0, -932.0, -927.0, -929.0, -929.0, -964.0, -943.0, -988.0, -928.0, -949.0, -940.0, -955.0, -980.0, -966.0, -944.0, -934.0, -944.0, -928.0, -947.0, -925.0, -961.0, -925.0, -925.0, -920.0, -927.0, -975.0, -929.0, -938.0, -923.0, -939.0, -932.0, -931.0, -921.0, -1026.0, -944.0, -986.0, -971.0, -961.0, -981.0, -988.0, -926.0, -1014.0, -1007.0, -987.0, -969.0], "episode_types": ["t", "t", "t", "t", "t", "t", "t", "t", "t", "t", "t", "t", "t", "t", "t", "t", "t", "t", "t", "t", "t", "t", "t", "t", "t", "t", "t", "t", "t", "t", "t", "t", "t", "t", "t", "t", "t", "t", "t", "t", "t", "t", "t", "t", "t", "t", "t", "t", "t", "t", "t", "t", "t", "t", "t", "t", "t", "t", "t", "t", "t", "t", "t", "t", "t", "t", "t", "t", "t", "t", "t", "t", "t", "t", "t", "t", "t", "t", "t", "t", "t", "t", "t", "t", "t", "t", "t", "t", "t", "t", "t", "t", "t", "t", "t", "t", "t", "t", "t", "t"]}