{"initial_reset_timestamp": 4096.134664363, "timestamps": [4096.247496505, 4096.295979634, 4096.339973237, 4096.448030949, 4096.504700455, 4096.531904761, 4096.597760932, 4096.793550408, 4097.100897638, 4097.253519668, 4097.350768014, 4097.500778996, 4097.584175771, 4097.685520999, 4097.760343586, 4097.919400364, 4098.001921721, 4098.171085104, 4098.274306961, 4098.371517796, 4098.453188564, 4098.51784016, 4098.551177159, 4098.604455675, 4098.715833161, 4098.818791116, 4099.040972991, 4099.150166528, 4099.187578312, 4099.325459512, 4099.40987121, 4099.575223408, 4099.722816732, 4099.79081579, 4099.947361253, 4100.034260589, 4100.139826363, 4100.197016177, 4100.257107191, 4100.329224604, 4100.432118992, 4100.68979714, 4101.002850453, 4101.226447705, 4101.483309788, 4101.570115723, 4101.61148332, 4101.675292866, 4101.745958146, 4101.87330102, 4101.943363813, 4101.999022285, 4102.075328147, 4102.269960069, 4102.391668827, 4102.446953955, 4102.586834043, 4102.702338268, 4102.806940758, 4102.839112214, 4102.883801872, 4103.013784247, 4103.078913263, 4103.130165296, 4103.209680235, 4103.394344784, 4103.68718923, 4103.746681424, 4103.801633567, 4103.900917336, 4104.176837507, 4104.300709126, 4104.437215805, 4104.65989722, 4105.031518671, 4105.087422423, 4105.205706553, 4105.431800553, 4105.59150609, 4105.704652286, 4105.907393399, 4106.060461996, 4106.184173239, 4106.246075007, 4106.375381988, 4106.44168755, 4106.730034562, 4106.896274776, 4107.007777362, 4107.074460009, 4107.229257914, 4107.266159968, 4107.45214337, 4107.568642889, 4107.705297863, 4107.920547243, 4108.018336498, 4108.118630222, 4108.26341816, 4108.497245793], "episode_lengths": [45, 31, 27, 64, 37, 18, 35, 56, 61, 31, 23, 46, 33, 41, 31, 61, 35, 58, 26, 28, 33, 26, 18, 30, 53, 55, 89, 58, 24, 48, 36, 54, 45, 29, 36, 28, 34, 25, 26, 25, 30, 60, 71, 58, 69, 23, 20, 28, 31, 42, 33, 25, 21, 67, 43, 26, 46, 52, 48, 20, 23, 55, 34, 26, 31, 53, 104, 31, 23, 39, 57, 37, 42, 48, 110, 27, 58, 71, 74, 33, 48, 47, 55, 34, 59, 30, 106, 38, 27, 23, 48, 23, 76, 56, 55, 52, 28, 23, 45, 69], "episode_rewards": [-945.0, -931.0, -927.0, -964.0, -937.0, -918.0, -935.0, -956.0, -961.0, -931.0, -923.0, -946.0, -933.0, -941.0, -931.0, -961.0, -935.0, -958.0, -926.0, -928.0, -933.0, -926.0, -918.0, -930.0, -953.0, -955.0, -989.0, -958.0, -924.0, -948.0, -936.0, -954.0, -945.0, -929.0, -936.0, -928.0, -934.0, -925.0, -926.0, -925.0, -930.0, -960.0, -971.0, -958.0, -969.0, -923.0, -920.0, -928.0, -931.0, -942.0, -933.0, -925.0, -921.0, -967.0, -943.0, -926.0, -946.0, -952.0, -948.0, -920.0, -923.0, -955.0, -934.0, -926.0, -931.0, -953.0, -1004.0, -931.0, -923.0, -939.0, -957.0, -937.0, -942.0, -948.0, -1010.0, -927.0, -958.0, -971.0, -974.0, -933.0, -948.0, -947.0, -955.0, -934.0, -959.0, -930.0, -1006.0, -938.0, -927.0, -923.0, -948.0, -923.0, -976.0, -956.0, -955.0, -952.0, -928.0, -923.0, -945.0, -969.0], "episode_types": ["t", "t", "t", "t", "t", "t", "t", "t", "t", "t", "t", "t", "t", "t", "t", "t", "t", "t", "t", "t", "t", "t", "t", "t", "t", "t", "t", "t", "t", "t", "t", "t", "t", "t", "t", "t", "t", "t", "t", "t", "t", "t", "t", "t", "t", "t", "t", "t", "t", "t", "t", "t", "t", "t", "t", "t", "t", "t", "t", "t", "t", "t", "t", "t", "t", "t", "t", "t", "t", "t", "t", "t", "t", "t", "t", "t", "t", "t", "t", "t", "t", "t", "t", "t", "t", "t", "t", "t", "t", "t", "t", "t", "t", "t", "t", "t", "t", "t", "t", "t"]}