{"initial_reset_timestamp": 4121.186287691, "timestamps": [4121.245032053, 4121.304432254, 4121.355158745, 4121.39693869, 4121.424249332, 4121.459907602, 4121.507038781, 4121.534906596, 4121.603237693, 4121.692731794, 4121.731615678, 4121.782656562, 4121.936116593, 4121.976899181, 4122.030946429, 4122.096375089, 4122.179917296, 4122.227146313, 4122.431335318, 4122.562341635, 4122.599568468, 4122.743794911, 4122.908090343, 4123.102334023, 4123.185522657, 4123.249905446, 4123.31080684, 4123.374479365, 4123.480744608, 4123.518145466, 4123.620577438, 4123.670817653, 4123.816659241, 4123.955495296, 4124.155756487, 4124.355563842, 4124.431000137, 4124.474569648, 4124.508305208, 4124.560262592, 4124.66257767, 4124.704087458, 4124.754544252, 4124.799940413, 4124.890463339, 4124.990812817, 4125.18325661, 4125.278343514, 4125.321112128, 4125.413995703, 4125.547427066, 4125.725377664, 4125.807769996, 4125.904551859, 4125.969877937, 4126.219624217, 4126.277460515, 4126.409325208, 4126.447487615, 4126.629293074, 4126.712667318, 4126.811167744, 4126.913022139, 4127.016449221, 4127.11865271, 4127.163787904, 4127.402436944, 4127.588502118, 4127.745143941, 4127.913609898, 4127.946193548, 4128.092812833, 4128.174660422, 4128.266414351, 4128.435716977, 4128.601409973, 4128.677368499, 4128.830217506, 4128.931770313, 4129.218555578, 4129.392442338, 4129.514187886, 4129.54575046, 4129.691713106, 4129.741160757, 4129.868832839, 4129.94424301, 4130.099094554, 4130.208426917, 4130.250618513, 4130.376438168, 4130.416411891, 4130.471998323, 4130.56566591, 4130.607601852, 4130.722340126, 4130.75932116, 4130.849531279, 4130.890146547, 4130.937877637], "episode_lengths": [38, 29, 23, 30, 20, 24, 31, 21, 40, 54, 21, 20, 61, 22, 29, 32, 39, 20, 66, 57, 20, 64, 70, 83, 39, 32, 33, 34, 51, 21, 50, 25, 60, 29, 47, 43, 37, 26, 23, 28, 43, 26, 28, 28, 47, 55, 89, 41, 24, 44, 64, 75, 40, 44, 33, 94, 25, 57, 20, 67, 36, 48, 47, 47, 47, 23, 97, 81, 70, 80, 20, 70, 41, 46, 68, 74, 33, 71, 48, 67, 61, 57, 20, 45, 24, 48, 42, 77, 62, 22, 69, 28, 31, 53, 27, 59, 23, 51, 20, 27], "episode_rewards": [-938.0, -929.0, -923.0, -930.0, -920.0, -924.0, -931.0, -921.0, -940.0, -954.0, -921.0, -920.0, -961.0, -922.0, -929.0, -932.0, -939.0, -920.0, -966.0, -957.0, -920.0, -964.0, -970.0, -983.0, -939.0, -932.0, -933.0, -934.0, -951.0, -921.0, -950.0, -925.0, -960.0, -929.0, -947.0, -943.0, -937.0, -926.0, -923.0, -928.0, -943.0, -926.0, -928.0, -928.0, -947.0, -955.0, -989.0, -941.0, -924.0, -944.0, -964.0, -975.0, -940.0, -944.0, -933.0, -994.0, -925.0, -957.0, -920.0, -967.0, -936.0, -948.0, -947.0, -947.0, -947.0, -923.0, -997.0, -981.0, -970.0, -980.0, -920.0, -970.0, -941.0, -946.0, -968.0, -974.0, -933.0, -971.0, -948.0, -967.0, -961.0, -957.0, -920.0, -945.0, -924.0, -948.0, -942.0, -977.0, -962.0, -922.0, -969.0, -928.0, -931.0, -953.0, -927.0, -959.0, -923.0, -951.0, -920.0, -927.0], "episode_types": ["t", "t", "t", "t", "t", "t", "t", "t", "t", "t", "t", "t", "t", "t", "t", "t", "t", "t", "t", "t", "t", "t", "t", "t", "t", "t", "t", "t", "t", "t", "t", "t", "t", "t", "t", "t", "t", "t", "t", "t", "t", "t", "t", "t", "t", "t", "t", "t", "t", "t", "t", "t", "t", "t", "t", "t", "t", "t", "t", "t", "t", "t", "t", "t", "t", "t", "t", "t", "t", "t", "t", "t", "t", "t", "t", "t", "t", "t", "t", "t", "t", "t", "t", "t", "t", "t", "t", "t", "t", "t", "t", "t", "t", "t", "t", "t", "t", "t", "t", "t"]}