{"initial_reset_timestamp": 4238.513873224, "timestamps": [4238.551563006, 4238.635693442, 4238.662676607, 4238.742049946, 4238.864093552, 4238.964721504, 4239.043375125, 4239.071297445, 4239.096122547, 4239.196132536, 4239.280807991, 4239.450184429, 4239.494365423, 4239.549269862, 4239.591996523, 4239.657367635, 4239.743975885, 4239.851847053, 4239.877577898, 4239.976495863, 4240.011627172, 4240.083403091, 4240.113939094, 4240.216530795, 4240.305787434, 4240.370474928, 4240.41670592, 4240.470921525, 4240.515846627, 4240.62327887, 4240.851489874, 4240.945378576, 4241.03402804, 4241.253496732, 4241.342741837, 4241.400289323, 4241.518259777, 4241.608737975, 4241.756656011, 4241.853428374, 4241.946861288, 4242.16707231, 4242.247586619, 4242.30190264, 4242.346135069, 4242.469758639, 4242.544821389, 4242.632250292, 4242.828910586, 4242.872434899, 4242.944937086, 4242.986040474, 4243.030790036, 4243.084174772, 4243.184627391, 4243.25390914, 4243.416570708, 4243.572206706, 4243.712601407, 4243.792181041, 4243.952480792, 4244.015630189, 4244.10320893, 4244.325849805, 4244.510176256, 4244.593410522, 4244.690444811, 4245.147669231, 4245.246271268, 4245.414134531, 4245.455348256, 4245.593897293, 4245.657254155, 4245.698199491, 4245.75967353, 4245.903270128, 4245.982736552, 4246.026293474, 4246.245409376, 4246.375795031, 4246.421893639, 4246.484185585, 4246.542458645, 4246.680452263, 4246.752417758, 4246.876211886, 4246.968352799, 4247.01231324, 4247.09067084, 4247.186690201, 4247.483257553, 4247.550820951, 4247.711838699, 4247.794618656, 4247.997077829, 4248.071481073, 4248.187264757, 4248.334477998, 4248.457387004, 4248.531743396], "episode_lengths": [29, 57, 22, 57, 82, 69, 55, 24, 21, 70, 61, 110, 32, 39, 33, 48, 58, 72, 21, 69, 28, 48, 25, 69, 56, 40, 31, 34, 21, 58, 65, 37, 28, 41, 42, 38, 48, 31, 57, 36, 29, 54, 34, 32, 23, 67, 28, 40, 91, 28, 33, 29, 28, 34, 67, 31, 44, 55, 48, 21, 52, 34, 38, 68, 86, 31, 36, 98, 37, 64, 23, 73, 34, 27, 37, 62, 54, 31, 61, 55, 32, 42, 37, 62, 40, 60, 51, 23, 40, 46, 146, 41, 89, 45, 100, 41, 50, 77, 57, 32], "episode_rewards": [-929.0, -957.0, -922.0, -957.0, -982.0, -969.0, -955.0, -924.0, -921.0, -970.0, -961.0, -1010.0, -932.0, -939.0, -933.0, -948.0, -958.0, -972.0, -921.0, -969.0, -928.0, -948.0, -925.0, -969.0, -956.0, -940.0, -931.0, -934.0, -921.0, -958.0, -965.0, -937.0, -928.0, -941.0, -942.0, -938.0, -948.0, -931.0, -957.0, -936.0, -929.0, -954.0, -934.0, -932.0, -923.0, -967.0, -928.0, -940.0, -991.0, -928.0, -933.0, -929.0, -928.0, -934.0, -967.0, -931.0, -944.0, -955.0, -948.0, -921.0, -952.0, -934.0, -938.0, -968.0, -986.0, -931.0, -936.0, -998.0, -937.0, -964.0, -923.0, -973.0, -934.0, -927.0, -937.0, -962.0, -954.0, -931.0, -961.0, -955.0, -932.0, -942.0, -937.0, -962.0, -940.0, -960.0, -951.0, -923.0, -940.0, -946.0, -1046.0, -941.0, -989.0, -945.0, -1000.0, -941.0, -950.0, -977.0, -957.0, -932.0], "episode_types": ["t", "t", "t", "t", "t", "t", "t", "t", "t", "t", "t", "t", "t", "t", "t", "t", "t", "t", "t", "t", "t", "t", "t", "t", "t", "t", "t", "t", "t", "t", "t", "t", "t", "t", "t", "t", "t", "t", "t", "t", "t", "t", "t", "t", "t", "t", "t", "t", "t", "t", "t", "t", "t", "t", "t", "t", "t", "t", "t", "t", "t", "t", "t", "t", "t", "t", "t", "t", "t", "t", "t", "t", "t", "t", "t", "t", "t", "t", "t", "t", "t", "t", "t", "t", "t", "t", "t", "t", "t", "t", "t", "t", "t", "t", "t", "t", "t", "t", "t", "t"]}