{"initial_reset_timestamp": 4058.485090536, "timestamps": [4058.579979789, 4058.64150957, 4058.71902477, 4058.75543584, 4058.802759847, 4058.881819297, 4058.99684704, 4059.161852812, 4059.276202414, 4059.428932088, 4059.633166071, 4059.726640363, 4059.899345496, 4059.95438774, 4059.989870702, 4060.147648249, 4060.20885003, 4060.406784908, 4060.545363335, 4060.637573005, 4060.725172562, 4060.881235384, 4061.07094197, 4061.306176299, 4061.415884901, 4061.613534775, 4061.807131585, 4062.033748814, 4062.136996127, 4062.255463293, 4062.374143076, 4062.645765789, 4062.892879314, 4063.030534705, 4063.150962844, 4063.182880628, 4063.52815353, 4063.78880189, 4063.926154648, 4064.035719523, 4064.154674105, 4064.437533003, 4064.4997401, 4064.564342265, 4064.769574496, 4064.881184168, 4064.995747998, 4065.069150778, 4065.166166552, 4065.428094358, 4065.511300526, 4065.735594044, 4065.850467311, 4065.982856111, 4066.212935148, 4066.297438139, 4066.44539054, 4066.717568841, 4066.845137076, 4066.90261801, 4067.038083126, 4067.256543736, 4067.530449606, 4067.602042527, 4067.672335201, 4067.789724428, 4067.865400687, 4067.914592295, 4068.10154, 4068.231880551, 4068.360280453, 4068.384563104, 4068.491206227, 4068.566964684, 4068.606660527, 4068.638885771, 4068.718509164, 4068.786783801, 4068.883083043, 4068.955084866, 4069.037924661, 4069.276822255, 4069.46093421, 4069.629664322, 4069.746661458, 4069.800713997, 4069.909031067, 4070.102985447, 4070.246252586, 4070.401710355, 4070.55055249, 4070.688827196, 4070.734227574, 4070.776802884, 4070.895690554, 4071.063323883, 4071.110645441, 4071.137336284, 4071.265938819, 4071.466642154], "episode_lengths": [40, 28, 35, 20, 24, 40, 61, 73, 29, 37, 64, 26, 87, 33, 26, 47, 21, 63, 52, 28, 29, 53, 51, 60, 41, 57, 45, 45, 23, 26, 22, 59, 55, 41, 30, 26, 84, 70, 23, 24, 26, 42, 24, 37, 45, 30, 40, 37, 24, 60, 23, 55, 48, 48, 73, 38, 59, 104, 36, 27, 30, 59, 61, 20, 25, 64, 42, 30, 78, 68, 61, 18, 48, 51, 24, 20, 55, 44, 61, 44, 48, 132, 95, 84, 60, 30, 28, 92, 75, 49, 55, 57, 35, 31, 55, 50, 31, 19, 53, 94], "episode_rewards": [-940.0, -928.0, -935.0, -920.0, -924.0, -940.0, -961.0, -973.0, -929.0, -937.0, -964.0, -926.0, -987.0, -933.0, -926.0, -947.0, -921.0, -963.0, -952.0, -928.0, -929.0, -953.0, -951.0, -960.0, -941.0, -957.0, -945.0, -945.0, -923.0, -926.0, -922.0, -959.0, -955.0, -941.0, -930.0, -926.0, -984.0, -970.0, -923.0, -924.0, -926.0, -942.0, -924.0, -937.0, -945.0, -930.0, -940.0, -937.0, -924.0, -960.0, -923.0, -955.0, -948.0, -948.0, -973.0, -938.0, -959.0, -1004.0, -936.0, -927.0, -930.0, -959.0, -961.0, -920.0, -925.0, -964.0, -942.0, -930.0, -978.0, -968.0, -961.0, -918.0, -948.0, -951.0, -924.0, -920.0, -955.0, -944.0, -961.0, -944.0, -948.0, -1032.0, -995.0, -984.0, -960.0, -930.0, -928.0, -992.0, -975.0, -949.0, -955.0, -957.0, -935.0, -931.0, -955.0, -950.0, -931.0, -919.0, -953.0, -994.0], "episode_types": ["t", "t", "t", "t", "t", "t", "t", "t", "t", "t", "t", "t", "t", "t", "t", "t", "t", "t", "t", "t", "t", "t", "t", "t", "t", "t", "t", "t", "t", "t", "t", "t", "t", "t", "t", "t", "t", "t", "t", "t", "t", "t", "t", "t", "t", "t", "t", "t", "t", "t", "t", "t", "t", "t", "t", "t", "t", "t", "t", "t", "t", "t", "t", "t", "t", "t", "t", "t", "t", "t", "t", "t", "t", "t", "t", "t", "t", "t", "t", "t", "t", "t", "t", "t", "t", "t", "t", "t", "t", "t", "t", "t", "t", "t", "t", "t", "t", "t", "t", "t"]}