{"initial_reset_timestamp": 4118.78597865, "timestamps": [4118.891191782, 4119.108971983, 4119.246560709, 4119.31732364, 4119.392587866, 4119.43397265, 4119.50134781, 4119.706498057, 4119.918772562, 4120.014742694, 4120.056038986, 4120.109768074, 4120.137958396, 4120.26585232, 4120.370610163, 4120.443158448, 4120.566796262, 4120.778144252, 4120.929613608, 4120.969115785, 4121.011092351, 4121.085326133, 4121.123091184, 4121.213089792, 4121.246093543, 4121.274297126, 4121.332517745, 4121.419732732, 4121.55654005, 4121.619875688, 4121.722427487, 4121.788852972, 4121.912487998, 4121.97382671, 4122.01832662, 4122.070080495, 4122.175394148, 4122.334246424, 4122.446368096, 4122.54148038, 4122.630146757, 4122.744037937, 4122.861240709, 4122.992830834, 4123.045339242, 4123.203199464, 4123.266603646, 4123.326872766, 4123.440822614, 4123.510922491, 4123.705042459, 4123.7336277, 4123.921764318, 4123.981909596, 4124.107265864, 4124.320499, 4124.381036612, 4124.51710984, 4124.663660295, 4124.766893691, 4124.815389733, 4124.882643691, 4125.088863609, 4125.16806955, 4125.28667505, 4125.397299285, 4125.465795103, 4125.533677188, 4125.565691948, 4125.689633071, 4125.743690874, 4125.873966868, 4126.056298085, 4126.183105921, 4126.312483276, 4126.495414268, 4126.642137818, 4126.871614182, 4126.969372935, 4127.154392646, 4127.210872706, 4127.277477754, 4127.320921004, 4127.440455939, 4127.723808329, 4127.79936968, 4127.848914292, 4128.03759564, 4128.083221025, 4128.174920475, 4128.270342425, 4128.315650712, 4128.405729375, 4128.478957641, 4128.532252399, 4128.729672105, 4128.902456265, 4129.036722504, 4129.35331684, 4129.549651742], "episode_lengths": [28, 44, 64, 46, 46, 31, 38, 72, 49, 32, 29, 34, 21, 42, 34, 30, 43, 69, 51, 27, 30, 49, 27, 42, 23, 19, 35, 38, 54, 27, 42, 25, 65, 32, 27, 30, 47, 67, 47, 40, 40, 48, 47, 52, 25, 61, 30, 31, 51, 34, 82, 18, 87, 32, 58, 98, 28, 66, 66, 46, 25, 32, 103, 39, 49, 44, 31, 35, 18, 53, 25, 61, 68, 54, 53, 74, 58, 101, 45, 77, 27, 30, 22, 52, 117, 38, 27, 86, 27, 47, 45, 23, 44, 30, 23, 74, 54, 55, 85, 50], "episode_rewards": [-928.0, -944.0, -964.0, -946.0, -946.0, -931.0, -938.0, -972.0, -949.0, -932.0, -929.0, -934.0, -921.0, -942.0, -934.0, -930.0, -943.0, -969.0, -951.0, -927.0, -930.0, -949.0, -927.0, -942.0, -923.0, -919.0, -935.0, -938.0, -954.0, -927.0, -942.0, -925.0, -965.0, -932.0, -927.0, -930.0, -947.0, -967.0, -947.0, -940.0, -940.0, -948.0, -947.0, -952.0, -925.0, -961.0, -930.0, -931.0, -951.0, -934.0, -982.0, -918.0, -987.0, -932.0, -958.0, -998.0, -928.0, -966.0, -966.0, -946.0, -925.0, -932.0, -1003.0, -939.0, -949.0, -944.0, -931.0, -935.0, -918.0, -953.0, -925.0, -961.0, -968.0, -954.0, -953.0, -974.0, -958.0, -1001.0, -945.0, -977.0, -927.0, -930.0, -922.0, -952.0, -1017.0, -938.0, -927.0, -986.0, -927.0, -947.0, -945.0, -923.0, -944.0, -930.0, -923.0, -974.0, -954.0, -955.0, -985.0, -950.0], "episode_types": ["t", "t", "t", "t", "t", "t", "t", "t", "t", "t", "t", "t", "t", "t", "t", "t", "t", "t", "t", "t", "t", "t", "t", "t", "t", "t", "t", "t", "t", "t", "t", "t", "t", "t", "t", "t", "t", "t", "t", "t", "t", "t", "t", "t", "t", "t", "t", "t", "t", "t", "t", "t", "t", "t", "t", "t", "t", "t", "t", "t", "t", "t", "t", "t", "t", "t", "t", "t", "t", "t", "t", "t", "t", "t", "t", "t", "t", "t", "t", "t", "t", "t", "t", "t", "t", "t", "t", "t", "t", "t", "t", "t", "t", "t", "t", "t", "t", "t", "t", "t"]}