{"initial_reset_timestamp": 4148.385229542, "timestamps": [4148.567976772, 4148.607455291, 4148.754981102, 4148.794305045, 4148.837583428, 4148.882725111, 4148.985756286, 4149.08593034, 4149.163036949, 4149.219299027, 4149.30427932, 4149.375862473, 4149.50645276, 4149.602708193, 4149.668954549, 4149.751404405, 4149.855115968, 4149.917075761, 4150.100302427, 4150.162767806, 4150.243329972, 4150.342407794, 4150.450769761, 4150.502880661, 4150.600341895, 4150.677671628, 4150.788801259, 4150.84801732, 4150.951233054, 4151.154524213, 4151.260058677, 4151.365369907, 4151.407527877, 4151.47355169, 4151.64900913, 4151.789478799, 4151.873308128, 4152.03153714, 4152.136167554, 4152.208205873, 4152.277741242, 4152.365762089, 4152.404047975, 4152.465352573, 4152.535419682, 4152.590471597, 4152.747659959, 4152.882119878, 4152.939797139, 4153.021753892, 4153.168917896, 4153.290470116, 4153.356172064, 4153.456528575, 4153.525960721, 4153.713577936, 4153.861364955, 4153.902554784, 4153.983283243, 4154.107681538, 4154.21460269, 4154.361624081, 4154.483067227, 4154.52411734, 4154.613236796, 4154.661013861, 4154.814699327, 4154.851541851, 4154.942988384, 4155.028817249, 4155.072586452, 4155.182495023, 4155.217915686, 4155.289616474, 4155.38594244, 4155.492565737, 4155.799236859, 4155.928830365, 4156.036769204, 4156.148049377, 4156.329346124, 4156.596691999, 4156.732841833, 4156.885725616, 4157.15717247, 4157.420919349, 4157.46895023, 4157.525360737, 4157.65910058, 4157.737243017, 4157.783067661, 4157.825846324, 4157.906849867, 4158.40052586, 4158.531909804, 4158.611360018, 4158.677019091, 4158.73079582, 4158.761048923, 4158.899852933], "episode_lengths": [75, 21, 65, 22, 24, 25, 48, 47, 40, 31, 29, 26, 40, 44, 33, 43, 51, 34, 73, 34, 43, 49, 50, 27, 47, 38, 52, 29, 48, 92, 38, 48, 24, 33, 71, 55, 35, 60, 47, 30, 29, 40, 18, 29, 32, 24, 60, 51, 25, 34, 55, 53, 31, 43, 28, 54, 50, 19, 35, 38, 29, 63, 56, 23, 42, 29, 75, 22, 45, 38, 26, 35, 24, 42, 53, 51, 85, 44, 43, 55, 87, 91, 41, 52, 65, 69, 24, 24, 66, 23, 26, 28, 22, 108, 66, 52, 45, 34, 21, 83], "episode_rewards": [-975.0, -921.0, -965.0, -922.0, -924.0, -925.0, -948.0, -947.0, -940.0, -931.0, -929.0, -926.0, -940.0, -944.0, -933.0, -943.0, -951.0, -934.0, -973.0, -934.0, -943.0, -949.0, -950.0, -927.0, -947.0, -938.0, -952.0, -929.0, -948.0, -992.0, -938.0, -948.0, -924.0, -933.0, -971.0, -955.0, -935.0, -960.0, -947.0, -930.0, -929.0, -940.0, -918.0, -929.0, -932.0, -924.0, -960.0, -951.0, -925.0, -934.0, -955.0, -953.0, -931.0, -943.0, -928.0, -954.0, -950.0, -919.0, -935.0, -938.0, -929.0, -963.0, -956.0, -923.0, -942.0, -929.0, -975.0, -922.0, -945.0, -938.0, -926.0, -935.0, -924.0, -942.0, -953.0, -951.0, -985.0, -944.0, -943.0, -955.0, -987.0, -991.0, -941.0, -952.0, -965.0, -969.0, -924.0, -924.0, -966.0, -923.0, -926.0, -928.0, -922.0, -1008.0, -966.0, -952.0, -945.0, -934.0, -921.0, -983.0], "episode_types": ["t", "t", "t", "t", "t", "t", "t", "t", "t", "t", "t", "t", "t", "t", "t", "t", "t", "t", "t", "t", "t", "t", "t", "t", "t", "t", "t", "t", "t", "t", "t", "t", "t", "t", "t", "t", "t", "t", "t", "t", "t", "t", "t", "t", "t", "t", "t", "t", "t", "t", "t", "t", "t", "t", "t", "t", "t", "t", "t", "t", "t", "t", "t", "t", "t", "t", "t", "t", "t", "t", "t", "t", "t", "t", "t", "t", "t", "t", "t", "t", "t", "t", "t", "t", "t", "t", "t", "t", "t", "t", "t", "t", "t", "t", "t", "t", "t", "t", "t", "t"]}