{"initial_reset_timestamp": 4165.575705635, "timestamps": [4165.620671639, 4165.650682371, 4165.693706685, 4165.734618751, 4165.813240006, 4165.859505171, 4165.897657936, 4165.979117241, 4166.021339326, 4166.194580532, 4166.238542739, 4166.301926129, 4166.347831063, 4166.489827821, 4166.552534143, 4166.675561416, 4166.746033357, 4166.831423687, 4166.890800852, 4166.959619468, 4167.164575801, 4167.198139574, 4167.234108652, 4167.286306803, 4167.32626618, 4167.369001811, 4167.420622752, 4167.454961568, 4167.501499476, 4167.541937418, 4167.656533759, 4167.81723871, 4167.892836137, 4167.97665652, 4168.170360274, 4168.312420272, 4168.455231006, 4168.547787176, 4168.682993775, 4168.756060488, 4168.850383292, 4168.952711355, 4169.008320662, 4169.151889652, 4169.360646176, 4169.401662811, 4169.479335851, 4169.674374428, 4169.842387051, 4169.975820975, 4170.1130491, 4170.281407072, 4170.363314757, 4170.45294546, 4170.584747681, 4170.652403054, 4170.758466132, 4170.800476645, 4171.034440667, 4171.12475484, 4171.287520069, 4171.446289271, 4171.571817521, 4171.773637115, 4171.874640147, 4171.994107832, 4172.155088829, 4172.233601794, 4172.40321181, 4172.468143924, 4172.503296499, 4172.603688922, 4172.670099554, 4172.709732705, 4172.7621327, 4172.831054657, 4172.973209242, 4173.045870286, 4173.096960135, 4173.130922777, 4173.216036821, 4173.552418058, 4173.862570704, 4173.948901505, 4174.022914053, 4174.211247132, 4174.273730832, 4174.333788877, 4174.458441372, 4174.624547147, 4174.671745252, 4174.786440558, 4174.843647017, 4175.080045368, 4175.188826441, 4175.35752185, 4175.509668332, 4175.662602094, 4175.917799345, 4176.109736452], "episode_lengths": [30, 23, 30, 30, 48, 32, 27, 54, 30, 101, 30, 38, 31, 80, 41, 73, 49, 51, 44, 47, 99, 27, 27, 36, 24, 28, 36, 27, 35, 28, 52, 59, 25, 32, 54, 40, 48, 35, 47, 25, 29, 37, 30, 20, 56, 21, 22, 56, 44, 38, 25, 40, 23, 21, 49, 29, 43, 20, 86, 36, 63, 61, 51, 78, 44, 47, 64, 31, 48, 29, 20, 46, 33, 23, 30, 36, 62, 37, 28, 21, 40, 133, 135, 45, 38, 83, 32, 33, 59, 78, 28, 59, 27, 67, 44, 71, 70, 67, 92, 69], "episode_rewards": [-930.0, -923.0, -930.0, -930.0, -948.0, -932.0, -927.0, -954.0, -930.0, -1001.0, -930.0, -938.0, -931.0, -980.0, -941.0, -973.0, -949.0, -951.0, -944.0, -947.0, -999.0, -927.0, -927.0, -936.0, -924.0, -928.0, -936.0, -927.0, -935.0, -928.0, -952.0, -959.0, -925.0, -932.0, -954.0, -940.0, -948.0, -935.0, -947.0, -925.0, -929.0, -937.0, -930.0, -920.0, -956.0, -921.0, -922.0, -956.0, -944.0, -938.0, -925.0, -940.0, -923.0, -921.0, -949.0, -929.0, -943.0, -920.0, -986.0, -936.0, -963.0, -961.0, -951.0, -978.0, -944.0, -947.0, -964.0, -931.0, -948.0, -929.0, -920.0, -946.0, -933.0, -923.0, -930.0, -936.0, -962.0, -937.0, -928.0, -921.0, -940.0, -1033.0, -1035.0, -945.0, -938.0, -983.0, -932.0, -933.0, -959.0, -978.0, -928.0, -959.0, -927.0, -967.0, -944.0, -971.0, -970.0, -967.0, -992.0, -969.0], "episode_types": ["t", "t", "t", "t", "t", "t", "t", "t", "t", "t", "t", "t", "t", "t", "t", "t", "t", "t", "t", "t", "t", "t", "t", "t", "t", "t", "t", "t", "t", "t", "t", "t", "t", "t", "t", "t", "t", "t", "t", "t", "t", "t", "t", "t", "t", "t", "t", "t", "t", "t", "t", "t", "t", "t", "t", "t", "t", "t", "t", "t", "t", "t", "t", "t", "t", "t", "t", "t", "t", "t", "t", "t", "t", "t", "t", "t", "t", "t", "t", "t", "t", "t", "t", "t", "t", "t", "t", "t", "t", "t", "t", "t", "t", "t", "t", "t", "t", "t", "t", "t"]}