{"initial_reset_timestamp": 4045.01276592, "timestamps": [4045.109687345, 4045.216310444, 4045.327247874, 4045.43101271, 4045.497302654, 4045.649618358, 4045.706758754, 4045.832822044, 4045.895657914, 4046.034286416, 4046.155737562, 4046.30771068, 4046.418932104, 4046.459404035, 4046.51744717, 4046.593602685, 4046.690626624, 4046.824579463, 4047.012446419, 4047.082679362, 4047.149028518, 4047.432732881, 4047.51852554, 4047.660952117, 4047.788905756, 4047.84974885, 4047.920153339, 4047.982775135, 4048.053141016, 4048.093079418, 4048.171445182, 4048.215667963, 4048.282040873, 4048.351082283, 4048.441884074, 4048.506798923, 4048.579009093, 4048.722005442, 4048.796556536, 4048.903184074, 4049.142385715, 4049.463267559, 4049.516791385, 4049.569838785, 4049.625750134, 4049.677923182, 4049.775092944, 4049.828820968, 4050.00096098, 4050.106787717, 4050.213086107, 4050.294286182, 4050.352981849, 4050.38875663, 4050.501362116, 4050.612135213, 4050.691619346, 4050.737628819, 4050.810165656, 4050.902598938, 4051.079213194, 4051.130046352, 4051.274191552, 4051.41620721, 4051.489800574, 4051.612574104, 4051.76193431, 4051.816047111, 4051.868583685, 4052.063288534, 4052.236427145, 4052.362616803, 4052.418818343, 4052.561745764, 4052.799950691, 4052.975486372, 4053.202795729, 4053.250704355, 4053.467119229, 4053.629047417, 4053.721393582, 4053.84146219, 4053.909701578, 4054.064596526, 4054.33165744, 4054.434277374, 4054.620739978, 4054.79404939, 4054.912843797, 4055.073415498, 4055.251296874, 4055.29969589, 4055.444847771, 4055.666217461, 4055.988764941, 4056.095312578, 4056.239281387, 4056.295160996, 4056.482755211, 4056.844684737], "episode_lengths": [31, 27, 33, 29, 24, 40, 25, 32, 25, 40, 51, 50, 34, 23, 24, 48, 25, 30, 50, 30, 46, 60, 38, 52, 58, 28, 34, 41, 38, 27, 51, 32, 49, 46, 64, 47, 30, 48, 20, 26, 51, 88, 31, 29, 30, 33, 56, 28, 69, 50, 54, 46, 38, 25, 63, 59, 39, 31, 45, 42, 60, 26, 64, 63, 22, 54, 67, 28, 27, 57, 57, 44, 23, 49, 82, 50, 53, 22, 61, 59, 45, 53, 38, 78, 109, 47, 47, 43, 37, 44, 65, 21, 32, 47, 85, 32, 44, 25, 50, 84], "episode_rewards": [-931.0, -927.0, -933.0, -929.0, -924.0, -940.0, -925.0, -932.0, -925.0, -940.0, -951.0, -950.0, -934.0, -923.0, -924.0, -948.0, -925.0, -930.0, -950.0, -930.0, -946.0, -960.0, -938.0, -952.0, -958.0, -928.0, -934.0, -941.0, -938.0, -927.0, -951.0, -932.0, -949.0, -946.0, -964.0, -947.0, -930.0, -948.0, -920.0, -926.0, -951.0, -988.0, -931.0, -929.0, -930.0, -933.0, -956.0, -928.0, -969.0, -950.0, -954.0, -946.0, -938.0, -925.0, -963.0, -959.0, -939.0, -931.0, -945.0, -942.0, -960.0, -926.0, -964.0, -963.0, -922.0, -954.0, -967.0, -928.0, -927.0, -957.0, -957.0, -944.0, -923.0, -949.0, -982.0, -950.0, -953.0, -922.0, -961.0, -959.0, -945.0, -953.0, -938.0, -978.0, -1009.0, -947.0, -947.0, -943.0, -937.0, -944.0, -965.0, -921.0, -932.0, -947.0, -985.0, -932.0, -944.0, -925.0, -950.0, -984.0], "episode_types": ["t", "t", "t", "t", "t", "t", "t", "t", "t", "t", "t", "t", "t", "t", "t", "t", "t", "t", "t", "t", "t", "t", "t", "t", "t", "t", "t", "t", "t", "t", "t", "t", "t", "t", "t", "t", "t", "t", "t", "t", "t", "t", "t", "t", "t", "t", "t", "t", "t", "t", "t", "t", "t", "t", "t", "t", "t", "t", "t", "t", "t", "t", "t", "t", "t", "t", "t", "t", "t", "t", "t", "t", "t", "t", "t", "t", "t", "t", "t", "t", "t", "t", "t", "t", "t", "t", "t", "t", "t", "t", "t", "t", "t", "t", "t", "t", "t", "t", "t", "t"]}