{"initial_reset_timestamp": 4094.547744118, "timestamps": [4094.672160494, 4094.726470273, 4094.820295379, 4094.909724158, 4094.959015815, 4095.035316767, 4095.183034979, 4095.249052121, 4095.426466448, 4095.563649552, 4095.619203968, 4095.743498422, 4095.83619443, 4095.923919165, 4096.029987182, 4096.106417899, 4096.318739377, 4096.461705083, 4096.553916363, 4096.636888349, 4096.751311235, 4096.814896484, 4096.844372802, 4096.947634876, 4097.076626146, 4097.144199094, 4097.214862545, 4097.261131971, 4097.315459798, 4097.427293816, 4097.554365158, 4097.588021266, 4097.672062225, 4097.726748544, 4097.853865028, 4097.908246543, 4098.031340143, 4098.094148707, 4098.188846471, 4098.251920202, 4098.398569568, 4098.469221612, 4098.579549787, 4098.625104677, 4098.736920591, 4098.83151975, 4099.009189782, 4099.120104656, 4099.17387707, 4099.276664987, 4099.352498159, 4099.491103262, 4099.587338027, 4099.636865855, 4099.677556321, 4099.823255637, 4099.933651632, 4099.98056948, 4100.07668048, 4100.110095832, 4100.154888347, 4100.217345253, 4100.283955086, 4100.402893921, 4100.443748664, 4100.519986337, 4100.689259522, 4100.889487066, 4100.960912486, 4101.062646776, 4101.184364918, 4101.318102665, 4101.694103974, 4101.997770172, 4102.103697067, 4102.361232517, 4102.498111504, 4102.547084641, 4102.638690574, 4102.88773532, 4103.009900565, 4103.05961244, 4103.133411983, 4103.190902054, 4103.333875674, 4103.42835385, 4103.562642638, 4103.637155696, 4103.781043119, 4103.84341632, 4103.941072057, 4103.993827238, 4104.075912471, 4104.174311368, 4104.294572235, 4104.373471484, 4104.496553797, 4104.638607488, 4104.732888197, 4104.937709169], "episode_lengths": [33, 29, 37, 33, 35, 30, 48, 23, 59, 32, 26, 51, 55, 34, 36, 25, 63, 33, 25, 25, 29, 33, 15, 48, 78, 48, 48, 35, 36, 59, 47, 17, 35, 26, 56, 29, 53, 28, 42, 32, 67, 34, 53, 25, 53, 49, 81, 53, 33, 44, 33, 53, 45, 24, 24, 60, 40, 22, 46, 20, 24, 32, 33, 51, 22, 36, 69, 61, 30, 48, 59, 61, 133, 80, 32, 107, 74, 32, 48, 103, 58, 24, 35, 30, 62, 45, 60, 23, 58, 28, 52, 32, 42, 55, 49, 26, 32, 54, 35, 98], "episode_rewards": [-933.0, -929.0, -937.0, -933.0, -935.0, -930.0, -948.0, -923.0, -959.0, -932.0, -926.0, -951.0, -955.0, -934.0, -936.0, -925.0, -963.0, -933.0, -925.0, -925.0, -929.0, -933.0, -915.0, -948.0, -978.0, -948.0, -948.0, -935.0, -936.0, -959.0, -947.0, -917.0, -935.0, -926.0, -956.0, -929.0, -953.0, -928.0, -942.0, -932.0, -967.0, -934.0, -953.0, -925.0, -953.0, -949.0, -981.0, -953.0, -933.0, -944.0, -933.0, -953.0, -945.0, -924.0, -924.0, -960.0, -940.0, -922.0, -946.0, -920.0, -924.0, -932.0, -933.0, -951.0, -922.0, -936.0, -969.0, -961.0, -930.0, -948.0, -959.0, -961.0, -1033.0, -980.0, -932.0, -1007.0, -974.0, -932.0, -948.0, -1003.0, -958.0, -924.0, -935.0, -930.0, -962.0, -945.0, -960.0, -923.0, -958.0, -928.0, -952.0, -932.0, -942.0, -955.0, -949.0, -926.0, -932.0, -954.0, -935.0, -998.0], "episode_types": ["t", "t", "t", "t", "t", "t", "t", "t", "t", "t", "t", "t", "t", "t", "t", "t", "t", "t", "t", "t", "t", "t", "t", "t", "t", "t", "t", "t", "t", "t", "t", "t", "t", "t", "t", "t", "t", "t", "t", "t", "t", "t", "t", "t", "t", "t", "t", "t", "t", "t", "t", "t", "t", "t", "t", "t", "t", "t", "t", "t", "t", "t", "t", "t", "t", "t", "t", "t", "t", "t", "t", "t", "t", "t", "t", "t", "t", "t", "t", "t", "t", "t", "t", "t", "t", "t", "t", "t", "t", "t", "t", "t", "t", "t", "t", "t", "t", "t", "t", "t"]}