{"initial_reset_timestamp": 4283.72448772, "timestamps": [4283.771809744, 4283.787101962, 4283.804460703, 4283.821137353, 4283.857767138, 4283.881378009, 4283.934959368, 4283.957724901, 4283.994772817, 4284.029196036, 4284.086042303, 4284.102908241, 4284.123008643, 4284.14994995, 4284.182532605, 4284.20708613, 4284.241790145, 4284.292190561, 4284.308397975, 4284.357983502, 4284.386297965, 4284.403730469, 4284.436461632, 4284.486135928, 4284.511600853, 4284.537133846, 4284.558366286, 4284.593714445, 4284.6333953, 4284.711406522, 4284.752104402, 4284.769140124, 4284.785258046, 4284.813404265, 4284.830342134, 4284.857219635, 4284.910083509, 4284.924935713, 4284.971085189, 4285.015686395, 4285.03875347, 4285.075393378, 4285.144743873, 4285.175977358, 4285.218944651, 4285.266955048, 4285.279161356, 4285.325508784, 4285.343672038, 4285.360415295, 4285.374158206, 4285.412389192, 4285.428558277, 4285.463865607, 4285.481182675, 4285.496742949, 4285.516963482, 4285.562942481, 4285.60715683, 4285.654737616, 4285.674279934, 4285.716277377, 4285.758867663, 4285.804963319, 4285.818081558, 4285.834506737, 4285.901122644, 4285.940414863, 4285.973380973, 4286.058901722, 4286.113602578, 4286.135231762, 4286.170371065, 4286.210999267, 4286.241273456, 4286.267638438, 4286.306479676, 4286.333919549, 4286.353697562, 4286.427754278, 4286.448550742, 4286.514323597, 4286.580205038, 4286.649704189, 4286.749214402, 4286.784867371, 4286.818835317, 4286.910490011, 4287.011066152, 4287.047357968, 4287.072635003, 4287.117386331, 4287.149761194, 4287.218216342, 4287.27320345, 4287.29391625, 4287.352690303, 4287.401216156, 4287.473916755, 4287.489425382], "episode_lengths": [59, 22, 25, 24, 47, 32, 67, 32, 48, 45, 71, 24, 28, 37, 43, 34, 45, 63, 23, 63, 38, 25, 44, 63, 35, 35, 30, 47, 50, 95, 52, 24, 24, 37, 24, 36, 67, 22, 59, 56, 32, 48, 83, 42, 55, 59, 18, 59, 26, 24, 20, 49, 23, 45, 25, 23, 29, 58, 56, 57, 28, 54, 54, 58, 20, 24, 80, 50, 44, 100, 68, 30, 45, 52, 40, 36, 50, 38, 28, 90, 29, 81, 80, 85, 119, 46, 45, 109, 121, 46, 35, 57, 42, 83, 68, 29, 72, 61, 89, 23], "episode_rewards": [-959.0, -922.0, -925.0, -924.0, -947.0, -932.0, -967.0, -932.0, -948.0, -945.0, -971.0, -924.0, -928.0, -937.0, -943.0, -934.0, -945.0, -963.0, -923.0, -963.0, -938.0, -925.0, -944.0, -963.0, -935.0, -935.0, -930.0, -947.0, -950.0, -995.0, -952.0, -924.0, -924.0, -937.0, -924.0, -936.0, -967.0, -922.0, -959.0, -956.0, -932.0, -948.0, -983.0, -942.0, -955.0, -959.0, -918.0, -959.0, -926.0, -924.0, -920.0, -949.0, -923.0, -945.0, -925.0, -923.0, -929.0, -958.0, -956.0, -957.0, -928.0, -954.0, -954.0, -958.0, -920.0, -924.0, -980.0, -950.0, -944.0, -1000.0, -968.0, -930.0, -945.0, -952.0, -940.0, -936.0, -950.0, -938.0, -928.0, -990.0, -929.0, -981.0, -980.0, -985.0, -1019.0, -946.0, -945.0, -1009.0, -1021.0, -946.0, -935.0, -957.0, -942.0, -983.0, -968.0, -929.0, -972.0, -961.0, -989.0, -923.0], "episode_types": ["t", "t", "t", "t", "t", "t", "t", "t", "t", "t", "t", "t", "t", "t", "t", "t", "t", "t", "t", "t", "t", "t", "t", "t", "t", "t", "t", "t", "t", "t", "t", "t", "t", "t", "t", "t", "t", "t", "t", "t", "t", "t", "t", "t", "t", "t", "t", "t", "t", "t", "t", "t", "t", "t", "t", "t", "t", "t", "t", "t", "t", "t", "t", "t", "t", "t", "t", "t", "t", "t", "t", "t", "t", "t", "t", "t", "t", "t", "t", "t", "t", "t", "t", "t", "t", "t", "t", "t", "t", "t", "t", "t", "t", "t", "t", "t", "t", "t", "t", "t"]}