{"initial_reset_timestamp": 4268.282109513, "timestamps": [4268.363821478, 4268.473112616, 4268.627992518, 4268.737168198, 4268.832961118, 4268.892674327, 4268.957351784, 4269.097197534, 4269.14882356, 4269.245434491, 4269.312185398, 4269.336587996, 4269.491721416, 4269.571285976, 4269.597322443, 4269.630974895, 4269.672510235, 4269.717713471, 4269.778837461, 4269.81824423, 4269.854676152, 4269.886346233, 4269.954674817, 4270.048968325, 4270.125406069, 4270.236976901, 4270.339060507, 4270.376696182, 4270.654581033, 4270.766442413, 4270.819622493, 4270.863139057, 4270.94337333, 4271.010296644, 4271.072382634, 4271.175547557, 4271.212126351, 4271.292294698, 4271.364336144, 4271.568784842, 4271.646017792, 4271.730468812, 4271.808611835, 4271.889932087, 4272.010002566, 4272.064700671, 4272.14380674, 4272.261802116, 4272.330539512, 4272.395703199, 4272.51464428, 4272.556432029, 4272.615929743, 4272.657162808, 4272.752847813, 4272.840419217, 4272.886524442, 4272.965029255, 4272.998011248, 4273.084661404, 4273.112346793, 4273.135985761, 4273.172750784, 4273.193262482, 4273.228811409, 4273.304738518, 4273.341889966, 4273.442575201, 4273.571901349, 4273.616900715, 4273.661555949, 4273.765536968, 4273.814286372, 4273.910399614, 4274.042988797, 4274.158862964, 4274.390829283, 4274.549340567, 4274.649596486, 4274.740505638, 4274.865081178, 4274.995254814, 4275.066128544, 4275.272291759, 4275.306738069, 4275.413662877, 4275.653347359, 4276.067133947, 4276.219576136, 4276.283979713, 4276.425636861, 4276.465300398, 4276.523562572, 4276.623101036, 4276.722919007, 4276.777727786, 4276.987085754, 4277.086308324, 4277.144323804, 4277.243495137], "episode_lengths": [42, 58, 57, 57, 35, 35, 37, 62, 24, 48, 22, 18, 52, 51, 19, 26, 30, 28, 39, 26, 27, 25, 43, 51, 30, 48, 43, 22, 68, 53, 29, 25, 38, 32, 37, 45, 25, 49, 47, 53, 43, 34, 39, 33, 53, 29, 45, 65, 35, 28, 64, 23, 37, 26, 42, 56, 34, 56, 29, 63, 24, 22, 28, 17, 27, 50, 28, 64, 85, 35, 32, 70, 36, 64, 84, 81, 81, 66, 37, 38, 53, 45, 32, 101, 21, 64, 85, 140, 64, 47, 103, 33, 44, 74, 73, 41, 78, 50, 33, 53], "episode_rewards": [-942.0, -958.0, -957.0, -957.0, -935.0, -935.0, -937.0, -962.0, -924.0, -948.0, -922.0, -918.0, -952.0, -951.0, -919.0, -926.0, -930.0, -928.0, -939.0, -926.0, -927.0, -925.0, -943.0, -951.0, -930.0, -948.0, -943.0, -922.0, -968.0, -953.0, -929.0, -925.0, -938.0, -932.0, -937.0, -945.0, -925.0, -949.0, -947.0, -953.0, -943.0, -934.0, -939.0, -933.0, -953.0, -929.0, -945.0, -965.0, -935.0, -928.0, -964.0, -923.0, -937.0, -926.0, -942.0, -956.0, -934.0, -956.0, -929.0, -963.0, -924.0, -922.0, -928.0, -917.0, -927.0, -950.0, -928.0, -964.0, -985.0, -935.0, -932.0, -970.0, -936.0, -964.0, -984.0, -981.0, -981.0, -966.0, -937.0, -938.0, -953.0, -945.0, -932.0, -1001.0, -921.0, -964.0, -985.0, -1040.0, -964.0, -947.0, -1003.0, -933.0, -944.0, -974.0, -973.0, -941.0, -978.0, -950.0, -933.0, -953.0], "episode_types": ["t", "t", "t", "t", "t", "t", "t", "t", "t", "t", "t", "t", "t", "t", "t", "t", "t", "t", "t", "t", "t", "t", "t", "t", "t", "t", "t", "t", "t", "t", "t", "t", "t", "t", "t", "t", "t", "t", "t", "t", "t", "t", "t", "t", "t", "t", "t", "t", "t", "t", "t", "t", "t", "t", "t", "t", "t", "t", "t", "t", "t", "t", "t", "t", "t", "t", "t", "t", "t", "t", "t", "t", "t", "t", "t", "t", "t", "t", "t", "t", "t", "t", "t", "t", "t", "t", "t", "t", "t", "t", "t", "t", "t", "t", "t", "t", "t", "t", "t", "t"]}