{"initial_reset_timestamp": 7693.182576891, "timestamps": [7693.325322591, 7693.384680424, 7693.434038966, 7693.556917133, 7693.711869985, 7693.945475465, 7694.022357408, 7694.291681845, 7694.37951235, 7694.558906472, 7694.694977207, 7694.7550901, 7694.890359739, 7695.001967136, 7695.081666175, 7695.25728001, 7695.374601392, 7695.437518015, 7695.594910669, 7695.705638054, 7695.770302008, 7695.874926158, 7696.027597674, 7696.149487036, 7696.225661776, 7696.295717855, 7696.566536952, 7696.659651202, 7696.806505503, 7696.978365916, 7697.087654348, 7697.135702, 7697.317177038, 7697.447973018, 7697.601448362, 7697.714431303, 7697.834083164, 7697.985755344, 7698.053651603, 7698.179227961, 7698.246592009, 7698.314438764, 7698.371062899, 7698.442088135, 7698.484524154, 7698.570837461, 7698.705285119, 7698.871426757, 7698.927794194, 7699.032017919, 7699.077181813, 7699.384196485, 7699.490045725, 7699.620549022, 7699.787095655, 7699.842365788, 7699.966605743, 7700.049372044, 7700.093907344, 7700.237725141, 7700.288827321, 7700.460877621, 7700.584724399, 7700.665064728, 7700.844265415, 7701.010801602, 7701.091113602, 7701.378614857, 7701.447924806, 7701.518652655, 7701.600353185, 7701.747615223, 7701.901388122, 7702.146408415, 7702.266918523, 7702.493774626, 7702.575630462, 7702.667490502, 7702.89887741, 7703.012292236, 7703.058176081, 7703.291134528, 7703.520666139, 7703.866439428, 7703.975154543, 7704.039890976, 7704.146140927, 7704.227923024, 7704.32234919, 7704.473957328, 7704.566607764, 7704.719461754, 7705.012316108, 7705.110895081, 7705.172997812, 7705.219834972, 7705.306537994, 7705.400735308, 7705.477169637, 7705.572545842], "episode_lengths": [42, 21, 21, 47, 52, 84, 33, 78, 30, 54, 47, 25, 51, 41, 30, 62, 44, 25, 54, 42, 27, 40, 56, 44, 30, 29, 98, 37, 56, 64, 43, 22, 68, 51, 55, 45, 46, 58, 29, 48, 29, 28, 24, 30, 20, 35, 52, 63, 25, 42, 20, 111, 43, 48, 65, 25, 49, 34, 19, 54, 21, 56, 44, 31, 66, 61, 32, 97, 27, 30, 33, 56, 58, 90, 44, 80, 33, 36, 85, 45, 22, 85, 85, 123, 45, 28, 44, 35, 39, 58, 39, 59, 106, 40, 27, 22, 37, 43, 39, 44], "episode_rewards": [-942.0, -921.0, -921.0, -947.0, -952.0, -984.0, -933.0, -978.0, -930.0, -954.0, -947.0, -925.0, -951.0, -941.0, -930.0, -962.0, -944.0, -925.0, -954.0, -942.0, -927.0, -940.0, -956.0, -944.0, -930.0, -929.0, -998.0, -937.0, -956.0, -964.0, -943.0, -922.0, -968.0, -951.0, -955.0, -945.0, -946.0, -958.0, -929.0, -948.0, -929.0, -928.0, -924.0, -930.0, -920.0, -935.0, -952.0, -963.0, -925.0, -942.0, -920.0, -1011.0, -943.0, -948.0, -965.0, -925.0, -949.0, -934.0, -919.0, -954.0, -921.0, -956.0, -944.0, -931.0, -966.0, -961.0, -932.0, -997.0, -927.0, -930.0, -933.0, -956.0, -958.0, -990.0, -944.0, -980.0, -933.0, -936.0, -985.0, -945.0, -922.0, -985.0, -985.0, -1023.0, -945.0, -928.0, -944.0, -935.0, -939.0, -958.0, -939.0, -959.0, -1006.0, -940.0, -927.0, -922.0, -937.0, -943.0, -939.0, -944.0], "episode_types": ["t", "t", "t", "t", "t", "t", "t", "t", "t", "t", "t", "t", "t", "t", "t", "t", "t", "t", "t", "t", "t", "t", "t", "t", "t", "t", "t", "t", "t", "t", "t", "t", "t", "t", "t", "t", "t", "t", "t", "t", "t", "t", "t", "t", "t", "t", "t", "t", "t", "t", "t", "t", "t", "t", "t", "t", "t", "t", "t", "t", "t", "t", "t", "t", "t", "t", "t", "t", "t", "t", "t", "t", "t", "t", "t", "t", "t", "t", "t", "t", "t", "t", "t", "t", "t", "t", "t", "t", "t", "t", "t", "t", "t", "t", "t", "t", "t", "t", "t", "t"]}