{"initial_reset_timestamp": 4022.375664657, "timestamps": [4022.447573474, 4022.55763592, 4022.642089287, 4022.694984131, 4022.7372833, 4022.77945127, 4022.817054148, 4022.888463078, 4023.020334556, 4023.100117277, 4023.253501566, 4023.409639738, 4023.536697449, 4023.593295963, 4023.740997851, 4023.802036149, 4023.861782155, 4023.903855021, 4023.958396678, 4024.048164949, 4024.186313624, 4024.22440486, 4024.276293927, 4024.340117374, 4024.478443267, 4024.552954731, 4024.619833913, 4024.72017443, 4024.785860456, 4024.839018147, 4024.949725802, 4025.048019452, 4025.087939877, 4025.136620848, 4025.174632803, 4025.227878672, 4025.271990879, 4025.329666718, 4025.403766773, 4025.490871718, 4025.72411513, 4025.76313758, 4025.839976205, 4025.895613662, 4025.962260083, 4026.038359263, 4026.141402541, 4026.226033417, 4026.435303165, 4026.573711475, 4026.699667915, 4026.81266426, 4027.020448625, 4027.135092583, 4027.253704567, 4027.309913464, 4027.44478662, 4027.676896533, 4027.920437805, 4028.007247951, 4028.080594154, 4028.143599188, 4028.300070288, 4028.341839446, 4028.440618407, 4028.499794579, 4028.547411013, 4028.635254075, 4028.75718478, 4028.806564823, 4028.991811292, 4029.06391606, 4029.18948193, 4029.316039752, 4029.415756403, 4029.651506949, 4029.752942543, 4029.886449726, 4029.977817667, 4030.053586567, 4030.173498183, 4030.338044122, 4030.540058532, 4030.64434582, 4030.754987908, 4030.958736989, 4031.166145374, 4031.266796641, 4031.514437152, 4031.817734232, 4031.937835723, 4032.293082887, 4032.545849116, 4032.698364657, 4032.810673788, 4032.906473396, 4033.125264056, 4033.16886576, 4033.21213243, 4033.333170011], "episode_lengths": [40, 59, 46, 28, 25, 23, 21, 29, 47, 48, 78, 46, 48, 30, 56, 32, 37, 26, 36, 55, 85, 25, 32, 40, 73, 41, 36, 48, 33, 34, 48, 43, 23, 28, 21, 30, 26, 25, 29, 41, 85, 18, 33, 24, 29, 31, 41, 34, 76, 55, 47, 44, 76, 45, 45, 24, 52, 85, 88, 34, 31, 28, 58, 18, 40, 26, 22, 36, 47, 22, 69, 30, 49, 49, 39, 85, 40, 52, 38, 31, 48, 61, 74, 43, 43, 75, 77, 40, 90, 108, 46, 120, 88, 58, 47, 40, 87, 22, 21, 53], "episode_rewards": [-940.0, -959.0, -946.0, -928.0, -925.0, -923.0, -921.0, -929.0, -947.0, -948.0, -978.0, -946.0, -948.0, -930.0, -956.0, -932.0, -937.0, -926.0, -936.0, -955.0, -985.0, -925.0, -932.0, -940.0, -973.0, -941.0, -936.0, -948.0, -933.0, -934.0, -948.0, -943.0, -923.0, -928.0, -921.0, -930.0, -926.0, -925.0, -929.0, -941.0, -985.0, -918.0, -933.0, -924.0, -929.0, -931.0, -941.0, -934.0, -976.0, -955.0, -947.0, -944.0, -976.0, -945.0, -945.0, -924.0, -952.0, -985.0, -988.0, -934.0, -931.0, -928.0, -958.0, -918.0, -940.0, -926.0, -922.0, -936.0, -947.0, -922.0, -969.0, -930.0, -949.0, -949.0, -939.0, -985.0, -940.0, -952.0, -938.0, -931.0, -948.0, -961.0, -974.0, -943.0, -943.0, -975.0, -977.0, -940.0, -990.0, -1008.0, -946.0, -1020.0, -988.0, -958.0, -947.0, -940.0, -987.0, -922.0, -921.0, -953.0], "episode_types": ["t", "t", "t", "t", "t", "t", "t", "t", "t", "t", "t", "t", "t", "t", "t", "t", "t", "t", "t", "t", "t", "t", "t", "t", "t", "t", "t", "t", "t", "t", "t", "t", "t", "t", "t", "t", "t", "t", "t", "t", "t", "t", "t", "t", "t", "t", "t", "t", "t", "t", "t", "t", "t", "t", "t", "t", "t", "t", "t", "t", "t", "t", "t", "t", "t", "t", "t", "t", "t", "t", "t", "t", "t", "t", "t", "t", "t", "t", "t", "t", "t", "t", "t", "t", "t", "t", "t", "t", "t", "t", "t", "t", "t", "t", "t", "t", "t", "t", "t", "t"]}