{"initial_reset_timestamp": 4024.577491341, "timestamps": [4024.61039573, 4024.690925527, 4024.860746536, 4024.910130344, 4025.103947948, 4025.134478663, 4025.220028769, 4025.256376962, 4025.324547661, 4025.378519497, 4025.481042299, 4025.628196673, 4025.85857725, 4026.025003896, 4026.092135322, 4026.143213341, 4026.215337195, 4026.414648791, 4026.568326621, 4026.644357863, 4026.695464569, 4026.859917379, 4026.929312545, 4027.088773635, 4027.187838322, 4027.254757295, 4027.409255876, 4027.495227872, 4027.643093211, 4027.724047452, 4027.839656737, 4027.907547776, 4028.004764957, 4028.2825174, 4028.365910602, 4028.412433638, 4028.526164192, 4028.590662326, 4028.76309814, 4028.898794499, 4029.084837953, 4029.242320032, 4029.321698956, 4029.383720632, 4029.529471624, 4029.701436081, 4029.895017613, 4030.015618866, 4030.144574729, 4030.288977304, 4030.443212319, 4030.529088763, 4030.596658336, 4030.718662444, 4030.846644719, 4030.993806913, 4031.059391344, 4031.120087934, 4031.247076893, 4031.402970935, 4031.527910551, 4031.615225538, 4031.677214637, 4031.854120016, 4031.979802839, 4032.132329309, 4032.182837284, 4032.318323356, 4032.493400778, 4032.580135351, 4032.687569622, 4032.900997629, 4032.998929541, 4033.279319733, 4033.342297333, 4033.494232493, 4033.52931669, 4033.581726825, 4033.675488248, 4033.915177572, 4034.087733956, 4034.163198148, 4034.305184621, 4034.406276729, 4034.584182245, 4034.720309894, 4034.810534873, 4034.903083669, 4034.945879493, 4035.200173297, 4035.343963004, 4035.461024185, 4035.56724683, 4035.643395649, 4035.695747264, 4035.762864914, 4035.842554553, 4035.944878794, 4036.114964464, 4036.245397704], "episode_lengths": [19, 38, 57, 26, 98, 19, 47, 21, 27, 27, 48, 56, 80, 60, 27, 22, 28, 72, 58, 31, 22, 59, 29, 59, 38, 28, 55, 36, 55, 32, 44, 28, 38, 95, 33, 20, 43, 27, 62, 50, 68, 57, 32, 26, 54, 62, 69, 45, 47, 53, 57, 35, 29, 41, 49, 56, 28, 27, 49, 60, 47, 34, 28, 65, 50, 58, 22, 52, 65, 35, 45, 85, 45, 132, 34, 87, 25, 34, 57, 85, 70, 27, 53, 42, 70, 60, 29, 39, 30, 90, 44, 49, 41, 46, 31, 44, 38, 53, 84, 64], "episode_rewards": [-919.0, -938.0, -957.0, -926.0, -998.0, -919.0, -947.0, -921.0, -927.0, -927.0, -948.0, -956.0, -980.0, -960.0, -927.0, -922.0, -928.0, -972.0, -958.0, -931.0, -922.0, -959.0, -929.0, -959.0, -938.0, -928.0, -955.0, -936.0, -955.0, -932.0, -944.0, -928.0, -938.0, -995.0, -933.0, -920.0, -943.0, -927.0, -962.0, -950.0, -968.0, -957.0, -932.0, -926.0, -954.0, -962.0, -969.0, -945.0, -947.0, -953.0, -957.0, -935.0, -929.0, -941.0, -949.0, -956.0, -928.0, -927.0, -949.0, -960.0, -947.0, -934.0, -928.0, -965.0, -950.0, -958.0, -922.0, -952.0, -965.0, -935.0, -945.0, -985.0, -945.0, -1032.0, -934.0, -987.0, -925.0, -934.0, -957.0, -985.0, -970.0, -927.0, -953.0, -942.0, -970.0, -960.0, -929.0, -939.0, -930.0, -990.0, -944.0, -949.0, -941.0, -946.0, -931.0, -944.0, -938.0, -953.0, -984.0, -964.0], "episode_types": ["t", "t", "t", "t", "t", "t", "t", "t", "t", "t", "t", "t", "t", "t", "t", "t", "t", "t", "t", "t", "t", "t", "t", "t", "t", "t", "t", "t", "t", "t", "t", "t", "t", "t", "t", "t", "t", "t", "t", "t", "t", "t", "t", "t", "t", "t", "t", "t", "t", "t", "t", "t", "t", "t", "t", "t", "t", "t", "t", "t", "t", "t", "t", "t", "t", "t", "t", "t", "t", "t", "t", "t", "t", "t", "t", "t", "t", "t", "t", "t", "t", "t", "t", "t", "t", "t", "t", "t", "t", "t", "t", "t", "t", "t", "t", "t", "t", "t", "t", "t"]}