{"initial_reset_timestamp": 4219.927620805, "timestamps": [4220.113403867, 4220.150626954, 4220.309060312, 4220.415065389, 4220.532919929, 4220.584270565, 4220.717283301, 4220.771916219, 4220.837706424, 4221.005655482, 4221.064615056, 4221.134788232, 4221.379358192, 4221.534902289, 4221.630170538, 4221.798674583, 4221.850007034, 4221.899324446, 4221.960156502, 4222.084434643, 4222.122653889, 4222.201949737, 4222.260963901, 4222.327943466, 4222.474560766, 4222.525636653, 4222.579710577, 4222.658118082, 4222.707405572, 4222.759441683, 4222.8597183, 4222.936085999, 4223.06785773, 4223.169349739, 4223.221975662, 4223.25914778, 4223.30098193, 4223.363071981, 4223.434305031, 4223.483369587, 4223.549711991, 4223.621293067, 4223.697929732, 4223.753023155, 4223.815118699, 4223.880338681, 4223.922134148, 4224.045259947, 4224.092586802, 4224.175749435, 4224.367626776, 4224.483962795, 4224.687473499, 4224.775125587, 4224.852209689, 4225.07932631, 4225.144322796, 4225.202484065, 4225.243758891, 4225.277974549, 4225.317859823, 4225.438441773, 4225.567305092, 4225.610250497, 4225.733465956, 4225.838710764, 4225.888568064, 4225.971544409, 4226.122409133, 4226.170651248, 4226.210925485, 4226.262349086, 4226.356956916, 4226.432939542, 4226.593879419, 4226.844152125, 4227.029580175, 4227.298877016, 4227.362673473, 4227.502193682, 4227.809106647, 4227.953986564, 4228.168682973, 4228.369648498, 4228.461094406, 4228.522564204, 4228.569135784, 4228.668932438, 4228.722271739, 4228.774789771, 4228.82655526, 4228.852433921, 4228.947301201, 4229.105733574, 4229.190978183, 4229.386983701, 4229.413506282, 4229.581495295, 4229.695021763, 4229.755877418], "episode_lengths": [81, 19, 63, 43, 48, 25, 56, 27, 31, 61, 31, 32, 56, 37, 41, 54, 23, 21, 27, 50, 18, 34, 27, 29, 57, 26, 27, 41, 30, 31, 53, 43, 70, 49, 29, 21, 22, 34, 42, 30, 35, 39, 47, 32, 36, 35, 25, 60, 27, 40, 92, 56, 97, 46, 42, 85, 31, 38, 27, 25, 30, 69, 71, 28, 65, 56, 30, 33, 54, 34, 28, 37, 63, 50, 97, 100, 52, 82, 25, 67, 73, 38, 55, 54, 56, 40, 34, 48, 30, 36, 34, 18, 51, 73, 25, 68, 21, 63, 41, 35], "episode_rewards": [-981.0, -919.0, -963.0, -943.0, -948.0, -925.0, -956.0, -927.0, -931.0, -961.0, -931.0, -932.0, -956.0, -937.0, -941.0, -954.0, -923.0, -921.0, -927.0, -950.0, -918.0, -934.0, -927.0, -929.0, -957.0, -926.0, -927.0, -941.0, -930.0, -931.0, -953.0, -943.0, -970.0, -949.0, -929.0, -921.0, -922.0, -934.0, -942.0, -930.0, -935.0, -939.0, -947.0, -932.0, -936.0, -935.0, -925.0, -960.0, -927.0, -940.0, -992.0, -956.0, -997.0, -946.0, -942.0, -985.0, -931.0, -938.0, -927.0, -925.0, -930.0, -969.0, -971.0, -928.0, -965.0, -956.0, -930.0, -933.0, -954.0, -934.0, -928.0, -937.0, -963.0, -950.0, -997.0, -1000.0, -952.0, -982.0, -925.0, -967.0, -973.0, -938.0, -955.0, -954.0, -956.0, -940.0, -934.0, -948.0, -930.0, -936.0, -934.0, -918.0, -951.0, -973.0, -925.0, -968.0, -921.0, -963.0, -941.0, -935.0], "episode_types": ["t", "t", "t", "t", "t", "t", "t", "t", "t", "t", "t", "t", "t", "t", "t", "t", "t", "t", "t", "t", "t", "t", "t", "t", "t", "t", "t", "t", "t", "t", "t", "t", "t", "t", "t", "t", "t", "t", "t", "t", "t", "t", "t", "t", "t", "t", "t", "t", "t", "t", "t", "t", "t", "t", "t", "t", "t", "t", "t", "t", "t", "t", "t", "t", "t", "t", "t", "t", "t", "t", "t", "t", "t", "t", "t", "t", "t", "t", "t", "t", "t", "t", "t", "t", "t", "t", "t", "t", "t", "t", "t", "t", "t", "t", "t", "t", "t", "t", "t", "t"]}