{"initial_reset_timestamp": 7693.153437562, "timestamps": [7693.366031841, 7693.526478932, 7693.619381142, 7693.802289055, 7693.849929381, 7693.895932426, 7693.948600938, 7694.193974256, 7694.260452787, 7694.332414408, 7694.527892756, 7694.606931859, 7694.677011953, 7694.749371948, 7694.831572385, 7694.979256705, 7695.043980575, 7695.111141828, 7695.280834272, 7695.485960422, 7695.644715869, 7695.770403146, 7695.81199403, 7695.862209978, 7695.936070744, 7696.057706803, 7696.14222017, 7696.192412233, 7696.32798255, 7696.396511011, 7696.556682117, 7696.644965459, 7696.708249023, 7696.774503395, 7696.867276932, 7697.069787837, 7697.285716047, 7697.362333217, 7697.475838483, 7697.636676617, 7697.722537089, 7697.840829685, 7697.907661532, 7698.061880022, 7698.172983551, 7698.273701976, 7698.326745344, 7698.386596921, 7698.534917003, 7698.666963506, 7698.855623741, 7699.057798319, 7699.294800086, 7699.343932076, 7699.489160668, 7699.552476338, 7699.740236102, 7699.809416204, 7699.926959813, 7700.171692106, 7700.33575154, 7700.40740879, 7700.533668345, 7700.698116107, 7700.803294596, 7700.86179793, 7700.917637608, 7701.060054923, 7701.207264823, 7701.35692284, 7701.484563657, 7701.605682787, 7701.741642215, 7701.918310445, 7702.081046305, 7702.145073651, 7702.256182197, 7702.31463709, 7702.460841689, 7702.640353219, 7702.923476063, 7703.025209673, 7703.260458094, 7703.439750488, 7703.535121542, 7703.609219229, 7703.666864306, 7703.819812475, 7703.958768712, 7704.102313769, 7704.350705036, 7704.490552272, 7704.640831351, 7704.697956389, 7704.840632715, 7705.015266939, 7705.124571484, 7705.172440083, 7705.294703127, 7705.349064568], "episode_lengths": [66, 62, 38, 42, 23, 22, 24, 92, 29, 32, 72, 34, 32, 31, 33, 57, 28, 29, 62, 77, 61, 49, 19, 23, 31, 48, 36, 22, 54, 31, 62, 37, 28, 30, 38, 75, 79, 32, 47, 62, 36, 48, 28, 60, 43, 41, 24, 27, 58, 51, 73, 76, 88, 22, 56, 28, 72, 31, 48, 93, 64, 32, 51, 63, 43, 27, 26, 54, 58, 59, 51, 49, 53, 67, 63, 30, 44, 26, 56, 69, 104, 42, 90, 70, 40, 32, 28, 60, 56, 57, 95, 56, 56, 26, 55, 65, 43, 19, 46, 24], "episode_rewards": [-966.0, -962.0, -938.0, -942.0, -923.0, -922.0, -924.0, -992.0, -929.0, -932.0, -972.0, -934.0, -932.0, -931.0, -933.0, -957.0, -928.0, -929.0, -962.0, -977.0, -961.0, -949.0, -919.0, -923.0, -931.0, -948.0, -936.0, -922.0, -954.0, -931.0, -962.0, -937.0, -928.0, -930.0, -938.0, -975.0, -979.0, -932.0, -947.0, -962.0, -936.0, -948.0, -928.0, -960.0, -943.0, -941.0, -924.0, -927.0, -958.0, -951.0, -973.0, -976.0, -988.0, -922.0, -956.0, -928.0, -972.0, -931.0, -948.0, -993.0, -964.0, -932.0, -951.0, -963.0, -943.0, -927.0, -926.0, -954.0, -958.0, -959.0, -951.0, -949.0, -953.0, -967.0, -963.0, -930.0, -944.0, -926.0, -956.0, -969.0, -1004.0, -942.0, -990.0, -970.0, -940.0, -932.0, -928.0, -960.0, -956.0, -957.0, -995.0, -956.0, -956.0, -926.0, -955.0, -965.0, -943.0, -919.0, -946.0, -924.0], "episode_types": ["t", "t", "t", "t", "t", "t", "t", "t", "t", "t", "t", "t", "t", "t", "t", "t", "t", "t", "t", "t", "t", "t", "t", "t", "t", "t", "t", "t", "t", "t", "t", "t", "t", "t", "t", "t", "t", "t", "t", "t", "t", "t", "t", "t", "t", "t", "t", "t", "t", "t", "t", "t", "t", "t", "t", "t", "t", "t", "t", "t", "t", "t", "t", "t", "t", "t", "t", "t", "t", "t", "t", "t", "t", "t", "t", "t", "t", "t", "t", "t", "t", "t", "t", "t", "t", "t", "t", "t", "t", "t", "t", "t", "t", "t", "t", "t", "t", "t", "t", "t"]}