{"initial_reset_timestamp": 4170.02075903, "timestamps": [4170.071691519, 4170.21589987, 4170.264068433, 4170.312067773, 4170.359183071, 4170.420920379, 4170.480305775, 4170.571884808, 4170.665883232, 4170.846471972, 4170.959437399, 4171.085589755, 4171.148318852, 4171.311108923, 4171.365674803, 4171.465137025, 4171.586081189, 4171.624137076, 4171.682666824, 4171.763227285, 4171.874148101, 4171.967851861, 4172.007989359, 4172.067145308, 4172.178900355, 4172.243590629, 4172.33817666, 4172.495572464, 4172.595168643, 4172.706401864, 4172.786429667, 4172.854314139, 4173.042919432, 4173.202508987, 4173.280784141, 4173.395475546, 4173.61416139, 4173.763013942, 4173.828933712, 4173.960596314, 4174.15539071, 4174.293383466, 4174.454540647, 4174.563544886, 4174.614239657, 4174.744067012, 4174.809422248, 4174.932056435, 4175.083949687, 4175.152890466, 4175.245267168, 4175.416610638, 4175.48493045, 4175.638894965, 4175.938846322, 4175.994646056, 4176.241006354, 4176.308471671, 4176.431366983, 4176.478801214, 4176.528372357, 4176.766376257, 4176.901037156, 4177.041641408, 4177.217135796, 4177.353916424, 4177.478530921, 4177.666121006, 4177.823154735, 4177.856813757, 4178.018521461, 4178.065079731, 4178.122188343, 4178.199261857, 4178.356800723, 4178.439684203, 4178.559875698, 4178.693099798, 4178.907970103, 4179.047749573, 4179.098551114, 4179.252323055, 4179.47105411, 4179.640120429, 4179.71442483, 4179.811783414, 4179.876430108, 4180.050049505, 4180.098803593, 4180.155980296, 4180.202907851, 4180.266536513, 4180.438624059, 4180.534088807, 4180.881567491, 4181.246236331, 4181.300234721, 4181.344793384, 4181.381918517, 4181.474156951], "episode_lengths": [26, 48, 23, 29, 30, 31, 28, 43, 48, 79, 51, 55, 32, 71, 26, 48, 58, 20, 30, 39, 56, 43, 20, 26, 51, 34, 46, 67, 39, 45, 26, 28, 71, 62, 34, 45, 74, 46, 31, 43, 65, 53, 76, 53, 28, 52, 34, 39, 58, 28, 22, 51, 27, 35, 108, 24, 94, 31, 50, 23, 19, 63, 51, 54, 60, 32, 40, 60, 50, 18, 73, 25, 31, 43, 49, 29, 49, 53, 65, 50, 26, 51, 81, 53, 28, 39, 22, 57, 27, 24, 19, 32, 71, 25, 87, 97, 27, 20, 29, 51], "episode_rewards": [-926.0, -948.0, -923.0, -929.0, -930.0, -931.0, -928.0, -943.0, -948.0, -979.0, -951.0, -955.0, -932.0, -971.0, -926.0, -948.0, -958.0, -920.0, -930.0, -939.0, -956.0, -943.0, -920.0, -926.0, -951.0, -934.0, -946.0, -967.0, -939.0, -945.0, -926.0, -928.0, -971.0, -962.0, -934.0, -945.0, -974.0, -946.0, -931.0, -943.0, -965.0, -953.0, -976.0, -953.0, -928.0, -952.0, -934.0, -939.0, -958.0, -928.0, -922.0, -951.0, -927.0, -935.0, -1008.0, -924.0, -994.0, -931.0, -950.0, -923.0, -919.0, -963.0, -951.0, -954.0, -960.0, -932.0, -940.0, -960.0, -950.0, -918.0, -973.0, -925.0, -931.0, -943.0, -949.0, -929.0, -949.0, -953.0, -965.0, -950.0, -926.0, -951.0, -981.0, -953.0, -928.0, -939.0, -922.0, -957.0, -927.0, -924.0, -919.0, -932.0, -971.0, -925.0, -987.0, -997.0, -927.0, -920.0, -929.0, -951.0], "episode_types": ["t", "t", "t", "t", "t", "t", "t", "t", "t", "t", "t", "t", "t", "t", "t", "t", "t", "t", "t", "t", "t", "t", "t", "t", "t", "t", "t", "t", "t", "t", "t", "t", "t", "t", "t", "t", "t", "t", "t", "t", "t", "t", "t", "t", "t", "t", "t", "t", "t", "t", "t", "t", "t", "t", "t", "t", "t", "t", "t", "t", "t", "t", "t", "t", "t", "t", "t", "t", "t", "t", "t", "t", "t", "t", "t", "t", "t", "t", "t", "t", "t", "t", "t", "t", "t", "t", "t", "t", "t", "t", "t", "t", "t", "t", "t", "t", "t", "t", "t", "t"]}