{"initial_reset_timestamp": 4071.53996323, "timestamps": [4071.627690679, 4071.807773517, 4072.06490427, 4072.185407279, 4072.340830653, 4072.372959479, 4072.454095744, 4072.586559769, 4072.649650551, 4072.800253007, 4072.854179026, 4072.948274795, 4073.165093354, 4073.44919659, 4073.512934784, 4073.651984942, 4073.739905045, 4073.800801322, 4073.890353997, 4073.94289209, 4074.00993162, 4074.070378992, 4074.117342954, 4074.233941702, 4074.364019773, 4074.459942744, 4074.513645486, 4074.567331949, 4074.637196912, 4074.698252272, 4074.839939443, 4074.991643515, 4075.072319558, 4075.188167177, 4075.335824295, 4075.471013225, 4075.641362603, 4075.824588458, 4076.074863771, 4076.211382483, 4076.419608988, 4076.501408141, 4076.561526185, 4076.660476318, 4076.750071089, 4076.960938148, 4077.054742829, 4077.111195804, 4077.369700957, 4077.459336206, 4077.595384951, 4077.755689239, 4077.892593587, 4077.985482485, 4078.127238625, 4078.256277328, 4078.336536761, 4078.543437069, 4078.620205356, 4078.726700131, 4078.769565085, 4078.825249734, 4078.870564621, 4078.931740644, 4079.065560272, 4079.144228879, 4079.196039839, 4079.330899806, 4079.391648094, 4079.506727875, 4079.562772003, 4079.683785922, 4079.731164969, 4079.783700764, 4079.891891132, 4079.972219649, 4080.082563807, 4080.204385193, 4080.344638272, 4080.391216829, 4080.435588626, 4080.497325251, 4080.533399764, 4080.646213509, 4080.718012771, 4080.774119124, 4080.869518613, 4080.924625458, 4081.140565057, 4081.357024125, 4081.606730293, 4081.716575272, 4081.830316525, 4081.951030314, 4082.091862966, 4082.165162188, 4082.248068435, 4082.446693861, 4082.547613024, 4082.61468013], "episode_lengths": [24, 66, 50, 30, 68, 22, 47, 32, 34, 53, 24, 51, 54, 59, 27, 58, 49, 34, 50, 20, 28, 30, 24, 52, 57, 44, 27, 27, 34, 30, 62, 66, 37, 50, 64, 61, 75, 47, 88, 47, 62, 40, 28, 28, 24, 55, 28, 23, 66, 27, 37, 53, 36, 28, 44, 57, 40, 88, 38, 46, 24, 30, 27, 34, 60, 39, 28, 56, 32, 52, 28, 57, 26, 28, 46, 36, 51, 58, 59, 26, 25, 32, 23, 56, 38, 32, 48, 34, 108, 107, 123, 58, 58, 63, 53, 32, 37, 87, 39, 34], "episode_rewards": [-924.0, -966.0, -950.0, -930.0, -968.0, -922.0, -947.0, -932.0, -934.0, -953.0, -924.0, -951.0, -954.0, -959.0, -927.0, -958.0, -949.0, -934.0, -950.0, -920.0, -928.0, -930.0, -924.0, -952.0, -957.0, -944.0, -927.0, -927.0, -934.0, -930.0, -962.0, -966.0, -937.0, -950.0, -964.0, -961.0, -975.0, -947.0, -988.0, -947.0, -962.0, -940.0, -928.0, -928.0, -924.0, -955.0, -928.0, -923.0, -966.0, -927.0, -937.0, -953.0, -936.0, -928.0, -944.0, -957.0, -940.0, -988.0, -938.0, -946.0, -924.0, -930.0, -927.0, -934.0, -960.0, -939.0, -928.0, -956.0, -932.0, -952.0, -928.0, -957.0, -926.0, -928.0, -946.0, -936.0, -951.0, -958.0, -959.0, -926.0, -925.0, -932.0, -923.0, -956.0, -938.0, -932.0, -948.0, -934.0, -1008.0, -1007.0, -1023.0, -958.0, -958.0, -963.0, -953.0, -932.0, -937.0, -987.0, -939.0, -934.0], "episode_types": ["t", "t", "t", "t", "t", "t", "t", "t", "t", "t", "t", "t", "t", "t", "t", "t", "t", "t", "t", "t", "t", "t", "t", "t", "t", "t", "t", "t", "t", "t", "t", "t", "t", "t", "t", "t", "t", "t", "t", "t", "t", "t", "t", "t", "t", "t", "t", "t", "t", "t", "t", "t", "t", "t", "t", "t", "t", "t", "t", "t", "t", "t", "t", "t", "t", "t", "t", "t", "t", "t", "t", "t", "t", "t", "t", "t", "t", "t", "t", "t", "t", "t", "t", "t", "t", "t", "t", "t", "t", "t", "t", "t", "t", "t", "t", "t", "t", "t", "t", "t"]}