{"initial_reset_timestamp": 4197.230126152, "timestamps": [4197.375608892, 4197.503437639, 4197.660679201, 4197.7203656, 4197.849173394, 4197.959411754, 4198.00772982, 4198.106796541, 4198.178009183, 4198.246882357, 4198.306540021, 4198.396090735, 4198.47139624, 4198.590291084, 4198.65984142, 4198.722142323, 4198.825054653, 4198.929793448, 4199.094790291, 4199.128298741, 4199.193534154, 4199.258802746, 4199.376648437, 4199.411992731, 4199.502734369, 4199.621423902, 4199.659737034, 4199.794943547, 4199.933509561, 4199.982307059, 4200.110762936, 4200.189092777, 4200.291294421, 4200.353940032, 4200.447171892, 4200.480476412, 4200.582280663, 4200.626732198, 4200.691106837, 4200.824073152, 4200.923434246, 4200.989219611, 4201.035193104, 4201.107833674, 4201.158772158, 4201.227529269, 4201.299708668, 4201.40248674, 4201.439906075, 4201.565095125, 4201.634606016, 4201.678594101, 4201.761815506, 4201.889594193, 4201.919581346, 4201.988965863, 4202.072692699, 4202.187367175, 4202.268836597, 4202.330479492, 4202.420954301, 4202.471835406, 4202.646137021, 4202.74347524, 4202.792484263, 4203.103912872, 4203.188113688, 4203.349006113, 4203.567338522, 4203.737467917, 4203.981843536, 4204.257261888, 4204.296850334, 4204.447014008, 4204.624775578, 4204.671545878, 4204.864353903, 4205.003216947, 4205.06879078, 4205.223248418, 4205.321290911, 4205.458401999, 4205.644413305, 4205.694479532, 4205.837036025, 4205.860712915, 4205.923219799, 4206.013035199, 4206.11419009, 4206.177135419, 4206.271486819, 4206.355856851, 4206.422393308, 4206.492121984, 4206.626644546, 4206.710360702, 4206.835369865, 4206.865404591, 4206.896172188, 4207.011560286], "episode_lengths": [54, 51, 64, 30, 54, 53, 22, 43, 35, 37, 29, 40, 31, 50, 34, 32, 49, 56, 85, 22, 35, 36, 57, 21, 44, 60, 23, 60, 57, 28, 54, 29, 22, 28, 30, 21, 54, 28, 37, 65, 48, 35, 26, 37, 27, 33, 40, 47, 21, 61, 35, 23, 39, 58, 18, 37, 27, 32, 28, 21, 36, 34, 80, 46, 25, 86, 32, 52, 68, 71, 100, 87, 23, 62, 60, 25, 97, 48, 28, 52, 36, 59, 66, 36, 72, 19, 43, 57, 71, 44, 66, 59, 50, 42, 74, 52, 72, 24, 20, 63], "episode_rewards": [-954.0, -951.0, -964.0, -930.0, -954.0, -953.0, -922.0, -943.0, -935.0, -937.0, -929.0, -940.0, -931.0, -950.0, -934.0, -932.0, -949.0, -956.0, -985.0, -922.0, -935.0, -936.0, -957.0, -921.0, -944.0, -960.0, -923.0, -960.0, -957.0, -928.0, -954.0, -929.0, -922.0, -928.0, -930.0, -921.0, -954.0, -928.0, -937.0, -965.0, -948.0, -935.0, -926.0, -937.0, -927.0, -933.0, -940.0, -947.0, -921.0, -961.0, -935.0, -923.0, -939.0, -958.0, -918.0, -937.0, -927.0, -932.0, -928.0, -921.0, -936.0, -934.0, -980.0, -946.0, -925.0, -986.0, -932.0, -952.0, -968.0, -971.0, -1000.0, -987.0, -923.0, -962.0, -960.0, -925.0, -997.0, -948.0, -928.0, -952.0, -936.0, -959.0, -966.0, -936.0, -972.0, -919.0, -943.0, -957.0, -971.0, -944.0, -966.0, -959.0, -950.0, -942.0, -974.0, -952.0, -972.0, -924.0, -920.0, -963.0], "episode_types": ["t", "t", "t", "t", "t", "t", "t", "t", "t", "t", "t", "t", "t", "t", "t", "t", "t", "t", "t", "t", "t", "t", "t", "t", "t", "t", "t", "t", "t", "t", "t", "t", "t", "t", "t", "t", "t", "t", "t", "t", "t", "t", "t", "t", "t", "t", "t", "t", "t", "t", "t", "t", "t", "t", "t", "t", "t", "t", "t", "t", "t", "t", "t", "t", "t", "t", "t", "t", "t", "t", "t", "t", "t", "t", "t", "t", "t", "t", "t", "t", "t", "t", "t", "t", "t", "t", "t", "t", "t", "t", "t", "t", "t", "t", "t", "t", "t", "t", "t", "t"]}