{"initial_reset_timestamp": 4081.99107154, "timestamps": [4082.051919596, 4082.102747021, 4082.216704681, 4082.272939223, 4082.326911273, 4082.39375162, 4082.486787407, 4082.575725905, 4082.632612854, 4082.739807341, 4082.858817864, 4082.881027281, 4082.931977439, 4082.994392052, 4083.205110718, 4083.356986205, 4083.417161933, 4083.529644002, 4083.565555778, 4083.665052171, 4083.767523828, 4083.894319164, 4083.950789746, 4084.132317755, 4084.292125396, 4084.471989676, 4084.659774244, 4084.923134144, 4085.012300373, 4085.06901183, 4085.08985997, 4085.168324282, 4085.256524233, 4085.366918261, 4085.416241416, 4085.44317469, 4085.509005965, 4085.558381486, 4085.609919925, 4085.646619556, 4085.674176037, 4085.714874899, 4085.777906517, 4085.822281511, 4086.020730971, 4086.115646582, 4086.260611232, 4086.556678433, 4086.76817617, 4086.856918057, 4086.982965317, 4087.143581383, 4087.330856687, 4087.439962342, 4087.495225219, 4087.757458909, 4087.945645385, 4088.239037726, 4088.457242371, 4088.580794926, 4088.719251664, 4088.823782863, 4088.886787435, 4088.975433604, 4089.223075901, 4089.379209916, 4089.619104892, 4089.692615341, 4090.230104514, 4090.476108591, 4090.534995309, 4090.589833056, 4090.731575796, 4090.855984154, 4091.021738221, 4091.145280139, 4091.403438469, 4091.71911466, 4091.877418743, 4091.98579955, 4092.207163884, 4092.519610113, 4092.58935964, 4092.994362409, 4093.139829654, 4093.404140743, 4093.708969699, 4094.009331233, 4094.091710734, 4094.185187084, 4094.280531446, 4094.439784452, 4094.49858556, 4094.578017834, 4094.628255931, 4094.671339615, 4094.974333541, 4095.010486598, 4095.086256543, 4095.147502218], "episode_lengths": [28, 21, 44, 23, 28, 34, 47, 38, 24, 37, 64, 16, 23, 37, 72, 83, 39, 54, 21, 43, 41, 34, 22, 47, 38, 51, 46, 77, 38, 44, 19, 56, 64, 78, 40, 23, 49, 39, 40, 30, 22, 26, 36, 27, 77, 31, 39, 90, 54, 34, 30, 33, 60, 37, 21, 74, 42, 76, 61, 52, 43, 36, 34, 35, 55, 53, 55, 31, 114, 67, 24, 28, 70, 49, 79, 34, 66, 80, 47, 37, 50, 74, 27, 97, 49, 54, 68, 74, 39, 22, 32, 62, 33, 27, 36, 29, 89, 28, 24, 25], "episode_rewards": [-928.0, -921.0, -944.0, -923.0, -928.0, -934.0, -947.0, -938.0, -924.0, -937.0, -964.0, -916.0, -923.0, -937.0, -972.0, -983.0, -939.0, -954.0, -921.0, -943.0, -941.0, -934.0, -922.0, -947.0, -938.0, -951.0, -946.0, -977.0, -938.0, -944.0, -919.0, -956.0, -964.0, -978.0, -940.0, -923.0, -949.0, -939.0, -940.0, -930.0, -922.0, -926.0, -936.0, -927.0, -977.0, -931.0, -939.0, -990.0, -954.0, -934.0, -930.0, -933.0, -960.0, -937.0, -921.0, -974.0, -942.0, -976.0, -961.0, -952.0, -943.0, -936.0, -934.0, -935.0, -955.0, -953.0, -955.0, -931.0, -1014.0, -967.0, -924.0, -928.0, -970.0, -949.0, -979.0, -934.0, -966.0, -980.0, -947.0, -937.0, -950.0, -974.0, -927.0, -997.0, -949.0, -954.0, -968.0, -974.0, -939.0, -922.0, -932.0, -962.0, -933.0, -927.0, -936.0, -929.0, -989.0, -928.0, -924.0, -925.0], "episode_types": ["t", "t", "t", "t", "t", "t", "t", "t", "t", "t", "t", "t", "t", "t", "t", "t", "t", "t", "t", "t", "t", "t", "t", "t", "t", "t", "t", "t", "t", "t", "t", "t", "t", "t", "t", "t", "t", "t", "t", "t", "t", "t", "t", "t", "t", "t", "t", "t", "t", "t", "t", "t", "t", "t", "t", "t", "t", "t", "t", "t", "t", "t", "t", "t", "t", "t", "t", "t", "t", "t", "t", "t", "t", "t", "t", "t", "t", "t", "t", "t", "t", "t", "t", "t", "t", "t", "t", "t", "t", "t", "t", "t", "t", "t", "t", "t", "t", "t", "t", "t"]}