{"initial_reset_timestamp": 4263.659191539, "timestamps": [4263.794107599, 4263.841189163, 4263.979673658, 4264.02301116, 4264.09067614, 4264.239219956, 4264.280784923, 4264.388046953, 4264.482599219, 4264.541782552, 4264.62980597, 4264.692695828, 4264.739661925, 4264.823197649, 4264.927340044, 4264.979046784, 4265.113143504, 4265.174595205, 4265.252150385, 4265.283928834, 4265.333463352, 4265.4115857, 4265.464474632, 4265.570971609, 4265.635193828, 4265.668223193, 4265.719109205, 4265.81918292, 4265.89779543, 4265.948899494, 4266.024747724, 4266.07187665, 4266.095755453, 4266.133911187, 4266.194900042, 4266.26033449, 4266.28963368, 4266.353839208, 4266.394271894, 4266.45801553, 4266.510212482, 4266.555723877, 4266.591115132, 4266.635201839, 4266.665497047, 4266.776914946, 4266.854841465, 4266.899406482, 4267.000124663, 4267.063325012, 4267.109558114, 4267.146440756, 4267.190348148, 4267.226364386, 4267.331948574, 4267.444312872, 4267.561264199, 4267.60559535, 4267.653272949, 4267.691624201, 4267.72341208, 4267.791716246, 4267.837364132, 4267.949394689, 4268.041117738, 4268.084704609, 4268.120180342, 4268.193095014, 4268.307146865, 4268.348577059, 4268.3927105, 4268.452025843, 4268.517103305, 4268.59381326, 4268.628220432, 4268.697362001, 4268.768544774, 4268.821213398, 4268.903288081, 4268.953700497, 4269.074243889, 4269.174157727, 4269.22135689, 4269.301450807, 4269.332311318, 4269.373910301, 4269.485134026, 4269.519012325, 4269.619102271, 4269.657379442, 4269.773688051, 4269.839535482, 4270.056799637, 4270.216896795, 4270.451499228, 4270.539543896, 4270.607992789, 4270.685613451, 4270.78520328, 4270.863514], "episode_lengths": [71, 32, 53, 19, 30, 51, 25, 61, 57, 41, 46, 22, 31, 43, 54, 33, 68, 34, 42, 21, 32, 52, 35, 67, 44, 26, 37, 61, 47, 35, 45, 26, 17, 23, 38, 40, 19, 43, 28, 37, 30, 28, 24, 30, 21, 68, 47, 30, 57, 38, 28, 25, 31, 25, 63, 59, 65, 30, 32, 30, 24, 48, 33, 75, 63, 33, 25, 47, 59, 31, 29, 39, 42, 52, 24, 45, 45, 35, 49, 33, 71, 57, 30, 53, 23, 22, 43, 21, 59, 27, 58, 39, 101, 82, 67, 25, 31, 33, 52, 25], "episode_rewards": [-971.0, -932.0, -953.0, -919.0, -930.0, -951.0, -925.0, -961.0, -957.0, -941.0, -946.0, -922.0, -931.0, -943.0, -954.0, -933.0, -968.0, -934.0, -942.0, -921.0, -932.0, -952.0, -935.0, -967.0, -944.0, -926.0, -937.0, -961.0, -947.0, -935.0, -945.0, -926.0, -917.0, -923.0, -938.0, -940.0, -919.0, -943.0, -928.0, -937.0, -930.0, -928.0, -924.0, -930.0, -921.0, -968.0, -947.0, -930.0, -957.0, -938.0, -928.0, -925.0, -931.0, -925.0, -963.0, -959.0, -965.0, -930.0, -932.0, -930.0, -924.0, -948.0, -933.0, -975.0, -963.0, -933.0, -925.0, -947.0, -959.0, -931.0, -929.0, -939.0, -942.0, -952.0, -924.0, -945.0, -945.0, -935.0, -949.0, -933.0, -971.0, -957.0, -930.0, -953.0, -923.0, -922.0, -943.0, -921.0, -959.0, -927.0, -958.0, -939.0, -1001.0, -982.0, -967.0, -925.0, -931.0, -933.0, -952.0, -925.0], "episode_types": ["t", "t", "t", "t", "t", "t", "t", "t", "t", "t", "t", "t", "t", "t", "t", "t", "t", "t", "t", "t", "t", "t", "t", "t", "t", "t", "t", "t", "t", "t", "t", "t", "t", "t", "t", "t", "t", "t", "t", "t", "t", "t", "t", "t", "t", "t", "t", "t", "t", "t", "t", "t", "t", "t", "t", "t", "t", "t", "t", "t", "t", "t", "t", "t", "t", "t", "t", "t", "t", "t", "t", "t", "t", "t", "t", "t", "t", "t", "t", "t", "t", "t", "t", "t", "t", "t", "t", "t", "t", "t", "t", "t", "t", "t", "t", "t", "t", "t", "t", "t"]}