{"initial_reset_timestamp": 4220.300332428, "timestamps": [4220.473126075, 4220.582212581, 4220.743153081, 4220.853785782, 4220.891723841, 4220.950101915, 4221.090189946, 4221.137794424, 4221.216243274, 4221.32996521, 4221.412522063, 4221.500158296, 4221.715345399, 4221.82917663, 4221.995412058, 4222.046556283, 4222.161864428, 4222.217038641, 4222.291137262, 4222.35590992, 4222.458130087, 4222.49859251, 4222.59923211, 4222.705237143, 4222.783449708, 4222.831225859, 4222.956501957, 4223.22707363, 4223.44128283, 4223.744928307, 4223.799307777, 4223.887681325, 4223.932605649, 4223.99703264, 4224.091868528, 4224.194794344, 4224.260694281, 4224.418306106, 4224.515651115, 4224.605665069, 4224.873294136, 4225.400378484, 4225.493127499, 4225.71048483, 4225.949820404, 4226.118769788, 4226.168516553, 4226.200328364, 4226.245764868, 4226.303275611, 4226.331112071, 4226.388380156, 4226.466064779, 4226.566316731, 4226.632998306, 4226.69941764, 4226.815678177, 4227.023899571, 4227.151827038, 4227.345631547, 4227.484498592, 4227.599406672, 4227.651837927, 4227.736821671, 4227.845361742, 4227.945072718, 4228.10185124, 4228.150798114, 4228.331607921, 4228.355500939, 4228.388076447, 4228.418726141, 4228.634916982, 4228.84931413, 4228.970826065, 4229.14672687, 4229.209197681, 4229.298189936, 4229.37795505, 4229.506707096, 4229.737917401, 4229.810371689, 4229.91320407, 4230.000815587, 4230.155426911, 4230.190906472, 4230.234567764, 4230.267266636, 4230.319447306, 4230.605327996, 4230.853806826, 4231.060065797, 4231.427064165, 4232.059269439, 4232.334322747, 4232.611709499, 4232.82789906, 4233.088396025, 4233.257993299, 4233.533594624], "episode_lengths": [64, 43, 66, 47, 20, 32, 51, 29, 42, 54, 39, 42, 85, 53, 76, 28, 48, 29, 40, 34, 53, 24, 59, 53, 39, 25, 31, 80, 61, 84, 31, 47, 25, 37, 47, 51, 33, 61, 42, 40, 80, 125, 35, 65, 58, 67, 34, 23, 33, 40, 21, 39, 52, 60, 34, 31, 56, 43, 30, 53, 39, 25, 20, 30, 47, 25, 48, 22, 63, 21, 24, 22, 64, 59, 35, 44, 22, 33, 20, 38, 64, 56, 74, 57, 79, 32, 28, 24, 29, 136, 75, 64, 68, 134, 80, 78, 67, 69, 57, 76], "episode_rewards": [-964.0, -943.0, -966.0, -947.0, -920.0, -932.0, -951.0, -929.0, -942.0, -954.0, -939.0, -942.0, -985.0, -953.0, -976.0, -928.0, -948.0, -929.0, -940.0, -934.0, -953.0, -924.0, -959.0, -953.0, -939.0, -925.0, -931.0, -980.0, -961.0, -984.0, -931.0, -947.0, -925.0, -937.0, -947.0, -951.0, -933.0, -961.0, -942.0, -940.0, -980.0, -1025.0, -935.0, -965.0, -958.0, -967.0, -934.0, -923.0, -933.0, -940.0, -921.0, -939.0, -952.0, -960.0, -934.0, -931.0, -956.0, -943.0, -930.0, -953.0, -939.0, -925.0, -920.0, -930.0, -947.0, -925.0, -948.0, -922.0, -963.0, -921.0, -924.0, -922.0, -964.0, -959.0, -935.0, -944.0, -922.0, -933.0, -920.0, -938.0, -964.0, -956.0, -974.0, -957.0, -979.0, -932.0, -928.0, -924.0, -929.0, -1036.0, -975.0, -964.0, -968.0, -1034.0, -980.0, -978.0, -967.0, -969.0, -957.0, -976.0], "episode_types": ["t", "t", "t", "t", "t", "t", "t", "t", "t", "t", "t", "t", "t", "t", "t", "t", "t", "t", "t", "t", "t", "t", "t", "t", "t", "t", "t", "t", "t", "t", "t", "t", "t", "t", "t", "t", "t", "t", "t", "t", "t", "t", "t", "t", "t", "t", "t", "t", "t", "t", "t", "t", "t", "t", "t", "t", "t", "t", "t", "t", "t", "t", "t", "t", "t", "t", "t", "t", "t", "t", "t", "t", "t", "t", "t", "t", "t", "t", "t", "t", "t", "t", "t", "t", "t", "t", "t", "t", "t", "t", "t", "t", "t", "t", "t", "t", "t", "t", "t", "t"]}