{"initial_reset_timestamp": 4105.33071724, "timestamps": [4105.453988894, 4105.641032361, 4105.826139296, 4105.931043537, 4106.080338178, 4106.141033592, 4106.210211127, 4106.247953192, 4106.561984971, 4106.620837114, 4106.721112289, 4106.76976043, 4106.822993083, 4106.862091576, 4106.9632641, 4107.002246695, 4107.05352018, 4107.101812881, 4107.185805285, 4107.260524694, 4107.320231029, 4107.394394923, 4107.44652735, 4107.567782313, 4107.618648686, 4107.671083265, 4107.741251135, 4107.84483113, 4107.88851289, 4107.919582535, 4107.986406106, 4108.038423007, 4108.217857514, 4108.324833019, 4108.361808851, 4108.418802074, 4108.477703372, 4108.538836832, 4108.580118017, 4108.641674564, 4108.692045058, 4108.740962611, 4108.80602426, 4108.860615543, 4108.96028797, 4108.999155132, 4109.034408449, 4109.077584895, 4109.104673107, 4109.147491109, 4109.181327147, 4109.244723469, 4109.308349143, 4109.33073379, 4109.397943827, 4109.500307471, 4109.577481002, 4109.694742222, 4109.749686176, 4109.796896769, 4109.832802746, 4109.864795271, 4109.908715994, 4109.946323652, 4109.970033939, 4110.056050067, 4110.18915942, 4110.305558809, 4110.398126352, 4110.432304819, 4110.5242908, 4110.548381192, 4110.64432124, 4110.687662605, 4110.751490324, 4110.850256495, 4110.87914169, 4110.944345167, 4110.97939537, 4111.077125777, 4111.107748714, 4111.165151662, 4111.233745218, 4111.303680115, 4111.346570591, 4111.395836138, 4111.497253, 4111.550905513, 4111.610897902, 4111.655634246, 4111.686462701, 4111.717570427, 4111.811668983, 4111.855872491, 4111.905826338, 4112.017838273, 4112.09632901, 4112.158381178, 4112.200432973, 4112.241954272], "episode_lengths": [53, 66, 67, 26, 30, 20, 23, 22, 100, 33, 51, 31, 34, 23, 60, 22, 31, 31, 47, 38, 30, 33, 26, 63, 36, 34, 40, 56, 29, 21, 37, 28, 92, 49, 23, 33, 34, 35, 27, 34, 32, 33, 45, 38, 64, 29, 28, 32, 19, 33, 29, 45, 47, 22, 49, 55, 33, 49, 25, 27, 30, 25, 34, 28, 19, 60, 83, 75, 64, 28, 67, 21, 67, 31, 43, 69, 24, 48, 28, 71, 25, 44, 52, 42, 35, 38, 70, 42, 44, 36, 26, 26, 68, 35, 39, 68, 51, 45, 31, 27], "episode_rewards": [-953.0, -966.0, -967.0, -926.0, -930.0, -920.0, -923.0, -922.0, -1000.0, -933.0, -951.0, -931.0, -934.0, -923.0, -960.0, -922.0, -931.0, -931.0, -947.0, -938.0, -930.0, -933.0, -926.0, -963.0, -936.0, -934.0, -940.0, -956.0, -929.0, -921.0, -937.0, -928.0, -992.0, -949.0, -923.0, -933.0, -934.0, -935.0, -927.0, -934.0, -932.0, -933.0, -945.0, -938.0, -964.0, -929.0, -928.0, -932.0, -919.0, -933.0, -929.0, -945.0, -947.0, -922.0, -949.0, -955.0, -933.0, -949.0, -925.0, -927.0, -930.0, -925.0, -934.0, -928.0, -919.0, -960.0, -983.0, -975.0, -964.0, -928.0, -967.0, -921.0, -967.0, -931.0, -943.0, -969.0, -924.0, -948.0, -928.0, -971.0, -925.0, -944.0, -952.0, -942.0, -935.0, -938.0, -970.0, -942.0, -944.0, -936.0, -926.0, -926.0, -968.0, -935.0, -939.0, -968.0, -951.0, -945.0, -931.0, -927.0], "episode_types": ["t", "t", "t", "t", "t", "t", "t", "t", "t", "t", "t", "t", "t", "t", "t", "t", "t", "t", "t", "t", "t", "t", "t", "t", "t", "t", "t", "t", "t", "t", "t", "t", "t", "t", "t", "t", "t", "t", "t", "t", "t", "t", "t", "t", "t", "t", "t", "t", "t", "t", "t", "t", "t", "t", "t", "t", "t", "t", "t", "t", "t", "t", "t", "t", "t", "t", "t", "t", "t", "t", "t", "t", "t", "t", "t", "t", "t", "t", "t", "t", "t", "t", "t", "t", "t", "t", "t", "t", "t", "t", "t", "t", "t", "t", "t", "t", "t", "t", "t", "t"]}