{"initial_reset_timestamp": 4021.235022558, "timestamps": [4021.335395902, 4021.402899539, 4021.582512537, 4021.637459391, 4021.670532814, 4021.766160798, 4021.797877911, 4021.875692471, 4021.959938317, 4022.077292062, 4022.356272278, 4022.530996793, 4022.647762205, 4022.673986398, 4022.875983236, 4023.2045576, 4023.261612504, 4023.329534202, 4023.441994586, 4023.473291726, 4023.508202435, 4023.591157981, 4023.62102854, 4023.682601702, 4023.722183514, 4023.862603186, 4023.915816766, 4024.035841119, 4024.094460659, 4024.24211168, 4024.355668798, 4024.391665982, 4024.412532754, 4024.479413905, 4024.634581426, 4024.68778101, 4024.74409376, 4024.789843231, 4024.909565931, 4025.000365262, 4025.153486555, 4025.197395687, 4025.264867456, 4025.311417391, 4025.357518031, 4025.427479545, 4025.568789119, 4025.607190391, 4025.665133146, 4025.798146401, 4025.975601639, 4026.121978369, 4026.200440224, 4026.249626386, 4026.37202707, 4026.433479022, 4026.557471315, 4026.626010357, 4026.731961153, 4026.808504902, 4026.908476824, 4027.129530133, 4027.227492257, 4027.294132414, 4027.614017563, 4027.659001599, 4027.798610053, 4027.956645272, 4028.030159688, 4028.205004027, 4028.37080178, 4028.521404758, 4028.720055266, 4028.79856504, 4028.977421362, 4029.02991856, 4029.259138268, 4029.389280798, 4029.440326406, 4029.569691028, 4029.626196673, 4029.695611537, 4029.931786999, 4029.986949285, 4030.201874251, 4030.273746097, 4030.417647542, 4030.577616473, 4030.752359792, 4030.947162363, 4031.017783661, 4031.208450276, 4031.392590766, 4031.453688265, 4031.616467362, 4031.730401952, 4031.936418705, 4032.138659039, 4032.4295448, 4032.605398637], "episode_lengths": [43, 19, 46, 27, 23, 40, 21, 27, 38, 25, 55, 69, 74, 22, 82, 89, 28, 33, 76, 27, 29, 54, 25, 40, 25, 89, 20, 44, 24, 57, 58, 28, 18, 30, 33, 26, 22, 27, 47, 30, 53, 24, 30, 27, 23, 24, 45, 21, 32, 53, 65, 53, 32, 22, 48, 26, 41, 29, 42, 33, 41, 79, 39, 28, 111, 20, 53, 59, 30, 63, 63, 55, 69, 31, 65, 22, 80, 47, 22, 48, 24, 29, 76, 20, 69, 27, 47, 52, 64, 72, 30, 70, 68, 26, 56, 40, 75, 61, 91, 57], "episode_rewards": [-943.0, -919.0, -946.0, -927.0, -923.0, -940.0, -921.0, -927.0, -938.0, -925.0, -955.0, -969.0, -974.0, -922.0, -982.0, -989.0, -928.0, -933.0, -976.0, -927.0, -929.0, -954.0, -925.0, -940.0, -925.0, -989.0, -920.0, -944.0, -924.0, -957.0, -958.0, -928.0, -918.0, -930.0, -933.0, -926.0, -922.0, -927.0, -947.0, -930.0, -953.0, -924.0, -930.0, -927.0, -923.0, -924.0, -945.0, -921.0, -932.0, -953.0, -965.0, -953.0, -932.0, -922.0, -948.0, -926.0, -941.0, -929.0, -942.0, -933.0, -941.0, -979.0, -939.0, -928.0, -1011.0, -920.0, -953.0, -959.0, -930.0, -963.0, -963.0, -955.0, -969.0, -931.0, -965.0, -922.0, -980.0, -947.0, -922.0, -948.0, -924.0, -929.0, -976.0, -920.0, -969.0, -927.0, -947.0, -952.0, -964.0, -972.0, -930.0, -970.0, -968.0, -926.0, -956.0, -940.0, -975.0, -961.0, -991.0, -957.0], "episode_types": ["t", "t", "t", "t", "t", "t", "t", "t", "t", "t", "t", "t", "t", "t", "t", "t", "t", "t", "t", "t", "t", "t", "t", "t", "t", "t", "t", "t", "t", "t", "t", "t", "t", "t", "t", "t", "t", "t", "t", "t", "t", "t", "t", "t", "t", "t", "t", "t", "t", "t", "t", "t", "t", "t", "t", "t", "t", "t", "t", "t", "t", "t", "t", "t", "t", "t", "t", "t", "t", "t", "t", "t", "t", "t", "t", "t", "t", "t", "t", "t", "t", "t", "t", "t", "t", "t", "t", "t", "t", "t", "t", "t", "t", "t", "t", "t", "t", "t", "t", "t"]}