{"initial_reset_timestamp": 4242.764718263, "timestamps": [4242.827154314, 4242.887594538, 4242.976939086, 4243.039681216, 4243.110596628, 4243.192807608, 4243.226059267, 4243.282099531, 4243.330143121, 4243.418398672, 4243.455345196, 4243.541468331, 4243.616185229, 4243.69758888, 4243.81819288, 4243.857473862, 4243.931836071, 4243.966616789, 4244.059182591, 4244.108035953, 4244.147778137, 4244.182120401, 4244.209948233, 4244.29056695, 4244.362467212, 4244.446638238, 4244.57215184, 4244.651641551, 4244.730402066, 4244.78732787, 4244.874335813, 4244.922424602, 4244.963803131, 4245.044199055, 4245.098716972, 4245.149479148, 4245.185529573, 4245.221424269, 4245.271526385, 4245.310286414, 4245.415438556, 4245.515333778, 4245.605743822, 4245.752165089, 4245.984485566, 4246.181080601, 4246.256867037, 4246.447552065, 4246.614540092, 4246.726189275, 4246.959148759, 4247.012645083, 4247.191979008, 4247.251487992, 4247.33454395, 4247.390955441, 4247.499820639, 4247.76790826, 4247.800459976, 4247.898390783, 4248.081739826, 4248.177532656, 4248.377128255, 4248.513101342, 4248.723090235, 4248.855568143, 4248.901510148, 4249.033292051, 4249.087790175, 4249.140785334, 4249.199883731, 4249.316612884, 4249.502716578, 4249.659944495, 4249.786361738, 4249.950852501, 4250.010949038, 4250.083663729, 4250.186146661, 4250.305444831, 4250.429210004, 4250.523229627, 4250.633377057, 4250.700168432, 4250.800242899, 4251.090915843, 4251.183667025, 4251.275551338, 4251.345489351, 4251.452801757, 4251.57716007, 4251.797733958, 4251.941401228, 4252.040188051, 4252.136259933, 4252.217814412, 4252.267871381, 4252.339124999, 4252.412240174, 4252.568039255], "episode_lengths": [39, 26, 42, 33, 45, 42, 25, 33, 20, 47, 24, 34, 32, 25, 45, 20, 44, 23, 44, 28, 27, 24, 21, 48, 41, 36, 42, 31, 23, 33, 51, 32, 26, 45, 36, 29, 23, 23, 32, 26, 62, 57, 49, 66, 94, 70, 44, 71, 47, 32, 53, 22, 75, 30, 40, 27, 37, 90, 18, 46, 64, 29, 53, 50, 67, 57, 21, 59, 31, 30, 29, 47, 48, 55, 42, 69, 32, 25, 44, 53, 62, 49, 57, 35, 54, 80, 51, 48, 38, 57, 66, 104, 75, 50, 56, 54, 32, 45, 43, 94], "episode_rewards": [-939.0, -926.0, -942.0, -933.0, -945.0, -942.0, -925.0, -933.0, -920.0, -947.0, -924.0, -934.0, -932.0, -925.0, -945.0, -920.0, -944.0, -923.0, -944.0, -928.0, -927.0, -924.0, -921.0, -948.0, -941.0, -936.0, -942.0, -931.0, -923.0, -933.0, -951.0, -932.0, -926.0, -945.0, -936.0, -929.0, -923.0, -923.0, -932.0, -926.0, -962.0, -957.0, -949.0, -966.0, -994.0, -970.0, -944.0, -971.0, -947.0, -932.0, -953.0, -922.0, -975.0, -930.0, -940.0, -927.0, -937.0, -990.0, -918.0, -946.0, -964.0, -929.0, -953.0, -950.0, -967.0, -957.0, -921.0, -959.0, -931.0, -930.0, -929.0, -947.0, -948.0, -955.0, -942.0, -969.0, -932.0, -925.0, -944.0, -953.0, -962.0, -949.0, -957.0, -935.0, -954.0, -980.0, -951.0, -948.0, -938.0, -957.0, -966.0, -1004.0, -975.0, -950.0, -956.0, -954.0, -932.0, -945.0, -943.0, -994.0], "episode_types": ["t", "t", "t", "t", "t", "t", "t", "t", "t", "t", "t", "t", "t", "t", "t", "t", "t", "t", "t", "t", "t", "t", "t", "t", "t", "t", "t", "t", "t", "t", "t", "t", "t", "t", "t", "t", "t", "t", "t", "t", "t", "t", "t", "t", "t", "t", "t", "t", "t", "t", "t", "t", "t", "t", "t", "t", "t", "t", "t", "t", "t", "t", "t", "t", "t", "t", "t", "t", "t", "t", "t", "t", "t", "t", "t", "t", "t", "t", "t", "t", "t", "t", "t", "t", "t", "t", "t", "t", "t", "t", "t", "t", "t", "t", "t", "t", "t", "t", "t", "t"]}