{"initial_reset_timestamp": 4175.650875906, "timestamps": [4175.785009573, 4175.894963147, 4175.963438797, 4176.026336011, 4176.168859065, 4176.255997837, 4176.524270797, 4176.567591387, 4176.615176775, 4176.651364379, 4176.708270165, 4176.754269789, 4176.798589008, 4176.84547059, 4176.977058771, 4177.118368917, 4177.237726068, 4177.323692265, 4177.475953909, 4177.617767303, 4177.659428887, 4177.761503273, 4177.832731291, 4177.943171009, 4177.997445597, 4178.046221537, 4178.11676741, 4178.157735134, 4178.230408326, 4178.307592211, 4178.358777015, 4178.404562644, 4178.463519672, 4178.540740772, 4178.639171882, 4178.765603503, 4178.826579182, 4178.917678291, 4178.986299432, 4179.126173846, 4179.280429669, 4179.335041661, 4179.50520436, 4179.58593852, 4179.653920679, 4179.826350278, 4180.080991125, 4180.191581823, 4180.232506156, 4180.322364916, 4180.351012734, 4180.436273198, 4180.52191194, 4180.580625808, 4180.6842273, 4180.723269825, 4180.800593783, 4180.840989237, 4180.934595849, 4180.9867067, 4181.028247525, 4181.117770436, 4181.249826422, 4181.394484588, 4181.430311904, 4181.472998844, 4181.56371372, 4181.609002149, 4181.655959736, 4181.720363944, 4181.783063949, 4181.886384363, 4181.949193765, 4182.012532179, 4182.042342239, 4182.16676689, 4182.210167368, 4182.321671421, 4182.659897013, 4182.758227645, 4182.909416079, 4183.099243169, 4183.164806484, 4183.426504426, 4183.677117912, 4183.829650588, 4183.994548303, 4184.140884346, 4184.218401949, 4184.344467251, 4184.401641594, 4184.54755841, 4184.581867246, 4184.734186812, 4184.846056776, 4184.985279755, 4185.046087779, 4185.179100002, 4185.236782381, 4185.316039371], "episode_lengths": [44, 37, 25, 26, 57, 39, 95, 25, 30, 21, 30, 25, 23, 26, 57, 61, 55, 43, 64, 59, 25, 48, 40, 55, 31, 28, 35, 21, 37, 42, 30, 33, 40, 46, 45, 42, 32, 26, 21, 37, 42, 23, 44, 22, 21, 53, 83, 66, 30, 57, 22, 55, 54, 42, 68, 29, 50, 32, 63, 38, 32, 58, 84, 71, 27, 30, 60, 33, 33, 46, 41, 64, 47, 46, 25, 81, 32, 74, 108, 52, 68, 55, 26, 65, 79, 43, 56, 102, 58, 88, 44, 99, 28, 96, 72, 88, 43, 91, 42, 51], "episode_rewards": [-944.0, -937.0, -925.0, -926.0, -957.0, -939.0, -995.0, -925.0, -930.0, -921.0, -930.0, -925.0, -923.0, -926.0, -957.0, -961.0, -955.0, -943.0, -964.0, -959.0, -925.0, -948.0, -940.0, -955.0, -931.0, -928.0, -935.0, -921.0, -937.0, -942.0, -930.0, -933.0, -940.0, -946.0, -945.0, -942.0, -932.0, -926.0, -921.0, -937.0, -942.0, -923.0, -944.0, -922.0, -921.0, -953.0, -983.0, -966.0, -930.0, -957.0, -922.0, -955.0, -954.0, -942.0, -968.0, -929.0, -950.0, -932.0, -963.0, -938.0, -932.0, -958.0, -984.0, -971.0, -927.0, -930.0, -960.0, -933.0, -933.0, -946.0, -941.0, -964.0, -947.0, -946.0, -925.0, -981.0, -932.0, -974.0, -1008.0, -952.0, -968.0, -955.0, -926.0, -965.0, -979.0, -943.0, -956.0, -1002.0, -958.0, -988.0, -944.0, -999.0, -928.0, -996.0, -972.0, -988.0, -943.0, -991.0, -942.0, -951.0], "episode_types": ["t", "t", "t", "t", "t", "t", "t", "t", "t", "t", "t", "t", "t", "t", "t", "t", "t", "t", "t", "t", "t", "t", "t", "t", "t", "t", "t", "t", "t", "t", "t", "t", "t", "t", "t", "t", "t", "t", "t", "t", "t", "t", "t", "t", "t", "t", "t", "t", "t", "t", "t", "t", "t", "t", "t", "t", "t", "t", "t", "t", "t", "t", "t", "t", "t", "t", "t", "t", "t", "t", "t", "t", "t", "t", "t", "t", "t", "t", "t", "t", "t", "t", "t", "t", "t", "t", "t", "t", "t", "t", "t", "t", "t", "t", "t", "t", "t", "t", "t", "t"]}