{"initial_reset_timestamp": 4230.067341058, "timestamps": [4230.120353892, 4230.210759461, 4230.271891144, 4230.339886223, 4230.377855104, 4230.451367318, 4230.547482934, 4230.623776005, 4230.809582552, 4230.911369299, 4230.940707792, 4231.004521303, 4231.04403914, 4231.095483555, 4231.164063164, 4231.207520621, 4231.252673944, 4231.290932578, 4231.384426309, 4231.479903447, 4231.556776846, 4231.660391565, 4231.69052038, 4231.733768366, 4231.764460556, 4231.862556762, 4231.887247978, 4231.984564365, 4232.023504003, 4232.172632437, 4232.214067461, 4232.260588444, 4232.337380108, 4232.422188914, 4232.451077289, 4232.518172422, 4232.593549611, 4232.664574258, 4232.723102711, 4232.813357443, 4232.907286751, 4233.014711521, 4233.094817362, 4233.154850471, 4233.182363778, 4233.210533758, 4233.243435523, 4233.275105392, 4233.351648692, 4233.422950824, 4233.521098798, 4233.592322929, 4233.691629426, 4233.797725458, 4233.876677617, 4233.918628998, 4233.987772368, 4234.154353428, 4234.290605647, 4234.409172581, 4234.566905617, 4234.830470356, 4234.996094089, 4235.121509578, 4235.152883493, 4235.20597042, 4235.441738801, 4235.589979812, 4235.881396616, 4236.058457549, 4236.306178892, 4236.546794116, 4236.703226358, 4236.890690696, 4237.05213646, 4237.110220919, 4237.182260452, 4237.297096369, 4237.379512154, 4237.410061648, 4237.431841701, 4237.489432198, 4237.548656147, 4237.637249399, 4237.752637284, 4237.825640031, 4237.917990587, 4237.944597871, 4238.029710973, 4238.193260847, 4238.325008077, 4238.352687385, 4238.442391755, 4238.532170455, 4238.622984499, 4238.742087286, 4238.773846157, 4238.863986891, 4238.931379783, 4238.9723473], "episode_lengths": [31, 34, 26, 32, 25, 35, 27, 23, 37, 29, 20, 26, 27, 30, 45, 33, 33, 27, 56, 60, 49, 60, 24, 29, 22, 59, 18, 63, 28, 86, 31, 35, 53, 58, 21, 45, 50, 43, 38, 54, 57, 69, 54, 43, 22, 23, 25, 26, 50, 46, 63, 51, 69, 74, 56, 32, 50, 96, 66, 56, 71, 90, 51, 50, 24, 25, 84, 49, 70, 44, 69, 97, 44, 116, 106, 33, 50, 77, 59, 25, 18, 43, 45, 62, 80, 52, 65, 21, 58, 110, 66, 22, 57, 54, 55, 74, 24, 57, 44, 28], "episode_rewards": [-931.0, -934.0, -926.0, -932.0, -925.0, -935.0, -927.0, -923.0, -937.0, -929.0, -920.0, -926.0, -927.0, -930.0, -945.0, -933.0, -933.0, -927.0, -956.0, -960.0, -949.0, -960.0, -924.0, -929.0, -922.0, -959.0, -918.0, -963.0, -928.0, -986.0, -931.0, -935.0, -953.0, -958.0, -921.0, -945.0, -950.0, -943.0, -938.0, -954.0, -957.0, -969.0, -954.0, -943.0, -922.0, -923.0, -925.0, -926.0, -950.0, -946.0, -963.0, -951.0, -969.0, -974.0, -956.0, -932.0, -950.0, -996.0, -966.0, -956.0, -971.0, -990.0, -951.0, -950.0, -924.0, -925.0, -984.0, -949.0, -970.0, -944.0, -969.0, -997.0, -944.0, -1016.0, -1006.0, -933.0, -950.0, -977.0, -959.0, -925.0, -918.0, -943.0, -945.0, -962.0, -980.0, -952.0, -965.0, -921.0, -958.0, -1010.0, -966.0, -922.0, -957.0, -954.0, -955.0, -974.0, -924.0, -957.0, -944.0, -928.0], "episode_types": ["t", "t", "t", "t", "t", "t", "t", "t", "t", "t", "t", "t", "t", "t", "t", "t", "t", "t", "t", "t", "t", "t", "t", "t", "t", "t", "t", "t", "t", "t", "t", "t", "t", "t", "t", "t", "t", "t", "t", "t", "t", "t", "t", "t", "t", "t", "t", "t", "t", "t", "t", "t", "t", "t", "t", "t", "t", "t", "t", "t", "t", "t", "t", "t", "t", "t", "t", "t", "t", "t", "t", "t", "t", "t", "t", "t", "t", "t", "t", "t", "t", "t", "t", "t", "t", "t", "t", "t", "t", "t", "t", "t", "t", "t", "t", "t", "t", "t", "t", "t"]}