{"initial_reset_timestamp": 7693.165611652, "timestamps": [7693.289256214, 7693.365103493, 7693.51822814, 7693.572567696, 7693.66801529, 7693.757279755, 7693.963207688, 7694.026855235, 7694.07175578, 7694.211915056, 7694.2938691, 7694.371405994, 7694.524304113, 7694.716864777, 7694.812035675, 7694.892397843, 7694.988692642, 7695.184174492, 7695.282601554, 7695.422864207, 7695.558374837, 7695.652372157, 7695.742797936, 7695.89058448, 7695.951659152, 7696.050370144, 7696.12040813, 7696.180786091, 7696.4002044, 7696.564329017, 7696.66771725, 7696.79434327, 7697.019709595, 7697.208783326, 7697.2877497, 7697.420738229, 7697.486335742, 7697.714213495, 7697.789558963, 7697.853336406, 7697.947414452, 7698.00418333, 7698.147733243, 7698.25483205, 7698.346289815, 7698.433174414, 7698.599998813, 7698.727782284, 7698.805638358, 7698.927496996, 7698.96111727, 7699.07210013, 7699.221536763, 7699.297327525, 7699.382673183, 7699.554822849, 7699.831050127, 7699.960417958, 7700.105412289, 7700.375359072, 7700.544057453, 7700.619073575, 7700.767760668, 7700.933506001, 7701.138886651, 7701.341093825, 7701.421787387, 7701.599113486, 7701.780561842, 7702.152965772, 7702.243712316, 7702.321971745, 7702.41269388, 7702.56256062, 7702.691609584, 7702.760608354, 7702.861536263, 7703.058866907, 7703.164925545, 7703.255379924, 7703.397863002, 7703.516641552, 7703.726733545, 7703.998025331, 7704.081185, 7704.204471448, 7704.450938211, 7704.723452955, 7704.900166749, 7705.056405156, 7705.270183584, 7705.379510269, 7705.529954052, 7705.731956992, 7705.88869138, 7706.044505575, 7706.15061556, 7706.351999199, 7706.45134322, 7706.699644698], "episode_lengths": [48, 33, 59, 24, 40, 38, 67, 27, 20, 57, 28, 28, 49, 67, 39, 34, 37, 65, 36, 48, 47, 37, 37, 55, 25, 39, 26, 24, 72, 55, 38, 49, 83, 63, 29, 44, 24, 73, 32, 24, 38, 25, 47, 36, 31, 29, 52, 47, 34, 48, 17, 41, 48, 28, 30, 53, 92, 47, 50, 81, 52, 26, 55, 63, 68, 64, 29, 59, 67, 127, 31, 29, 32, 51, 46, 32, 43, 64, 37, 33, 55, 47, 78, 103, 35, 50, 90, 101, 68, 61, 82, 49, 71, 104, 71, 72, 55, 105, 52, 114], "episode_rewards": [-948.0, -933.0, -959.0, -924.0, -940.0, -938.0, -967.0, -927.0, -920.0, -957.0, -928.0, -928.0, -949.0, -967.0, -939.0, -934.0, -937.0, -965.0, -936.0, -948.0, -947.0, -937.0, -937.0, -955.0, -925.0, -939.0, -926.0, -924.0, -972.0, -955.0, -938.0, -949.0, -983.0, -963.0, -929.0, -944.0, -924.0, -973.0, -932.0, -924.0, -938.0, -925.0, -947.0, -936.0, -931.0, -929.0, -952.0, -947.0, -934.0, -948.0, -917.0, -941.0, -948.0, -928.0, -930.0, -953.0, -992.0, -947.0, -950.0, -981.0, -952.0, -926.0, -955.0, -963.0, -968.0, -964.0, -929.0, -959.0, -967.0, -1027.0, -931.0, -929.0, -932.0, -951.0, -946.0, -932.0, -943.0, -964.0, -937.0, -933.0, -955.0, -947.0, -978.0, -1003.0, -935.0, -950.0, -990.0, -1001.0, -968.0, -961.0, -982.0, -949.0, -971.0, -1004.0, -971.0, -972.0, -955.0, -1005.0, -952.0, -1014.0], "episode_types": ["t", "t", "t", "t", "t", "t", "t", "t", "t", "t", "t", "t", "t", "t", "t", "t", "t", "t", "t", "t", "t", "t", "t", "t", "t", "t", "t", "t", "t", "t", "t", "t", "t", "t", "t", "t", "t", "t", "t", "t", "t", "t", "t", "t", "t", "t", "t", "t", "t", "t", "t", "t", "t", "t", "t", "t", "t", "t", "t", "t", "t", "t", "t", "t", "t", "t", "t", "t", "t", "t", "t", "t", "t", "t", "t", "t", "t", "t", "t", "t", "t", "t", "t", "t", "t", "t", "t", "t", "t", "t", "t", "t", "t", "t", "t", "t", "t", "t", "t", "t"]}