{"initial_reset_timestamp": 4049.534331796, "timestamps": [4049.58967487, 4049.715402163, 4049.829469368, 4049.925114296, 4050.046718171, 4050.165354636, 4050.272884761, 4050.451611781, 4050.6447249, 4050.735437555, 4050.936372542, 4051.13793675, 4051.274319072, 4051.396811483, 4051.546058228, 4051.71639161, 4052.050344906, 4052.205858288, 4052.294098775, 4052.376408305, 4052.4780796, 4052.579762539, 4052.640352792, 4052.73376977, 4052.815519591, 4052.983453827, 4053.100439337, 4053.183138473, 4053.296904054, 4053.481682065, 4053.717793613, 4053.857191519, 4053.991551223, 4054.061305753, 4054.118330619, 4054.231645295, 4054.338021778, 4054.512853922, 4054.568591822, 4054.613730015, 4054.673955581, 4054.779089331, 4054.839762946, 4054.931669725, 4055.119389374, 4055.227611643, 4055.271796815, 4055.323027977, 4055.455179539, 4055.54387572, 4055.598261489, 4055.648600843, 4055.729976775, 4055.822336526, 4055.927097002, 4056.031596825, 4056.150247458, 4056.221987647, 4056.320878426, 4056.416599261, 4056.475544726, 4056.528521741, 4056.590288662, 4056.720578321, 4056.884444538, 4056.922368021, 4056.97106946, 4057.024972509, 4057.087874186, 4057.193475655, 4057.284685056, 4057.388753345, 4057.469845945, 4057.577766377, 4057.622995664, 4057.682777132, 4057.841547773, 4058.083723574, 4058.263236372, 4058.460534535, 4058.566740449, 4058.686937485, 4058.976772483, 4059.178595999, 4059.342582548, 4059.483494167, 4059.692020492, 4059.809411816, 4059.847072366, 4060.067954534, 4060.111457555, 4060.1743321, 4060.213564793, 4060.292481125, 4060.387132348, 4060.455096697, 4060.53814821, 4060.578641311, 4060.66645462, 4060.705409954], "episode_lengths": [26, 59, 57, 37, 45, 43, 48, 47, 47, 26, 50, 73, 41, 37, 43, 36, 69, 59, 41, 25, 26, 27, 29, 38, 36, 54, 50, 24, 47, 56, 54, 28, 28, 20, 26, 48, 43, 51, 29, 25, 31, 50, 32, 44, 77, 50, 24, 23, 64, 47, 31, 28, 38, 44, 48, 49, 57, 33, 42, 48, 33, 28, 30, 50, 66, 22, 27, 29, 36, 56, 49, 44, 34, 57, 28, 31, 44, 70, 75, 71, 45, 46, 97, 88, 74, 49, 82, 44, 27, 82, 30, 42, 26, 46, 56, 45, 51, 30, 59, 31], "episode_rewards": [-926.0, -959.0, -957.0, -937.0, -945.0, -943.0, -948.0, -947.0, -947.0, -926.0, -950.0, -973.0, -941.0, -937.0, -943.0, -936.0, -969.0, -959.0, -941.0, -925.0, -926.0, -927.0, -929.0, -938.0, -936.0, -954.0, -950.0, -924.0, -947.0, -956.0, -954.0, -928.0, -928.0, -920.0, -926.0, -948.0, -943.0, -951.0, -929.0, -925.0, -931.0, -950.0, -932.0, -944.0, -977.0, -950.0, -924.0, -923.0, -964.0, -947.0, -931.0, -928.0, -938.0, -944.0, -948.0, -949.0, -957.0, -933.0, -942.0, -948.0, -933.0, -928.0, -930.0, -950.0, -966.0, -922.0, -927.0, -929.0, -936.0, -956.0, -949.0, -944.0, -934.0, -957.0, -928.0, -931.0, -944.0, -970.0, -975.0, -971.0, -945.0, -946.0, -997.0, -988.0, -974.0, -949.0, -982.0, -944.0, -927.0, -982.0, -930.0, -942.0, -926.0, -946.0, -956.0, -945.0, -951.0, -930.0, -959.0, -931.0], "episode_types": ["t", "t", "t", "t", "t", "t", "t", "t", "t", "t", "t", "t", "t", "t", "t", "t", "t", "t", "t", "t", "t", "t", "t", "t", "t", "t", "t", "t", "t", "t", "t", "t", "t", "t", "t", "t", "t", "t", "t", "t", "t", "t", "t", "t", "t", "t", "t", "t", "t", "t", "t", "t", "t", "t", "t", "t", "t", "t", "t", "t", "t", "t", "t", "t", "t", "t", "t", "t", "t", "t", "t", "t", "t", "t", "t", "t", "t", "t", "t", "t", "t", "t", "t", "t", "t", "t", "t", "t", "t", "t", "t", "t", "t", "t", "t", "t", "t", "t", "t", "t"]}