{"initial_reset_timestamp": 4187.766495646, "timestamps": [4187.880870939, 4187.935462635, 4188.005579322, 4188.137243196, 4188.222574437, 4188.268496562, 4188.407116831, 4188.48870059, 4188.810501296, 4188.850691597, 4188.892408053, 4188.948918606, 4189.018340116, 4189.049979472, 4189.070074817, 4189.113006778, 4189.141596875, 4189.235422607, 4189.294943096, 4189.348974157, 4189.391150406, 4189.477307221, 4189.515055954, 4189.546259859, 4189.589523015, 4189.632769515, 4189.669084972, 4189.819872942, 4189.860753989, 4189.894547456, 4189.989839297, 4190.075670641, 4190.105554926, 4190.168106606, 4190.256352257, 4190.29920617, 4190.362973588, 4190.396883096, 4190.430916062, 4190.522589605, 4190.563296923, 4190.592985434, 4190.632661981, 4190.729787656, 4190.781716383, 4190.861001253, 4190.933721829, 4191.001704801, 4191.080244666, 4191.248304663, 4191.379346035, 4191.430793899, 4191.470526335, 4191.5431418, 4191.590464601, 4191.628294205, 4191.688161515, 4191.789032528, 4191.879725972, 4192.142068231, 4192.438493005, 4192.556947703, 4192.754018128, 4192.909642674, 4192.987051095, 4193.044387664, 4193.232918408, 4193.46442811, 4193.665499147, 4193.781567453, 4194.022284121, 4194.11532217, 4194.3218467, 4194.697407851, 4194.748888018, 4194.934726252, 4195.183364828, 4195.306757666, 4195.446436574, 4195.577601437, 4195.717188217, 4195.814876936, 4196.087498161, 4196.184972647, 4196.351880843, 4196.48194661, 4196.517026929, 4196.556424738, 4196.659411368, 4196.900410937, 4197.005306565, 4197.17835625, 4197.300416113, 4197.349346173, 4197.509165682, 4197.576913103, 4197.880624128, 4198.17647303, 4198.299171419, 4198.491444449], "episode_lengths": [62, 34, 39, 52, 36, 29, 43, 39, 74, 25, 33, 41, 47, 27, 17, 32, 23, 66, 41, 37, 30, 53, 27, 24, 31, 31, 25, 92, 31, 28, 63, 58, 24, 44, 60, 33, 43, 23, 21, 54, 29, 20, 26, 53, 33, 44, 39, 47, 49, 48, 57, 37, 31, 49, 37, 30, 43, 33, 21, 79, 72, 28, 58, 48, 21, 34, 56, 58, 57, 45, 80, 28, 66, 107, 25, 62, 99, 46, 39, 47, 52, 24, 88, 42, 72, 55, 18, 22, 42, 66, 29, 53, 47, 21, 59, 32, 99, 89, 34, 72], "episode_rewards": [-962.0, -934.0, -939.0, -952.0, -936.0, -929.0, -943.0, -939.0, -974.0, -925.0, -933.0, -941.0, -947.0, -927.0, -917.0, -932.0, -923.0, -966.0, -941.0, -937.0, -930.0, -953.0, -927.0, -924.0, -931.0, -931.0, -925.0, -992.0, -931.0, -928.0, -963.0, -958.0, -924.0, -944.0, -960.0, -933.0, -943.0, -923.0, -921.0, -954.0, -929.0, -920.0, -926.0, -953.0, -933.0, -944.0, -939.0, -947.0, -949.0, -948.0, -957.0, -937.0, -931.0, -949.0, -937.0, -930.0, -943.0, -933.0, -921.0, -979.0, -972.0, -928.0, -958.0, -948.0, -921.0, -934.0, -956.0, -958.0, -957.0, -945.0, -980.0, -928.0, -966.0, -1007.0, -925.0, -962.0, -999.0, -946.0, -939.0, -947.0, -952.0, -924.0, -988.0, -942.0, -972.0, -955.0, -918.0, -922.0, -942.0, -966.0, -929.0, -953.0, -947.0, -921.0, -959.0, -932.0, -999.0, -989.0, -934.0, -972.0], "episode_types": ["t", "t", "t", "t", "t", "t", "t", "t", "t", "t", "t", "t", "t", "t", "t", "t", "t", "t", "t", "t", "t", "t", "t", "t", "t", "t", "t", "t", "t", "t", "t", "t", "t", "t", "t", "t", "t", "t", "t", "t", "t", "t", "t", "t", "t", "t", "t", "t", "t", "t", "t", "t", "t", "t", "t", "t", "t", "t", "t", "t", "t", "t", "t", "t", "t", "t", "t", "t", "t", "t", "t", "t", "t", "t", "t", "t", "t", "t", "t", "t", "t", "t", "t", "t", "t", "t", "t", "t", "t", "t", "t", "t", "t", "t", "t", "t", "t", "t", "t", "t"]}