{"initial_reset_timestamp": 4048.589386226, "timestamps": [4048.650192674, 4048.729006883, 4048.775757633, 4048.90826918, 4049.044166165, 4049.092019261, 4049.145764471, 4049.205706177, 4049.237026127, 4049.380522236, 4049.445519956, 4049.504054006, 4049.55060557, 4049.628462435, 4049.752245288, 4049.806347085, 4049.948034351, 4050.178826245, 4050.325066931, 4050.580502145, 4050.6882745, 4050.788753752, 4050.912239327, 4051.056891165, 4051.274857956, 4051.365640196, 4051.434223075, 4051.473843054, 4051.609588876, 4051.704611435, 4051.778563772, 4051.820780407, 4051.914880425, 4051.964334277, 4052.010966069, 4052.04332087, 4052.177019418, 4052.337501371, 4052.398129533, 4052.624512099, 4052.708188223, 4052.887188031, 4052.947945606, 4053.024551889, 4053.243468765, 4053.368041941, 4053.659501697, 4053.753856429, 4053.797318599, 4053.945262181, 4054.071077497, 4054.238726931, 4054.342029973, 4054.398391823, 4054.532147172, 4054.574129134, 4054.744010604, 4054.861390566, 4054.934003119, 4055.018159359, 4055.23994156, 4055.279144815, 4055.353043697, 4055.433674202, 4055.549236597, 4055.694873445, 4055.807608304, 4055.925238403, 4056.024316279, 4056.085565713, 4056.208718349, 4056.42297746, 4056.518559979, 4056.604479951, 4056.662528439, 4056.715879346, 4056.772082747, 4056.816065636, 4056.999535249, 4057.077362779, 4057.285608658, 4057.353276618, 4057.625813237, 4057.7994866, 4057.945486003, 4058.024035542, 4058.19157934, 4058.28650433, 4058.409793892, 4058.46616041, 4058.560488004, 4058.64124899, 4058.744074438, 4058.804222155, 4058.983157164, 4059.23278933, 4059.362416429, 4059.620037685, 4059.875751965, 4059.941572035], "episode_lengths": [24, 53, 30, 78, 56, 22, 29, 32, 20, 67, 24, 26, 24, 35, 60, 30, 60, 69, 46, 59, 26, 32, 40, 60, 75, 45, 34, 24, 63, 48, 39, 24, 46, 28, 24, 19, 59, 55, 19, 55, 20, 56, 28, 28, 48, 37, 58, 34, 25, 47, 33, 56, 44, 22, 35, 23, 75, 55, 34, 40, 96, 21, 33, 41, 58, 67, 53, 53, 47, 30, 55, 89, 47, 43, 29, 30, 33, 25, 85, 32, 60, 30, 89, 47, 65, 44, 70, 51, 67, 28, 44, 34, 45, 30, 86, 71, 54, 67, 93, 40], "episode_rewards": [-924.0, -953.0, -930.0, -978.0, -956.0, -922.0, -929.0, -932.0, -920.0, -967.0, -924.0, -926.0, -924.0, -935.0, -960.0, -930.0, -960.0, -969.0, -946.0, -959.0, -926.0, -932.0, -940.0, -960.0, -975.0, -945.0, -934.0, -924.0, -963.0, -948.0, -939.0, -924.0, -946.0, -928.0, -924.0, -919.0, -959.0, -955.0, -919.0, -955.0, -920.0, -956.0, -928.0, -928.0, -948.0, -937.0, -958.0, -934.0, -925.0, -947.0, -933.0, -956.0, -944.0, -922.0, -935.0, -923.0, -975.0, -955.0, -934.0, -940.0, -996.0, -921.0, -933.0, -941.0, -958.0, -967.0, -953.0, -953.0, -947.0, -930.0, -955.0, -989.0, -947.0, -943.0, -929.0, -930.0, -933.0, -925.0, -985.0, -932.0, -960.0, -930.0, -989.0, -947.0, -965.0, -944.0, -970.0, -951.0, -967.0, -928.0, -944.0, -934.0, -945.0, -930.0, -986.0, -971.0, -954.0, -967.0, -993.0, -940.0], "episode_types": ["t", "t", "t", "t", "t", "t", "t", "t", "t", "t", "t", "t", "t", "t", "t", "t", "t", "t", "t", "t", "t", "t", "t", "t", "t", "t", "t", "t", "t", "t", "t", "t", "t", "t", "t", "t", "t", "t", "t", "t", "t", "t", "t", "t", "t", "t", "t", "t", "t", "t", "t", "t", "t", "t", "t", "t", "t", "t", "t", "t", "t", "t", "t", "t", "t", "t", "t", "t", "t", "t", "t", "t", "t", "t", "t", "t", "t", "t", "t", "t", "t", "t", "t", "t", "t", "t", "t", "t", "t", "t", "t", "t", "t", "t", "t", "t", "t", "t", "t", "t"]}