{"initial_reset_timestamp": 4191.745537627, "timestamps": [4191.802631547, 4191.935685269, 4192.118493337, 4192.389728289, 4192.477561955, 4192.722078973, 4192.794247788, 4192.976326317, 4193.165301311, 4193.346761086, 4193.482042094, 4193.666519206, 4193.855625911, 4194.120756635, 4194.312800735, 4194.483209509, 4194.625253996, 4194.799924738, 4194.971795392, 4195.149202837, 4195.276645892, 4195.325442881, 4195.400357837, 4195.514018393, 4195.556019319, 4195.653846121, 4195.696551864, 4195.807436452, 4195.854610285, 4195.926457253, 4196.029065624, 4196.091104944, 4196.153492202, 4196.234595203, 4196.343466165, 4196.415508286, 4196.47812627, 4196.602331076, 4196.674068271, 4196.792718393, 4196.910624411, 4197.044140813, 4197.093919764, 4197.210571501, 4197.269466902, 4197.327111848, 4197.467756997, 4197.575812497, 4197.632700599, 4197.863428277, 4197.952154111, 4198.045407056, 4198.206030844, 4198.461915712, 4198.598817085, 4198.665822802, 4198.734410522, 4199.157464456, 4199.387065222, 4199.461327034, 4199.597701047, 4199.655801215, 4199.728877708, 4199.866529352, 4199.986117177, 4200.033370366, 4200.084871529, 4200.257253224, 4200.46481117, 4200.555018455, 4200.675863758, 4200.795630499, 4200.901339342, 4201.20503535, 4201.418225091, 4201.524665022, 4201.645274172, 4201.698260562, 4201.751522065, 4201.829295323, 4202.173917634, 4202.201767847, 4202.615671503, 4202.826194738, 4203.057331388, 4203.195700594, 4203.368846236, 4203.718897857, 4203.841630762, 4203.91527061, 4204.041546327, 4204.187863573, 4204.257896634, 4204.512745161, 4204.765874816, 4204.915724435, 4205.169997146, 4205.460381271, 4205.655897813, 4205.886402417], "episode_lengths": [31, 33, 39, 58, 26, 55, 25, 49, 66, 55, 57, 66, 59, 65, 46, 49, 41, 47, 54, 55, 53, 26, 38, 54, 22, 46, 25, 54, 28, 30, 46, 35, 34, 39, 47, 34, 32, 56, 34, 48, 47, 52, 22, 37, 26, 27, 54, 46, 27, 56, 32, 38, 60, 65, 44, 21, 19, 105, 70, 38, 49, 26, 34, 64, 51, 25, 20, 69, 64, 27, 40, 42, 35, 93, 62, 39, 51, 25, 28, 40, 102, 19, 117, 59, 78, 67, 74, 90, 52, 33, 46, 45, 40, 76, 53, 39, 74, 109, 63, 57], "episode_rewards": [-931.0, -933.0, -939.0, -958.0, -926.0, -955.0, -925.0, -949.0, -966.0, -955.0, -957.0, -966.0, -959.0, -965.0, -946.0, -949.0, -941.0, -947.0, -954.0, -955.0, -953.0, -926.0, -938.0, -954.0, -922.0, -946.0, -925.0, -954.0, -928.0, -930.0, -946.0, -935.0, -934.0, -939.0, -947.0, -934.0, -932.0, -956.0, -934.0, -948.0, -947.0, -952.0, -922.0, -937.0, -926.0, -927.0, -954.0, -946.0, -927.0, -956.0, -932.0, -938.0, -960.0, -965.0, -944.0, -921.0, -919.0, -1005.0, -970.0, -938.0, -949.0, -926.0, -934.0, -964.0, -951.0, -925.0, -920.0, -969.0, -964.0, -927.0, -940.0, -942.0, -935.0, -993.0, -962.0, -939.0, -951.0, -925.0, -928.0, -940.0, -1002.0, -919.0, -1017.0, -959.0, -978.0, -967.0, -974.0, -990.0, -952.0, -933.0, -946.0, -945.0, -940.0, -976.0, -953.0, -939.0, -974.0, -1009.0, -963.0, -957.0], "episode_types": ["t", "t", "t", "t", "t", "t", "t", "t", "t", "t", "t", "t", "t", "t", "t", "t", "t", "t", "t", "t", "t", "t", "t", "t", "t", "t", "t", "t", "t", "t", "t", "t", "t", "t", "t", "t", "t", "t", "t", "t", "t", "t", "t", "t", "t", "t", "t", "t", "t", "t", "t", "t", "t", "t", "t", "t", "t", "t", "t", "t", "t", "t", "t", "t", "t", "t", "t", "t", "t", "t", "t", "t", "t", "t", "t", "t", "t", "t", "t", "t", "t", "t", "t", "t", "t", "t", "t", "t", "t", "t", "t", "t", "t", "t", "t", "t", "t", "t", "t", "t"]}