{"initial_reset_timestamp": 4194.123195644, "timestamps": [4194.211601615, 4194.284457237, 4194.379027844, 4194.452415443, 4194.49891358, 4194.539712534, 4194.617733822, 4194.674500379, 4194.73676459, 4194.82794884, 4194.899179161, 4194.941866901, 4194.992603941, 4195.094782299, 4195.166159089, 4195.217160205, 4195.386201677, 4195.481582747, 4195.731256689, 4195.774357621, 4195.887043548, 4195.946039666, 4196.013184211, 4196.168568208, 4196.206360259, 4196.292453309, 4196.417220768, 4196.456256493, 4196.558213856, 4196.639661362, 4196.80691925, 4196.858128051, 4196.923333644, 4197.04604865, 4197.154699172, 4197.219651705, 4197.32663619, 4197.543183599, 4197.636241806, 4197.722981467, 4197.792693985, 4197.904330925, 4197.946263052, 4197.997875063, 4198.13095987, 4198.220044478, 4198.400239606, 4198.564429364, 4198.6600137, 4198.721383719, 4198.773586156, 4198.81242261, 4198.983864672, 4199.125462261, 4199.195711164, 4199.32216707, 4199.490726583, 4199.55029867, 4199.623491674, 4199.79367952, 4199.891247746, 4199.92806654, 4200.020539163, 4200.113434635, 4200.226571172, 4200.411030768, 4200.501506812, 4200.602390649, 4200.689534509, 4200.86175008, 4201.011567317, 4201.147558353, 4201.296250797, 4201.40901505, 4201.476969956, 4201.537499039, 4201.620316199, 4201.826121058, 4201.937412075, 4201.981532921, 4202.016686237, 4202.084021235, 4202.133793648, 4202.344916838, 4202.484679093, 4202.553433945, 4202.597135583, 4202.676245184, 4202.780350089, 4202.8790286, 4202.975837404, 4203.019543441, 4203.078452049, 4203.1692848, 4203.242128273, 4203.424088782, 4203.559172771, 4203.640585592, 4203.805689579, 4203.927695868], "episode_lengths": [48, 40, 54, 42, 28, 24, 47, 35, 39, 58, 43, 31, 32, 62, 44, 32, 64, 46, 96, 21, 49, 25, 27, 67, 19, 40, 44, 20, 44, 37, 69, 26, 26, 48, 42, 27, 35, 69, 39, 38, 37, 51, 23, 22, 55, 42, 70, 72, 49, 36, 30, 25, 82, 69, 34, 53, 79, 35, 46, 85, 48, 24, 46, 41, 58, 97, 48, 53, 45, 83, 67, 63, 68, 49, 30, 31, 38, 96, 61, 28, 23, 37, 33, 112, 73, 36, 23, 45, 58, 50, 47, 26, 38, 50, 41, 93, 77, 48, 84, 64], "episode_rewards": [-948.0, -940.0, -954.0, -942.0, -928.0, -924.0, -947.0, -935.0, -939.0, -958.0, -943.0, -931.0, -932.0, -962.0, -944.0, -932.0, -964.0, -946.0, -996.0, -921.0, -949.0, -925.0, -927.0, -967.0, -919.0, -940.0, -944.0, -920.0, -944.0, -937.0, -969.0, -926.0, -926.0, -948.0, -942.0, -927.0, -935.0, -969.0, -939.0, -938.0, -937.0, -951.0, -923.0, -922.0, -955.0, -942.0, -970.0, -972.0, -949.0, -936.0, -930.0, -925.0, -982.0, -969.0, -934.0, -953.0, -979.0, -935.0, -946.0, -985.0, -948.0, -924.0, -946.0, -941.0, -958.0, -997.0, -948.0, -953.0, -945.0, -983.0, -967.0, -963.0, -968.0, -949.0, -930.0, -931.0, -938.0, -996.0, -961.0, -928.0, -923.0, -937.0, -933.0, -1012.0, -973.0, -936.0, -923.0, -945.0, -958.0, -950.0, -947.0, -926.0, -938.0, -950.0, -941.0, -993.0, -977.0, -948.0, -984.0, -964.0], "episode_types": ["t", "t", "t", "t", "t", "t", "t", "t", "t", "t", "t", "t", "t", "t", "t", "t", "t", "t", "t", "t", "t", "t", "t", "t", "t", "t", "t", "t", "t", "t", "t", "t", "t", "t", "t", "t", "t", "t", "t", "t", "t", "t", "t", "t", "t", "t", "t", "t", "t", "t", "t", "t", "t", "t", "t", "t", "t", "t", "t", "t", "t", "t", "t", "t", "t", "t", "t", "t", "t", "t", "t", "t", "t", "t", "t", "t", "t", "t", "t", "t", "t", "t", "t", "t", "t", "t", "t", "t", "t", "t", "t", "t", "t", "t", "t", "t", "t", "t", "t", "t"]}