{"initial_reset_timestamp": 4231.706466649, "timestamps": [4231.77954528, 4231.855981374, 4231.896815223, 4232.087158962, 4232.250598009, 4232.362575227, 4232.42699406, 4232.586916658, 4232.632812115, 4232.661685144, 4232.733618374, 4232.776697778, 4232.797628671, 4232.830442188, 4232.907744409, 4233.008403313, 4233.053413657, 4233.132840628, 4233.173189712, 4233.224799033, 4233.293053122, 4233.370596842, 4233.421173214, 4233.475801666, 4233.515948812, 4233.539718593, 4233.57158183, 4233.60737954, 4233.690094135, 4233.791695838, 4233.816491876, 4233.865593973, 4233.93391536, 4233.990143188, 4234.083068446, 4234.196820876, 4234.24914405, 4234.296501208, 4234.32869139, 4234.377562756, 4234.468706139, 4234.610005166, 4234.687451241, 4234.729067249, 4234.816928856, 4234.91506175, 4234.986366133, 4235.051653766, 4235.162158725, 4235.335155168, 4235.444831074, 4235.520991084, 4235.55280423, 4235.78645484, 4236.075476277, 4236.180565585, 4236.214339947, 4236.26026449, 4236.363502725, 4236.400612643, 4236.435203112, 4236.483326085, 4236.562618191, 4236.745234889, 4236.813639615, 4236.914592574, 4236.93956524, 4237.016510245, 4237.107403292, 4237.143227507, 4237.211093203, 4237.279222931, 4237.326841722, 4237.360814859, 4237.410347848, 4237.554040219, 4237.59630934, 4237.716466434, 4237.810968246, 4237.885923835, 4237.926077162, 4237.987400878, 4238.380182494, 4238.546311178, 4238.620528527, 4238.912146903, 4239.173480213, 4239.255977274, 4239.495537576, 4239.559698376, 4239.642300485, 4239.774294884, 4239.911984615, 4240.151509575, 4240.368688141, 4240.51227875, 4240.857140376, 4241.062856004, 4241.231328654, 4241.314731098], "episode_lengths": [32, 29, 30, 102, 66, 42, 23, 74, 21, 24, 51, 33, 18, 27, 55, 63, 31, 49, 31, 36, 46, 54, 38, 41, 31, 19, 24, 26, 54, 66, 18, 35, 46, 40, 56, 44, 18, 29, 23, 30, 33, 43, 28, 27, 38, 28, 21, 40, 48, 57, 28, 19, 21, 48, 77, 52, 29, 32, 64, 25, 23, 34, 52, 111, 46, 66, 20, 51, 53, 26, 43, 45, 34, 26, 36, 92, 31, 76, 63, 51, 30, 40, 83, 58, 42, 67, 122, 51, 102, 25, 40, 54, 44, 72, 98, 78, 75, 52, 39, 57], "episode_rewards": [-932.0, -929.0, -930.0, -1002.0, -966.0, -942.0, -923.0, -974.0, -921.0, -924.0, -951.0, -933.0, -918.0, -927.0, -955.0, -963.0, -931.0, -949.0, -931.0, -936.0, -946.0, -954.0, -938.0, -941.0, -931.0, -919.0, -924.0, -926.0, -954.0, -966.0, -918.0, -935.0, -946.0, -940.0, -956.0, -944.0, -918.0, -929.0, -923.0, -930.0, -933.0, -943.0, -928.0, -927.0, -938.0, -928.0, -921.0, -940.0, -948.0, -957.0, -928.0, -919.0, -921.0, -948.0, -977.0, -952.0, -929.0, -932.0, -964.0, -925.0, -923.0, -934.0, -952.0, -1011.0, -946.0, -966.0, -920.0, -951.0, -953.0, -926.0, -943.0, -945.0, -934.0, -926.0, -936.0, -992.0, -931.0, -976.0, -963.0, -951.0, -930.0, -940.0, -983.0, -958.0, -942.0, -967.0, -1022.0, -951.0, -1002.0, -925.0, -940.0, -954.0, -944.0, -972.0, -998.0, -978.0, -975.0, -952.0, -939.0, -957.0], "episode_types": ["t", "t", "t", "t", "t", "t", "t", "t", "t", "t", "t", "t", "t", "t", "t", "t", "t", "t", "t", "t", "t", "t", "t", "t", "t", "t", "t", "t", "t", "t", "t", "t", "t", "t", "t", "t", "t", "t", "t", "t", "t", "t", "t", "t", "t", "t", "t", "t", "t", "t", "t", "t", "t", "t", "t", "t", "t", "t", "t", "t", "t", "t", "t", "t", "t", "t", "t", "t", "t", "t", "t", "t", "t", "t", "t", "t", "t", "t", "t", "t", "t", "t", "t", "t", "t", "t", "t", "t", "t", "t", "t", "t", "t", "t", "t", "t", "t", "t", "t", "t"]}