{"initial_reset_timestamp": 4209.721023229, "timestamps": [4209.795849626, 4209.853081122, 4209.971968307, 4210.164956145, 4210.326663427, 4210.589091125, 4210.667657507, 4210.746096148, 4210.938389045, 4211.116117133, 4211.177341677, 4211.308803458, 4211.413864218, 4211.453565434, 4211.515881459, 4211.548698934, 4211.68859391, 4211.903668166, 4212.098109027, 4212.186859659, 4212.223033616, 4212.271144612, 4212.354638105, 4212.400761557, 4212.455850307, 4212.585824173, 4212.813443872, 4212.875526816, 4212.915760136, 4212.953222344, 4213.0032542, 4213.067567538, 4213.123733066, 4213.159019168, 4213.211998066, 4213.282301763, 4213.340234528, 4213.370943053, 4213.407160528, 4213.44342408, 4213.484626705, 4213.562823203, 4213.687647101, 4213.756681038, 4213.914814769, 4213.967565081, 4214.174689841, 4214.224251208, 4214.260990289, 4214.327570295, 4214.415344438, 4214.547659926, 4214.720473327, 4214.755184332, 4214.861544583, 4214.925892547, 4214.993002589, 4215.06833207, 4215.325730546, 4215.39023411, 4215.427538552, 4215.472445546, 4215.535156947, 4215.641323716, 4215.70037201, 4215.792804826, 4216.029482416, 4216.10653312, 4216.1533528, 4216.318865531, 4216.396670937, 4216.574662438, 4216.700485109, 4216.734744834, 4216.787959172, 4216.948543955, 4217.274294256, 4217.32807106, 4217.429802177, 4217.547334772, 4217.753131678, 4217.948710374, 4218.009489038, 4218.217354349, 4218.475934844, 4218.619386168, 4218.743218477, 4218.885472533, 4218.943116401, 4218.997002961, 4219.086209839, 4219.227418495, 4219.516163489, 4219.597356355, 4219.671007672, 4219.774125491, 4219.921436808, 4220.129018837, 4220.248789025, 4220.538953834], "episode_lengths": [49, 38, 38, 62, 51, 61, 19, 41, 56, 61, 21, 55, 47, 27, 41, 24, 44, 59, 45, 39, 26, 35, 54, 32, 38, 66, 67, 37, 29, 28, 35, 44, 37, 27, 36, 49, 40, 21, 27, 26, 30, 51, 79, 45, 86, 39, 65, 31, 28, 36, 37, 55, 52, 24, 65, 42, 40, 25, 79, 39, 26, 29, 40, 62, 28, 53, 86, 28, 24, 43, 32, 58, 40, 18, 18, 67, 97, 22, 49, 58, 74, 83, 25, 59, 58, 52, 43, 55, 28, 30, 36, 51, 101, 29, 25, 45, 67, 76, 46, 85], "episode_rewards": [-949.0, -938.0, -938.0, -962.0, -951.0, -961.0, -919.0, -941.0, -956.0, -961.0, -921.0, -955.0, -947.0, -927.0, -941.0, -924.0, -944.0, -959.0, -945.0, -939.0, -926.0, -935.0, -954.0, -932.0, -938.0, -966.0, -967.0, -937.0, -929.0, -928.0, -935.0, -944.0, -937.0, -927.0, -936.0, -949.0, -940.0, -921.0, -927.0, -926.0, -930.0, -951.0, -979.0, -945.0, -986.0, -939.0, -965.0, -931.0, -928.0, -936.0, -937.0, -955.0, -952.0, -924.0, -965.0, -942.0, -940.0, -925.0, -979.0, -939.0, -926.0, -929.0, -940.0, -962.0, -928.0, -953.0, -986.0, -928.0, -924.0, -943.0, -932.0, -958.0, -940.0, -918.0, -918.0, -967.0, -997.0, -922.0, -949.0, -958.0, -974.0, -983.0, -925.0, -959.0, -958.0, -952.0, -943.0, -955.0, -928.0, -930.0, -936.0, -951.0, -1001.0, -929.0, -925.0, -945.0, -967.0, -976.0, -946.0, -985.0], "episode_types": ["t", "t", "t", "t", "t", "t", "t", "t", "t", "t", "t", "t", "t", "t", "t", "t", "t", "t", "t", "t", "t", "t", "t", "t", "t", "t", "t", "t", "t", "t", "t", "t", "t", "t", "t", "t", "t", "t", "t", "t", "t", "t", "t", "t", "t", "t", "t", "t", "t", "t", "t", "t", "t", "t", "t", "t", "t", "t", "t", "t", "t", "t", "t", "t", "t", "t", "t", "t", "t", "t", "t", "t", "t", "t", "t", "t", "t", "t", "t", "t", "t", "t", "t", "t", "t", "t", "t", "t", "t", "t", "t", "t", "t", "t", "t", "t", "t", "t", "t", "t"]}