{"initial_reset_timestamp": 4259.633314443, "timestamps": [4259.712189949, 4259.816345085, 4259.870519126, 4259.923006291, 4259.963737837, 4260.008651559, 4260.075881405, 4260.166149662, 4260.251176754, 4260.306627572, 4260.352173244, 4260.376102085, 4260.412571362, 4260.55462883, 4260.671533268, 4260.719725693, 4261.076377874, 4261.108795727, 4261.149445459, 4261.235666851, 4261.365233225, 4261.442596132, 4261.506613795, 4261.546588714, 4261.616689623, 4261.646557287, 4261.6865952, 4261.716298792, 4261.747428526, 4261.798738438, 4261.874072472, 4261.903231866, 4261.926192677, 4261.984703506, 4262.047756567, 4262.127024322, 4262.234503367, 4262.25777023, 4262.346106505, 4262.375389552, 4262.410815059, 4262.448978272, 4262.47918123, 4262.514439864, 4262.571540562, 4262.649738344, 4262.736080087, 4262.844995535, 4262.878954868, 4262.905707467, 4262.958894162, 4262.995297422, 4263.066798239, 4263.13050429, 4263.209493129, 4263.245255421, 4263.340520897, 4263.424230304, 4263.547751863, 4263.640414011, 4263.754779806, 4263.788120591, 4263.821037603, 4263.878029081, 4263.909735459, 4263.936211312, 4264.04130619, 4264.088204126, 4264.208571724, 4264.375349949, 4264.496639495, 4264.51957626, 4264.553624824, 4264.652686592, 4264.705389013, 4264.808174528, 4264.842368571, 4264.909253561, 4264.958636585, 4265.056312839, 4265.134386427, 4265.228826227, 4265.258262448, 4265.334206297, 4265.534784803, 4265.58686579, 4265.715424438, 4265.819737386, 4265.914711227, 4266.027729957, 4266.174779688, 4266.25556215, 4266.396381851, 4266.471006664, 4266.66361254, 4266.91797695, 4267.055379376, 4267.237462111, 4267.521840135, 4267.723935225], "episode_lengths": [54, 54, 25, 27, 26, 20, 39, 47, 42, 33, 26, 20, 28, 69, 38, 28, 100, 28, 31, 58, 84, 38, 47, 32, 51, 25, 32, 25, 26, 35, 54, 22, 16, 41, 45, 48, 74, 20, 60, 25, 27, 27, 22, 28, 39, 51, 59, 69, 27, 22, 38, 29, 52, 43, 56, 28, 66, 58, 75, 58, 62, 23, 23, 39, 25, 19, 67, 34, 73, 65, 58, 17, 24, 46, 28, 60, 23, 39, 33, 53, 48, 54, 23, 49, 85, 32, 54, 66, 46, 39, 55, 45, 71, 48, 65, 72, 40, 54, 94, 67], "episode_rewards": [-954.0, -954.0, -925.0, -927.0, -926.0, -920.0, -939.0, -947.0, -942.0, -933.0, -926.0, -920.0, -928.0, -969.0, -938.0, -928.0, -1000.0, -928.0, -931.0, -958.0, -984.0, -938.0, -947.0, -932.0, -951.0, -925.0, -932.0, -925.0, -926.0, -935.0, -954.0, -922.0, -916.0, -941.0, -945.0, -948.0, -974.0, -920.0, -960.0, -925.0, -927.0, -927.0, -922.0, -928.0, -939.0, -951.0, -959.0, -969.0, -927.0, -922.0, -938.0, -929.0, -952.0, -943.0, -956.0, -928.0, -966.0, -958.0, -975.0, -958.0, -962.0, -923.0, -923.0, -939.0, -925.0, -919.0, -967.0, -934.0, -973.0, -965.0, -958.0, -917.0, -924.0, -946.0, -928.0, -960.0, -923.0, -939.0, -933.0, -953.0, -948.0, -954.0, -923.0, -949.0, -985.0, -932.0, -954.0, -966.0, -946.0, -939.0, -955.0, -945.0, -971.0, -948.0, -965.0, -972.0, -940.0, -954.0, -994.0, -967.0], "episode_types": ["t", "t", "t", "t", "t", "t", "t", "t", "t", "t", "t", "t", "t", "t", "t", "t", "t", "t", "t", "t", "t", "t", "t", "t", "t", "t", "t", "t", "t", "t", "t", "t", "t", "t", "t", "t", "t", "t", "t", "t", "t", "t", "t", "t", "t", "t", "t", "t", "t", "t", "t", "t", "t", "t", "t", "t", "t", "t", "t", "t", "t", "t", "t", "t", "t", "t", "t", "t", "t", "t", "t", "t", "t", "t", "t", "t", "t", "t", "t", "t", "t", "t", "t", "t", "t", "t", "t", "t", "t", "t", "t", "t", "t", "t", "t", "t", "t", "t", "t", "t"]}