{"initial_reset_timestamp": 4216.366584319, "timestamps": [4216.462327197, 4216.540519316, 4216.619014562, 4216.893182942, 4217.096340801, 4217.162924106, 4217.274709605, 4217.35189211, 4217.46380625, 4217.708063902, 4217.81444166, 4217.963375653, 4218.159162001, 4218.198724339, 4218.532127871, 4218.734236394, 4218.857860434, 4218.953594405, 4219.266295356, 4219.498753519, 4219.559034956, 4219.656919546, 4219.778689739, 4219.83928306, 4219.882247655, 4220.0133191, 4220.059673504, 4220.258191028, 4220.385077263, 4220.522702712, 4220.603972984, 4220.661902941, 4220.745587423, 4220.824504467, 4220.900014088, 4221.031690688, 4221.145751206, 4221.206539951, 4221.299857172, 4221.349020413, 4221.387184244, 4221.571052618, 4221.769734695, 4221.852702435, 4221.975468998, 4222.01361237, 4222.130226233, 4222.22220698, 4222.321473764, 4222.509166918, 4222.702671594, 4222.921680099, 4223.033803518, 4223.076937095, 4223.18777876, 4223.224221723, 4223.285822355, 4223.526811976, 4223.608986295, 4223.69285622, 4223.94763814, 4224.098262821, 4224.261391525, 4224.410313228, 4224.449757345, 4224.637892194, 4224.743414528, 4224.860181784, 4224.901901121, 4224.940639437, 4225.068078654, 4225.350915981, 4225.422307245, 4225.49859292, 4225.743374421, 4225.88538302, 4225.970015714, 4226.030027425, 4226.075728082, 4226.185592645, 4226.260940481, 4226.385086924, 4226.519516258, 4226.751575638, 4226.948128898, 4227.031283294, 4227.118395315, 4227.176024882, 4227.220243368, 4227.27454379, 4227.379582211, 4227.488909485, 4227.672801171, 4227.755956109, 4227.851232983, 4227.904556599, 4227.9887345, 4228.055794311, 4228.160917891, 4228.273658926], "episode_lengths": [28, 33, 35, 74, 52, 35, 40, 35, 26, 73, 32, 45, 73, 22, 92, 49, 32, 33, 90, 57, 29, 48, 36, 26, 23, 58, 20, 78, 49, 52, 36, 27, 36, 31, 37, 66, 41, 28, 46, 25, 19, 78, 84, 40, 59, 22, 56, 36, 44, 55, 83, 124, 67, 30, 44, 20, 23, 49, 24, 25, 70, 58, 77, 57, 21, 75, 42, 43, 25, 24, 47, 61, 28, 25, 64, 62, 44, 42, 33, 44, 45, 67, 72, 105, 110, 48, 46, 38, 26, 30, 55, 55, 94, 43, 47, 30, 44, 38, 59, 64], "episode_rewards": [-928.0, -933.0, -935.0, -974.0, -952.0, -935.0, -940.0, -935.0, -926.0, -973.0, -932.0, -945.0, -973.0, -922.0, -992.0, -949.0, -932.0, -933.0, -990.0, -957.0, -929.0, -948.0, -936.0, -926.0, -923.0, -958.0, -920.0, -978.0, -949.0, -952.0, -936.0, -927.0, -936.0, -931.0, -937.0, -966.0, -941.0, -928.0, -946.0, -925.0, -919.0, -978.0, -984.0, -940.0, -959.0, -922.0, -956.0, -936.0, -944.0, -955.0, -983.0, -1024.0, -967.0, -930.0, -944.0, -920.0, -923.0, -949.0, -924.0, -925.0, -970.0, -958.0, -977.0, -957.0, -921.0, -975.0, -942.0, -943.0, -925.0, -924.0, -947.0, -961.0, -928.0, -925.0, -964.0, -962.0, -944.0, -942.0, -933.0, -944.0, -945.0, -967.0, -972.0, -1005.0, -1010.0, -948.0, -946.0, -938.0, -926.0, -930.0, -955.0, -955.0, -994.0, -943.0, -947.0, -930.0, -944.0, -938.0, -959.0, -964.0], "episode_types": ["t", "t", "t", "t", "t", "t", "t", "t", "t", "t", "t", "t", "t", "t", "t", "t", "t", "t", "t", "t", "t", "t", "t", "t", "t", "t", "t", "t", "t", "t", "t", "t", "t", "t", "t", "t", "t", "t", "t", "t", "t", "t", "t", "t", "t", "t", "t", "t", "t", "t", "t", "t", "t", "t", "t", "t", "t", "t", "t", "t", "t", "t", "t", "t", "t", "t", "t", "t", "t", "t", "t", "t", "t", "t", "t", "t", "t", "t", "t", "t", "t", "t", "t", "t", "t", "t", "t", "t", "t", "t", "t", "t", "t", "t", "t", "t", "t", "t", "t", "t"]}