{"initial_reset_timestamp": 4119.911134966, "timestamps": [4120.053924133, 4120.165031579, 4120.258667835, 4120.45798193, 4120.503657087, 4120.606391917, 4120.705630365, 4120.842518948, 4120.958814969, 4121.173964189, 4121.238306499, 4121.318522476, 4121.421036524, 4121.482485971, 4121.544537342, 4121.580635525, 4121.628141235, 4121.722903502, 4121.786955695, 4121.838155555, 4121.905029167, 4121.945095929, 4121.997253005, 4122.157967251, 4122.251443648, 4122.452448494, 4122.640239167, 4122.79946672, 4122.993245569, 4123.111167903, 4123.179487174, 4123.315237973, 4123.367465863, 4123.478560222, 4123.658818847, 4123.703495772, 4123.930285836, 4124.008877616, 4124.112979475, 4124.155660145, 4124.218743133, 4124.258281599, 4124.326217207, 4124.378543463, 4124.552270842, 4124.634229996, 4124.710869189, 4124.763264764, 4124.851084371, 4125.014767137, 4125.206122853, 4125.300670799, 4125.409593626, 4125.52292621, 4125.583578122, 4125.678505582, 4125.795676271, 4125.894912473, 4126.015495741, 4126.139613471, 4126.231554693, 4126.509723075, 4126.557462518, 4126.649831398, 4126.844299151, 4127.203897902, 4127.629414448, 4127.952851576, 4128.105505702, 4128.332158878, 4128.417233442, 4128.548854069, 4128.669652492, 4128.722619563, 4128.786407136, 4128.888105638, 4129.026705383, 4129.159486787, 4129.306779004, 4129.41874567, 4129.583064682, 4129.625156647, 4129.677109337, 4129.852538882, 4129.95611963, 4130.157409201, 4130.255123643, 4130.326919056, 4130.392145439, 4130.567429672, 4130.70060624, 4130.922967745, 4131.197358947, 4131.499788609, 4131.750953571, 4131.858759053, 4132.258947067, 4132.311205499, 4132.620291677, 4132.673622193], "episode_lengths": [50, 24, 36, 67, 29, 38, 35, 57, 31, 62, 29, 26, 49, 26, 34, 20, 26, 49, 41, 30, 26, 15, 26, 68, 27, 57, 45, 56, 39, 52, 33, 59, 23, 54, 83, 24, 45, 22, 40, 21, 29, 20, 32, 26, 53, 32, 21, 27, 44, 56, 47, 45, 52, 57, 33, 45, 57, 51, 50, 58, 43, 107, 22, 41, 63, 95, 110, 84, 54, 61, 32, 51, 47, 26, 28, 47, 72, 60, 37, 49, 58, 29, 34, 92, 43, 60, 35, 26, 28, 56, 50, 59, 64, 70, 81, 31, 110, 24, 80, 25], "episode_rewards": [-950.0, -924.0, -936.0, -967.0, -929.0, -938.0, -935.0, -957.0, -931.0, -962.0, -929.0, -926.0, -949.0, -926.0, -934.0, -920.0, -926.0, -949.0, -941.0, -930.0, -926.0, -915.0, -926.0, -968.0, -927.0, -957.0, -945.0, -956.0, -939.0, -952.0, -933.0, -959.0, -923.0, -954.0, -983.0, -924.0, -945.0, -922.0, -940.0, -921.0, -929.0, -920.0, -932.0, -926.0, -953.0, -932.0, -921.0, -927.0, -944.0, -956.0, -947.0, -945.0, -952.0, -957.0, -933.0, -945.0, -957.0, -951.0, -950.0, -958.0, -943.0, -1007.0, -922.0, -941.0, -963.0, -995.0, -1010.0, -984.0, -954.0, -961.0, -932.0, -951.0, -947.0, -926.0, -928.0, -947.0, -972.0, -960.0, -937.0, -949.0, -958.0, -929.0, -934.0, -992.0, -943.0, -960.0, -935.0, -926.0, -928.0, -956.0, -950.0, -959.0, -964.0, -970.0, -981.0, -931.0, -1010.0, -924.0, -980.0, -925.0], "episode_types": ["t", "t", "t", "t", "t", "t", "t", "t", "t", "t", "t", "t", "t", "t", "t", "t", "t", "t", "t", "t", "t", "t", "t", "t", "t", "t", "t", "t", "t", "t", "t", "t", "t", "t", "t", "t", "t", "t", "t", "t", "t", "t", "t", "t", "t", "t", "t", "t", "t", "t", "t", "t", "t", "t", "t", "t", "t", "t", "t", "t", "t", "t", "t", "t", "t", "t", "t", "t", "t", "t", "t", "t", "t", "t", "t", "t", "t", "t", "t", "t", "t", "t", "t", "t", "t", "t", "t", "t", "t", "t", "t", "t", "t", "t", "t", "t", "t", "t", "t", "t"]}