{"initial_reset_timestamp": 4240.90026075, "timestamps": [4240.970360067, 4241.114774244, 4241.302072841, 4241.342229725, 4241.425215645, 4241.466538905, 4241.609972989, 4241.653281475, 4241.75641934, 4241.859555779, 4241.943440924, 4241.985843895, 4242.021395453, 4242.084293421, 4242.11751889, 4242.205895044, 4242.26691953, 4242.299989933, 4242.339182729, 4242.376827595, 4242.522111475, 4242.565325393, 4242.616606628, 4242.709069836, 4242.741025917, 4242.789954073, 4242.866527844, 4242.897898029, 4242.939834794, 4242.968636481, 4243.042626748, 4243.117824409, 4243.245570831, 4243.297192455, 4243.398365623, 4243.446646645, 4243.499334197, 4243.547948943, 4243.61928153, 4243.730401832, 4243.83421271, 4243.870418163, 4244.00117655, 4244.059134797, 4244.122528922, 4244.160588301, 4244.209812487, 4244.424403616, 4244.642630065, 4244.852255714, 4245.006202782, 4245.067724629, 4245.247625314, 4245.383306125, 4245.615243361, 4245.678849526, 4245.907729778, 4246.006388731, 4246.138753149, 4246.276976516, 4246.477277632, 4246.55305414, 4246.620370378, 4246.704851852, 4246.903050392, 4247.012721799, 4247.226162386, 4247.364333362, 4247.470055943, 4247.563384299, 4247.676925867, 4247.763863323, 4247.855544075, 4247.88813174, 4247.982471227, 4248.085411266, 4248.203379309, 4248.297200009, 4248.373006327, 4248.528407974, 4248.80856899, 4248.89671081, 4248.95096415, 4248.992280534, 4249.107519775, 4249.287634864, 4249.363374689, 4249.408360025, 4249.499284353, 4249.700464458, 4249.816768828, 4250.042463407, 4250.171411763, 4250.235262985, 4250.292150556, 4250.438531959, 4250.777641711, 4251.018709876, 4251.344488708, 4251.618995168], "episode_lengths": [43, 37, 55, 24, 32, 18, 39, 22, 63, 64, 49, 29, 26, 39, 27, 54, 35, 25, 27, 26, 89, 30, 38, 64, 21, 26, 47, 24, 30, 20, 27, 23, 52, 28, 52, 27, 27, 31, 38, 63, 58, 21, 55, 21, 32, 20, 25, 99, 89, 53, 42, 17, 41, 39, 78, 34, 72, 34, 55, 51, 84, 43, 34, 41, 105, 61, 106, 69, 54, 50, 60, 44, 45, 21, 53, 59, 57, 55, 49, 59, 128, 43, 32, 23, 62, 96, 35, 27, 42, 72, 59, 57, 41, 29, 31, 50, 94, 64, 85, 65], "episode_rewards": [-943.0, -937.0, -955.0, -924.0, -932.0, -918.0, -939.0, -922.0, -963.0, -964.0, -949.0, -929.0, -926.0, -939.0, -927.0, -954.0, -935.0, -925.0, -927.0, -926.0, -989.0, -930.0, -938.0, -964.0, -921.0, -926.0, -947.0, -924.0, -930.0, -920.0, -927.0, -923.0, -952.0, -928.0, -952.0, -927.0, -927.0, -931.0, -938.0, -963.0, -958.0, -921.0, -955.0, -921.0, -932.0, -920.0, -925.0, -999.0, -989.0, -953.0, -942.0, -917.0, -941.0, -939.0, -978.0, -934.0, -972.0, -934.0, -955.0, -951.0, -984.0, -943.0, -934.0, -941.0, -1005.0, -961.0, -1006.0, -969.0, -954.0, -950.0, -960.0, -944.0, -945.0, -921.0, -953.0, -959.0, -957.0, -955.0, -949.0, -959.0, -1028.0, -943.0, -932.0, -923.0, -962.0, -996.0, -935.0, -927.0, -942.0, -972.0, -959.0, -957.0, -941.0, -929.0, -931.0, -950.0, -994.0, -964.0, -985.0, -965.0], "episode_types": ["t", "t", "t", "t", "t", "t", "t", "t", "t", "t", "t", "t", "t", "t", "t", "t", "t", "t", "t", "t", "t", "t", "t", "t", "t", "t", "t", "t", "t", "t", "t", "t", "t", "t", "t", "t", "t", "t", "t", "t", "t", "t", "t", "t", "t", "t", "t", "t", "t", "t", "t", "t", "t", "t", "t", "t", "t", "t", "t", "t", "t", "t", "t", "t", "t", "t", "t", "t", "t", "t", "t", "t", "t", "t", "t", "t", "t", "t", "t", "t", "t", "t", "t", "t", "t", "t", "t", "t", "t", "t", "t", "t", "t", "t", "t", "t", "t", "t", "t", "t"]}