{"initial_reset_timestamp": 4097.030868382, "timestamps": [4097.081120563, 4097.131471343, 4097.229545615, 4097.281176536, 4097.365726742, 4097.515711929, 4097.57897843, 4097.667095321, 4097.715131245, 4097.764164294, 4097.802507131, 4097.875447043, 4097.974147271, 4098.044522928, 4098.100059352, 4098.164185238, 4098.198815108, 4098.346739405, 4098.482042007, 4098.564352962, 4098.876987154, 4099.07904282, 4099.115215113, 4099.345205498, 4099.610359423, 4099.724906921, 4099.829023004, 4099.917417739, 4100.001720149, 4100.141174636, 4100.226640104, 4100.413049026, 4100.451307314, 4100.531914086, 4100.726785887, 4100.933430898, 4101.01133202, 4101.114822733, 4101.23781825, 4101.397933436, 4101.52753402, 4101.672112663, 4101.734547711, 4101.787290287, 4101.857245131, 4101.959910968, 4102.111073992, 4102.217277039, 4102.366892088, 4102.56634422, 4102.631861498, 4102.707765017, 4102.844314422, 4102.993961876, 4103.145862334, 4103.188184656, 4103.304842071, 4103.469769098, 4103.606272072, 4103.658867398, 4103.774974411, 4103.83984206, 4103.919549488, 4104.014258528, 4104.119497671, 4104.240404662, 4104.341013417, 4104.455495656, 4104.535658342, 4104.63955495, 4104.68967822, 4104.789554666, 4104.875316841, 4105.025185535, 4105.318135391, 4105.473281815, 4105.748414055, 4105.887422357, 4106.085790648, 4106.246633703, 4106.567903095, 4106.683808497, 4106.769212381, 4106.805766383, 4106.892359934, 4107.067208006, 4107.191055513, 4107.375326585, 4107.631746205, 4107.706108895, 4107.913373919, 4108.076555641, 4108.133250296, 4108.175002354, 4108.240777642, 4108.351191255, 4108.426741405, 4108.573468807, 4108.941208381, 4109.17601884], "episode_lengths": [34, 34, 65, 37, 37, 56, 32, 40, 26, 25, 21, 35, 46, 32, 24, 31, 19, 70, 55, 33, 73, 67, 19, 53, 65, 35, 40, 41, 39, 55, 25, 70, 20, 38, 56, 69, 33, 44, 41, 62, 52, 44, 28, 25, 32, 34, 61, 26, 40, 50, 26, 24, 53, 41, 61, 21, 54, 55, 44, 22, 43, 33, 30, 20, 29, 36, 33, 58, 45, 52, 23, 41, 37, 53, 74, 50, 70, 56, 82, 70, 107, 57, 48, 27, 50, 101, 50, 100, 103, 28, 57, 92, 42, 31, 47, 58, 44, 74, 149, 92], "episode_rewards": [-934.0, -934.0, -965.0, -937.0, -937.0, -956.0, -932.0, -940.0, -926.0, -925.0, -921.0, -935.0, -946.0, -932.0, -924.0, -931.0, -919.0, -970.0, -955.0, -933.0, -973.0, -967.0, -919.0, -953.0, -965.0, -935.0, -940.0, -941.0, -939.0, -955.0, -925.0, -970.0, -920.0, -938.0, -956.0, -969.0, -933.0, -944.0, -941.0, -962.0, -952.0, -944.0, -928.0, -925.0, -932.0, -934.0, -961.0, -926.0, -940.0, -950.0, -926.0, -924.0, -953.0, -941.0, -961.0, -921.0, -954.0, -955.0, -944.0, -922.0, -943.0, -933.0, -930.0, -920.0, -929.0, -936.0, -933.0, -958.0, -945.0, -952.0, -923.0, -941.0, -937.0, -953.0, -974.0, -950.0, -970.0, -956.0, -982.0, -970.0, -1007.0, -957.0, -948.0, -927.0, -950.0, -1001.0, -950.0, -1000.0, -1003.0, -928.0, -957.0, -992.0, -942.0, -931.0, -947.0, -958.0, -944.0, -974.0, -1049.0, -992.0], "episode_types": ["t", "t", "t", "t", "t", "t", "t", "t", "t", "t", "t", "t", "t", "t", "t", "t", "t", "t", "t", "t", "t", "t", "t", "t", "t", "t", "t", "t", "t", "t", "t", "t", "t", "t", "t", "t", "t", "t", "t", "t", "t", "t", "t", "t", "t", "t", "t", "t", "t", "t", "t", "t", "t", "t", "t", "t", "t", "t", "t", "t", "t", "t", "t", "t", "t", "t", "t", "t", "t", "t", "t", "t", "t", "t", "t", "t", "t", "t", "t", "t", "t", "t", "t", "t", "t", "t", "t", "t", "t", "t", "t", "t", "t", "t", "t", "t", "t", "t", "t", "t"]}