{"initial_reset_timestamp": 4261.484049292, "timestamps": [4261.567208755, 4261.599964822, 4261.62940065, 4261.687315179, 4261.737884785, 4261.811733866, 4261.855415363, 4261.914495449, 4261.962542874, 4262.046006295, 4262.1595299, 4262.256908187, 4262.334770725, 4262.370303134, 4262.447003396, 4262.521161858, 4262.547904737, 4262.593804705, 4262.691437885, 4262.734478524, 4262.804719209, 4262.874236061, 4262.927434502, 4262.988810285, 4263.089642026, 4263.17138782, 4263.256768133, 4263.333776984, 4263.385286543, 4263.41907856, 4263.465242308, 4263.501815552, 4263.594489011, 4263.633888702, 4263.66654422, 4263.699254461, 4263.758656404, 4263.883186129, 4263.964208088, 4264.031100263, 4264.061733209, 4264.134972982, 4264.210992715, 4264.323295651, 4264.358779821, 4264.4342941, 4264.465962322, 4264.539698627, 4264.630648779, 4264.722707252, 4264.895791434, 4265.003438355, 4265.09635957, 4265.174958925, 4265.277142358, 4265.465792962, 4265.554667322, 4265.77729775, 4265.83870383, 4266.06299732, 4266.309358946, 4266.43358453, 4266.679314257, 4266.878799017, 4267.052153365, 4267.214441445, 4267.245797092, 4267.311264941, 4267.542116116, 4267.586962972, 4267.774198504, 4267.963643095, 4268.032199531, 4268.115787837, 4268.280616042, 4268.398503026, 4268.471884975, 4268.662547938, 4268.837133694, 4268.866606501, 4268.904915036, 4268.946911923, 4269.006037836, 4269.11302382, 4269.151352421, 4269.185723554, 4269.378518426, 4269.583699241, 4269.686459165, 4269.846999065, 4269.924781026, 4270.017674059, 4270.225020712, 4270.295900044, 4270.378297991, 4270.445227659, 4270.691058918, 4270.822655321, 4270.95082573, 4271.055377348], "episode_lengths": [54, 24, 22, 40, 36, 43, 32, 38, 31, 54, 69, 64, 49, 26, 52, 54, 22, 35, 67, 35, 48, 50, 39, 41, 66, 51, 58, 51, 36, 24, 32, 25, 52, 30, 26, 22, 36, 71, 50, 43, 21, 45, 46, 71, 25, 40, 22, 21, 33, 33, 66, 56, 49, 42, 48, 64, 44, 59, 33, 47, 58, 22, 46, 47, 57, 68, 24, 34, 48, 21, 60, 64, 26, 48, 54, 34, 27, 44, 73, 19, 27, 26, 37, 62, 26, 26, 106, 97, 48, 92, 47, 50, 98, 42, 48, 44, 142, 81, 83, 57], "episode_rewards": [-954.0, -924.0, -922.0, -940.0, -936.0, -943.0, -932.0, -938.0, -931.0, -954.0, -969.0, -964.0, -949.0, -926.0, -952.0, -954.0, -922.0, -935.0, -967.0, -935.0, -948.0, -950.0, -939.0, -941.0, -966.0, -951.0, -958.0, -951.0, -936.0, -924.0, -932.0, -925.0, -952.0, -930.0, -926.0, -922.0, -936.0, -971.0, -950.0, -943.0, -921.0, -945.0, -946.0, -971.0, -925.0, -940.0, -922.0, -921.0, -933.0, -933.0, -966.0, -956.0, -949.0, -942.0, -948.0, -964.0, -944.0, -959.0, -933.0, -947.0, -958.0, -922.0, -946.0, -947.0, -957.0, -968.0, -924.0, -934.0, -948.0, -921.0, -960.0, -964.0, -926.0, -948.0, -954.0, -934.0, -927.0, -944.0, -973.0, -919.0, -927.0, -926.0, -937.0, -962.0, -926.0, -926.0, -1006.0, -997.0, -948.0, -992.0, -947.0, -950.0, -998.0, -942.0, -948.0, -944.0, -1042.0, -981.0, -983.0, -957.0], "episode_types": ["t", "t", "t", "t", "t", "t", "t", "t", "t", "t", "t", "t", "t", "t", "t", "t", "t", "t", "t", "t", "t", "t", "t", "t", "t", "t", "t", "t", "t", "t", "t", "t", "t", "t", "t", "t", "t", "t", "t", "t", "t", "t", "t", "t", "t", "t", "t", "t", "t", "t", "t", "t", "t", "t", "t", "t", "t", "t", "t", "t", "t", "t", "t", "t", "t", "t", "t", "t", "t", "t", "t", "t", "t", "t", "t", "t", "t", "t", "t", "t", "t", "t", "t", "t", "t", "t", "t", "t", "t", "t", "t", "t", "t", "t", "t", "t", "t", "t", "t", "t"]}