{"initial_reset_timestamp": 4050.917068112, "timestamps": [4050.994986086, 4051.118047958, 4051.290338059, 4051.42737415, 4051.644379124, 4051.778610794, 4051.873320144, 4052.097939852, 4052.160388643, 4052.218392933, 4052.290445732, 4052.32490577, 4052.376331297, 4052.506935625, 4052.627495229, 4052.698993439, 4052.759979706, 4052.809299522, 4052.979209674, 4053.027263511, 4053.055330899, 4053.126834536, 4053.159952561, 4053.243523858, 4053.366298429, 4053.474784534, 4053.545697756, 4053.664072709, 4053.80989759, 4053.931491745, 4054.039724786, 4054.108409833, 4054.250483161, 4054.391433837, 4054.488873283, 4054.563018502, 4054.680737928, 4054.836636133, 4054.944067945, 4055.049834289, 4055.099036315, 4055.152778497, 4055.234253131, 4055.291596044, 4055.343442199, 4055.412285198, 4055.586127221, 4055.632131518, 4055.762135217, 4055.802653644, 4055.868690666, 4055.982954977, 4056.133856571, 4056.167752965, 4056.302975359, 4056.360347219, 4056.446815678, 4056.582762455, 4056.611022217, 4056.663854467, 4056.776928751, 4056.821090384, 4056.890355287, 4057.010484477, 4057.138063823, 4057.282748074, 4057.459453812, 4057.553418563, 4057.694895016, 4057.72970039, 4057.810853655, 4057.922143767, 4057.964314428, 4058.083317646, 4058.160778917, 4058.248137639, 4058.283768868, 4058.325533425, 4058.371911373, 4058.502723944, 4058.664361254, 4058.833610796, 4058.947608928, 4059.022145236, 4059.273254901, 4059.369912739, 4059.462259314, 4059.839768639, 4060.054279753, 4060.150400621, 4060.281975014, 4060.339820249, 4060.401106973, 4060.45459778, 4060.505410695, 4060.616255641, 4060.654406732, 4060.831784236, 4060.91975821, 4060.972713409], "episode_lengths": [27, 41, 55, 46, 87, 59, 43, 95, 29, 30, 38, 19, 29, 65, 57, 34, 23, 21, 72, 24, 17, 39, 21, 39, 52, 56, 38, 58, 61, 58, 56, 33, 55, 58, 46, 36, 49, 64, 48, 48, 24, 27, 38, 27, 23, 35, 79, 22, 52, 20, 33, 41, 65, 20, 52, 29, 43, 58, 15, 23, 52, 23, 34, 56, 59, 70, 74, 44, 69, 21, 39, 52, 24, 61, 33, 43, 21, 25, 28, 47, 56, 70, 51, 38, 119, 50, 34, 145, 97, 64, 83, 38, 43, 40, 32, 75, 30, 111, 63, 39], "episode_rewards": [-927.0, -941.0, -955.0, -946.0, -987.0, -959.0, -943.0, -995.0, -929.0, -930.0, -938.0, -919.0, -929.0, -965.0, -957.0, -934.0, -923.0, -921.0, -972.0, -924.0, -917.0, -939.0, -921.0, -939.0, -952.0, -956.0, -938.0, -958.0, -961.0, -958.0, -956.0, -933.0, -955.0, -958.0, -946.0, -936.0, -949.0, -964.0, -948.0, -948.0, -924.0, -927.0, -938.0, -927.0, -923.0, -935.0, -979.0, -922.0, -952.0, -920.0, -933.0, -941.0, -965.0, -920.0, -952.0, -929.0, -943.0, -958.0, -915.0, -923.0, -952.0, -923.0, -934.0, -956.0, -959.0, -970.0, -974.0, -944.0, -969.0, -921.0, -939.0, -952.0, -924.0, -961.0, -933.0, -943.0, -921.0, -925.0, -928.0, -947.0, -956.0, -970.0, -951.0, -938.0, -1019.0, -950.0, -934.0, -1045.0, -997.0, -964.0, -983.0, -938.0, -943.0, -940.0, -932.0, -975.0, -930.0, -1011.0, -963.0, -939.0], "episode_types": ["t", "t", "t", "t", "t", "t", "t", "t", "t", "t", "t", "t", "t", "t", "t", "t", "t", "t", "t", "t", "t", "t", "t", "t", "t", "t", "t", "t", "t", "t", "t", "t", "t", "t", "t", "t", "t", "t", "t", "t", "t", "t", "t", "t", "t", "t", "t", "t", "t", "t", "t", "t", "t", "t", "t", "t", "t", "t", "t", "t", "t", "t", "t", "t", "t", "t", "t", "t", "t", "t", "t", "t", "t", "t", "t", "t", "t", "t", "t", "t", "t", "t", "t", "t", "t", "t", "t", "t", "t", "t", "t", "t", "t", "t", "t", "t", "t", "t", "t", "t"]}