{"initial_reset_timestamp": 7693.163184033, "timestamps": [7693.22333952, 7693.283449027, 7693.442263724, 7693.5660458, 7693.635844005, 7693.69221398, 7693.771238453, 7693.879896323, 7694.013563985, 7694.100727874, 7694.220155318, 7694.284540161, 7694.383565999, 7694.543204627, 7694.726001927, 7694.880745635, 7694.962944206, 7695.124826685, 7695.19978999, 7695.297923718, 7695.374913684, 7695.534124974, 7695.675677633, 7695.742032266, 7695.800686383, 7695.971437776, 7696.062414072, 7696.122309982, 7696.250612192, 7696.417964727, 7696.458446586, 7696.620752489, 7696.725549976, 7696.80262086, 7696.862675891, 7696.916295701, 7696.968601743, 7697.054319313, 7697.169787344, 7697.303516336, 7697.449370867, 7697.606500694, 7697.685251837, 7697.748871553, 7697.854288612, 7698.111043535, 7698.285061646, 7698.4348453, 7698.484680424, 7698.563186941, 7698.764592376, 7698.855124307, 7699.045962488, 7699.243054743, 7699.285077488, 7699.342934237, 7699.442599935, 7699.577144589, 7699.663134662, 7699.781572825, 7700.012085577, 7700.071259948, 7700.28216594, 7700.361658724, 7700.525776635, 7700.594166723, 7700.744840313, 7700.936448956, 7700.996827939, 7701.111110671, 7701.238019635, 7701.512295727, 7701.669730288, 7701.73767379, 7701.843288492, 7702.05116412, 7702.144231126, 7702.209029898, 7702.288146051, 7702.388799167, 7702.437198817, 7702.619030339, 7702.773637695, 7702.843803342, 7703.136389609, 7703.221185894, 7703.449065386, 7703.781812176, 7704.260365766, 7704.449670756, 7704.55902759, 7704.696811965, 7704.803695784, 7704.90024209, 7705.12970006, 7705.199827554, 7705.275028141, 7705.330494557, 7705.492384521, 7705.622140149], "episode_lengths": [24, 25, 48, 36, 22, 24, 32, 38, 47, 33, 46, 28, 37, 58, 65, 58, 34, 56, 30, 35, 29, 55, 49, 29, 25, 62, 35, 24, 45, 56, 16, 56, 41, 33, 25, 24, 23, 35, 45, 51, 54, 58, 32, 26, 41, 91, 63, 55, 22, 32, 73, 37, 71, 72, 20, 24, 40, 51, 34, 46, 84, 25, 77, 32, 61, 28, 57, 71, 26, 45, 47, 100, 61, 30, 42, 76, 39, 27, 33, 40, 22, 67, 59, 32, 109, 34, 71, 108, 157, 60, 36, 48, 43, 40, 77, 25, 29, 22, 64, 50], "episode_rewards": [-924.0, -925.0, -948.0, -936.0, -922.0, -924.0, -932.0, -938.0, -947.0, -933.0, -946.0, -928.0, -937.0, -958.0, -965.0, -958.0, -934.0, -956.0, -930.0, -935.0, -929.0, -955.0, -949.0, -929.0, -925.0, -962.0, -935.0, -924.0, -945.0, -956.0, -916.0, -956.0, -941.0, -933.0, -925.0, -924.0, -923.0, -935.0, -945.0, -951.0, -954.0, -958.0, -932.0, -926.0, -941.0, -991.0, -963.0, -955.0, -922.0, -932.0, -973.0, -937.0, -971.0, -972.0, -920.0, -924.0, -940.0, -951.0, -934.0, -946.0, -984.0, -925.0, -977.0, -932.0, -961.0, -928.0, -957.0, -971.0, -926.0, -945.0, -947.0, -1000.0, -961.0, -930.0, -942.0, -976.0, -939.0, -927.0, -933.0, -940.0, -922.0, -967.0, -959.0, -932.0, -1009.0, -934.0, -971.0, -1008.0, -1057.0, -960.0, -936.0, -948.0, -943.0, -940.0, -977.0, -925.0, -929.0, -922.0, -964.0, -950.0], "episode_types": ["t", "t", "t", "t", "t", "t", "t", "t", "t", "t", "t", "t", "t", "t", "t", "t", "t", "t", "t", "t", "t", "t", "t", "t", "t", "t", "t", "t", "t", "t", "t", "t", "t", "t", "t", "t", "t", "t", "t", "t", "t", "t", "t", "t", "t", "t", "t", "t", "t", "t", "t", "t", "t", "t", "t", "t", "t", "t", "t", "t", "t", "t", "t", "t", "t", "t", "t", "t", "t", "t", "t", "t", "t", "t", "t", "t", "t", "t", "t", "t", "t", "t", "t", "t", "t", "t", "t", "t", "t", "t", "t", "t", "t", "t", "t", "t", "t", "t", "t", "t"]}