{"initial_reset_timestamp": 4049.879578489, "timestamps": [4049.952800744, 4050.043060255, 4050.215548464, 4050.510219937, 4050.61508651, 4050.770462607, 4050.822599025, 4050.898570238, 4050.954678833, 4051.010791547, 4051.163548195, 4051.231065069, 4051.307355831, 4051.388615816, 4051.502117512, 4051.570942248, 4051.617319063, 4051.706329486, 4051.837956353, 4051.883859964, 4051.970267581, 4052.115983059, 4052.290474383, 4052.336763777, 4052.377208642, 4052.492961628, 4052.610937966, 4052.711728271, 4052.841662778, 4052.919475744, 4052.947570893, 4053.068970049, 4053.120656722, 4053.192735878, 4053.290584648, 4053.359258027, 4053.419323905, 4053.503477287, 4053.540310526, 4053.641069717, 4053.676778766, 4053.799091765, 4053.877021426, 4053.933486378, 4054.04496794, 4054.106829845, 4054.150484165, 4054.233797624, 4054.336378957, 4054.399345491, 4054.441017202, 4054.491432213, 4054.537734713, 4054.568675212, 4054.625883938, 4054.722255021, 4054.880038538, 4055.02410158, 4055.148731015, 4055.221535852, 4055.299659948, 4055.382358117, 4055.516308637, 4055.656788916, 4055.718674252, 4055.856953113, 4055.943980953, 4056.016437717, 4056.114753918, 4056.28298423, 4056.438926898, 4056.552163563, 4056.639634685, 4056.761681854, 4056.813094907, 4056.856514737, 4056.899618414, 4057.012890038, 4057.053439428, 4057.128190057, 4057.24121074, 4057.3535052, 4057.41585558, 4057.499432322, 4057.584701271, 4057.670432367, 4057.70965208, 4057.805759554, 4057.890810634, 4057.990534542, 4058.024543312, 4058.084992482, 4058.261290773, 4058.372714874, 4058.43267572, 4058.526054634, 4058.614802998, 4058.656896491, 4058.802152424, 4058.865318798], "episode_lengths": [34, 41, 52, 68, 37, 45, 22, 22, 25, 24, 62, 31, 32, 21, 50, 34, 26, 44, 60, 24, 41, 68, 84, 27, 25, 61, 60, 47, 54, 39, 16, 59, 32, 42, 45, 35, 35, 49, 23, 55, 22, 59, 40, 37, 53, 28, 27, 37, 47, 35, 26, 30, 26, 18, 27, 43, 63, 55, 49, 31, 30, 32, 55, 63, 30, 54, 37, 28, 40, 59, 61, 48, 41, 62, 30, 24, 23, 57, 25, 41, 64, 57, 35, 46, 45, 47, 27, 49, 46, 56, 24, 37, 85, 64, 35, 34, 36, 19, 56, 32], "episode_rewards": [-934.0, -941.0, -952.0, -968.0, -937.0, -945.0, -922.0, -922.0, -925.0, -924.0, -962.0, -931.0, -932.0, -921.0, -950.0, -934.0, -926.0, -944.0, -960.0, -924.0, -941.0, -968.0, -984.0, -927.0, -925.0, -961.0, -960.0, -947.0, -954.0, -939.0, -916.0, -959.0, -932.0, -942.0, -945.0, -935.0, -935.0, -949.0, -923.0, -955.0, -922.0, -959.0, -940.0, -937.0, -953.0, -928.0, -927.0, -937.0, -947.0, -935.0, -926.0, -930.0, -926.0, -918.0, -927.0, -943.0, -963.0, -955.0, -949.0, -931.0, -930.0, -932.0, -955.0, -963.0, -930.0, -954.0, -937.0, -928.0, -940.0, -959.0, -961.0, -948.0, -941.0, -962.0, -930.0, -924.0, -923.0, -957.0, -925.0, -941.0, -964.0, -957.0, -935.0, -946.0, -945.0, -947.0, -927.0, -949.0, -946.0, -956.0, -924.0, -937.0, -985.0, -964.0, -935.0, -934.0, -936.0, -919.0, -956.0, -932.0], "episode_types": ["t", "t", "t", "t", "t", "t", "t", "t", "t", "t", "t", "t", "t", "t", "t", "t", "t", "t", "t", "t", "t", "t", "t", "t", "t", "t", "t", "t", "t", "t", "t", "t", "t", "t", "t", "t", "t", "t", "t", "t", "t", "t", "t", "t", "t", "t", "t", "t", "t", "t", "t", "t", "t", "t", "t", "t", "t", "t", "t", "t", "t", "t", "t", "t", "t", "t", "t", "t", "t", "t", "t", "t", "t", "t", "t", "t", "t", "t", "t", "t", "t", "t", "t", "t", "t", "t", "t", "t", "t", "t", "t", "t", "t", "t", "t", "t", "t", "t", "t", "t"]}