{"initial_reset_timestamp": 4049.068149691, "timestamps": [4049.115365141, 4049.237453263, 4049.273424294, 4049.31459526, 4049.360703837, 4049.414001275, 4049.544854881, 4049.699641484, 4049.734986929, 4049.779734487, 4049.918268437, 4050.109648001, 4050.220940289, 4050.258051169, 4050.316564904, 4050.415123499, 4050.487743993, 4050.527253233, 4050.57423251, 4050.765399197, 4050.888035475, 4051.012106462, 4051.103297206, 4051.185221723, 4051.246576441, 4051.303256355, 4051.384378418, 4051.447237486, 4051.644405744, 4051.730807028, 4051.832659199, 4051.922433835, 4052.001105084, 4052.078857983, 4052.227304217, 4052.316790188, 4052.357893934, 4052.429640874, 4052.488367104, 4052.591135415, 4052.634805875, 4052.685523012, 4052.768343702, 4052.824477696, 4052.872630404, 4052.923421653, 4052.964782404, 4053.051003579, 4053.118643409, 4053.151448588, 4053.271170152, 4053.364234517, 4053.547823806, 4053.714239111, 4053.798223736, 4054.063401352, 4054.196191392, 4054.366495188, 4054.563966464, 4054.620364221, 4054.680741322, 4054.735684207, 4054.923250335, 4055.119872287, 4055.59164226, 4055.640551956, 4055.688829311, 4055.852335011, 4055.982320905, 4056.234362432, 4056.514633716, 4056.723182432, 4056.913786691, 4056.999381161, 4057.193170451, 4057.344922658, 4057.480040622, 4057.535231057, 4057.576555377, 4057.652688909, 4057.701795509, 4057.762036456, 4057.885403781, 4058.013721581, 4058.276634928, 4058.44187133, 4058.54744676, 4058.639116702, 4058.909339443, 4059.086277466, 4059.34682459, 4059.426630872, 4059.662916827, 4059.721381777, 4059.843107081, 4059.965901256, 4060.022484802, 4060.125535373, 4060.224232487, 4060.35323407], "episode_lengths": [28, 62, 23, 24, 28, 27, 59, 69, 21, 28, 64, 86, 54, 23, 31, 54, 46, 26, 31, 104, 58, 50, 38, 36, 31, 28, 40, 31, 89, 43, 50, 42, 31, 33, 42, 29, 25, 39, 35, 54, 24, 27, 36, 28, 26, 27, 23, 44, 36, 23, 48, 45, 95, 54, 44, 55, 31, 57, 64, 19, 26, 25, 71, 75, 103, 21, 20, 61, 54, 92, 107, 75, 71, 30, 68, 49, 68, 32, 25, 42, 32, 33, 61, 58, 69, 30, 42, 39, 75, 60, 110, 26, 122, 34, 72, 75, 40, 54, 38, 42], "episode_rewards": [-928.0, -962.0, -923.0, -924.0, -928.0, -927.0, -959.0, -969.0, -921.0, -928.0, -964.0, -986.0, -954.0, -923.0, -931.0, -954.0, -946.0, -926.0, -931.0, -1004.0, -958.0, -950.0, -938.0, -936.0, -931.0, -928.0, -940.0, -931.0, -989.0, -943.0, -950.0, -942.0, -931.0, -933.0, -942.0, -929.0, -925.0, -939.0, -935.0, -954.0, -924.0, -927.0, -936.0, -928.0, -926.0, -927.0, -923.0, -944.0, -936.0, -923.0, -948.0, -945.0, -995.0, -954.0, -944.0, -955.0, -931.0, -957.0, -964.0, -919.0, -926.0, -925.0, -971.0, -975.0, -1003.0, -921.0, -920.0, -961.0, -954.0, -992.0, -1007.0, -975.0, -971.0, -930.0, -968.0, -949.0, -968.0, -932.0, -925.0, -942.0, -932.0, -933.0, -961.0, -958.0, -969.0, -930.0, -942.0, -939.0, -975.0, -960.0, -1010.0, -926.0, -1022.0, -934.0, -972.0, -975.0, -940.0, -954.0, -938.0, -942.0], "episode_types": ["t", "t", "t", "t", "t", "t", "t", "t", "t", "t", "t", "t", "t", "t", "t", "t", "t", "t", "t", "t", "t", "t", "t", "t", "t", "t", "t", "t", "t", "t", "t", "t", "t", "t", "t", "t", "t", "t", "t", "t", "t", "t", "t", "t", "t", "t", "t", "t", "t", "t", "t", "t", "t", "t", "t", "t", "t", "t", "t", "t", "t", "t", "t", "t", "t", "t", "t", "t", "t", "t", "t", "t", "t", "t", "t", "t", "t", "t", "t", "t", "t", "t", "t", "t", "t", "t", "t", "t", "t", "t", "t", "t", "t", "t", "t", "t", "t", "t", "t", "t"]}