{"initial_reset_timestamp": 4192.098662332, "timestamps": [4192.136874907, 4192.184686924, 4192.259077237, 4192.385906638, 4192.44678188, 4192.481512781, 4192.522940667, 4192.633130037, 4192.668545324, 4192.694433634, 4192.749703172, 4192.796136883, 4192.855392201, 4192.906251944, 4192.944156862, 4192.98419293, 4193.013721681, 4193.109404021, 4193.180662256, 4193.244020714, 4193.321636275, 4193.371844441, 4193.44065587, 4193.524324734, 4193.564929692, 4193.595201898, 4193.628215246, 4193.663855519, 4193.74668888, 4193.853985575, 4193.92459764, 4194.009064891, 4194.049085706, 4194.107039309, 4194.290790229, 4194.619841854, 4194.704152686, 4194.830363255, 4194.952671421, 4195.220343881, 4195.321942828, 4195.634662729, 4195.903279111, 4195.962039007, 4196.088661566, 4196.291277779, 4196.466761981, 4196.577163307, 4196.641340189, 4196.749178037, 4196.872008653, 4197.067401093, 4197.198933156, 4197.337715574, 4197.39993001, 4197.456207552, 4197.623515019, 4197.750763926, 4197.831058957, 4197.949665073, 4197.993583155, 4198.070456425, 4198.124720769, 4198.196426168, 4198.243626315, 4198.30817823, 4198.352241386, 4198.405966781, 4198.575859034, 4198.7661456, 4199.227206686, 4199.347941592, 4199.499785059, 4199.801741336, 4200.161041072, 4200.306039402, 4200.378783606, 4200.485581826, 4200.633168697, 4200.921353906, 4201.025249858, 4201.22369089, 4201.337110527, 4201.519615314, 4201.57951637, 4201.649967917, 4201.712534585, 4201.974087344, 4202.00867507, 4202.205939296, 4202.303417663, 4202.455834166, 4202.567058747, 4202.641318169, 4202.793060549, 4202.963499984, 4203.101049935, 4203.253683504, 4203.403107622, 4203.662265741], "episode_lengths": [27, 35, 53, 77, 41, 28, 33, 69, 25, 19, 37, 25, 41, 36, 28, 28, 20, 62, 45, 45, 47, 34, 43, 48, 29, 19, 21, 25, 49, 55, 39, 43, 24, 35, 51, 86, 26, 43, 33, 53, 41, 79, 61, 25, 41, 74, 66, 43, 27, 43, 49, 73, 50, 53, 26, 26, 69, 57, 35, 57, 20, 34, 28, 37, 28, 33, 23, 29, 78, 79, 130, 59, 56, 78, 98, 60, 22, 58, 78, 137, 54, 75, 49, 88, 30, 37, 30, 85, 18, 72, 49, 71, 58, 33, 42, 59, 46, 48, 67, 128], "episode_rewards": [-927.0, -935.0, -953.0, -977.0, -941.0, -928.0, -933.0, -969.0, -925.0, -919.0, -937.0, -925.0, -941.0, -936.0, -928.0, -928.0, -920.0, -962.0, -945.0, -945.0, -947.0, -934.0, -943.0, -948.0, -929.0, -919.0, -921.0, -925.0, -949.0, -955.0, -939.0, -943.0, -924.0, -935.0, -951.0, -986.0, -926.0, -943.0, -933.0, -953.0, -941.0, -979.0, -961.0, -925.0, -941.0, -974.0, -966.0, -943.0, -927.0, -943.0, -949.0, -973.0, -950.0, -953.0, -926.0, -926.0, -969.0, -957.0, -935.0, -957.0, -920.0, -934.0, -928.0, -937.0, -928.0, -933.0, -923.0, -929.0, -978.0, -979.0, -1030.0, -959.0, -956.0, -978.0, -998.0, -960.0, -922.0, -958.0, -978.0, -1037.0, -954.0, -975.0, -949.0, -988.0, -930.0, -937.0, -930.0, -985.0, -918.0, -972.0, -949.0, -971.0, -958.0, -933.0, -942.0, -959.0, -946.0, -948.0, -967.0, -1028.0], "episode_types": ["t", "t", "t", "t", "t", "t", "t", "t", "t", "t", "t", "t", "t", "t", "t", "t", "t", "t", "t", "t", "t", "t", "t", "t", "t", "t", "t", "t", "t", "t", "t", "t", "t", "t", "t", "t", "t", "t", "t", "t", "t", "t", "t", "t", "t", "t", "t", "t", "t", "t", "t", "t", "t", "t", "t", "t", "t", "t", "t", "t", "t", "t", "t", "t", "t", "t", "t", "t", "t", "t", "t", "t", "t", "t", "t", "t", "t", "t", "t", "t", "t", "t", "t", "t", "t", "t", "t", "t", "t", "t", "t", "t", "t", "t", "t", "t", "t", "t", "t", "t"]}