{"initial_reset_timestamp": 4264.751157515, "timestamps": [4264.839486766, 4264.880820935, 4264.989435453, 4265.207025243, 4265.274541275, 4265.382824684, 4265.463814887, 4265.507881138, 4265.562049766, 4265.733952116, 4265.975071662, 4266.062667612, 4266.128942752, 4266.249615366, 4266.31620992, 4266.428363049, 4266.504385893, 4266.582556137, 4266.706139141, 4266.785508935, 4266.96523647, 4267.117545466, 4267.35506116, 4267.406375805, 4267.469362728, 4267.683375143, 4267.753799659, 4267.799140024, 4268.089323064, 4268.252832457, 4268.399434208, 4268.549974534, 4268.600185893, 4268.680849231, 4268.890345406, 4268.950414771, 4269.014598676, 4269.091671253, 4269.197231816, 4269.233779159, 4269.388717015, 4269.498231837, 4269.576775726, 4269.735500047, 4269.852815699, 4269.904477481, 4270.002917389, 4270.059772335, 4270.207058379, 4270.281902974, 4270.344771704, 4270.431277383, 4270.591906832, 4270.722524504, 4270.83968033, 4270.880108295, 4270.989827999, 4271.042541664, 4271.120991667, 4271.183370566, 4271.229488516, 4271.339276413, 4271.471234301, 4271.508779226, 4271.628072003, 4271.853239793, 4271.969420438, 4272.012006738, 4272.200252158, 4272.375405461, 4272.541989625, 4272.674940357, 4272.780863338, 4272.883483082, 4272.945380347, 4273.004085625, 4273.06355307, 4273.136999043, 4273.219479762, 4273.33053252, 4273.543178582, 4273.622753979, 4273.75547027, 4273.936316488, 4274.087182661, 4274.22375933, 4274.258389914, 4274.279873588, 4274.307159609, 4274.384113228, 4274.466309755, 4274.513623376, 4274.606429838, 4274.746868874, 4274.77792745, 4274.850186386, 4274.986835875, 4275.17279531, 4275.22181413, 4275.33907763], "episode_lengths": [45, 24, 44, 73, 33, 43, 50, 32, 33, 46, 71, 56, 41, 48, 26, 41, 26, 48, 61, 29, 69, 60, 44, 27, 28, 65, 38, 29, 76, 52, 57, 48, 31, 44, 67, 30, 37, 38, 42, 23, 59, 41, 23, 56, 50, 23, 48, 29, 58, 36, 22, 27, 59, 54, 34, 25, 54, 19, 39, 35, 22, 51, 57, 20, 52, 77, 60, 30, 81, 74, 62, 69, 54, 65, 44, 43, 44, 53, 54, 40, 94, 30, 60, 60, 47, 65, 28, 19, 23, 56, 59, 36, 65, 96, 26, 49, 50, 61, 28, 59], "episode_rewards": [-945.0, -924.0, -944.0, -973.0, -933.0, -943.0, -950.0, -932.0, -933.0, -946.0, -971.0, -956.0, -941.0, -948.0, -926.0, -941.0, -926.0, -948.0, -961.0, -929.0, -969.0, -960.0, -944.0, -927.0, -928.0, -965.0, -938.0, -929.0, -976.0, -952.0, -957.0, -948.0, -931.0, -944.0, -967.0, -930.0, -937.0, -938.0, -942.0, -923.0, -959.0, -941.0, -923.0, -956.0, -950.0, -923.0, -948.0, -929.0, -958.0, -936.0, -922.0, -927.0, -959.0, -954.0, -934.0, -925.0, -954.0, -919.0, -939.0, -935.0, -922.0, -951.0, -957.0, -920.0, -952.0, -977.0, -960.0, -930.0, -981.0, -974.0, -962.0, -969.0, -954.0, -965.0, -944.0, -943.0, -944.0, -953.0, -954.0, -940.0, -994.0, -930.0, -960.0, -960.0, -947.0, -965.0, -928.0, -919.0, -923.0, -956.0, -959.0, -936.0, -965.0, -996.0, -926.0, -949.0, -950.0, -961.0, -928.0, -959.0], "episode_types": ["t", "t", "t", "t", "t", "t", "t", "t", "t", "t", "t", "t", "t", "t", "t", "t", "t", "t", "t", "t", "t", "t", "t", "t", "t", "t", "t", "t", "t", "t", "t", "t", "t", "t", "t", "t", "t", "t", "t", "t", "t", "t", "t", "t", "t", "t", "t", "t", "t", "t", "t", "t", "t", "t", "t", "t", "t", "t", "t", "t", "t", "t", "t", "t", "t", "t", "t", "t", "t", "t", "t", "t", "t", "t", "t", "t", "t", "t", "t", "t", "t", "t", "t", "t", "t", "t", "t", "t", "t", "t", "t", "t", "t", "t", "t", "t", "t", "t", "t", "t"]}