{"initial_reset_timestamp": 4025.715446935, "timestamps": [4025.780789026, 4025.882754202, 4026.01710448, 4026.128902571, 4026.312534298, 4026.467445609, 4026.532556004, 4026.65066989, 4026.722337233, 4026.776750854, 4026.8338784, 4026.983246252, 4027.119312075, 4027.167673277, 4027.229656264, 4027.278414763, 4027.470616319, 4027.550639287, 4027.661366947, 4027.724962471, 4027.838597802, 4027.970129984, 4028.036463854, 4028.102365016, 4028.202678586, 4028.315497937, 4028.425838299, 4028.492770144, 4028.646533075, 4028.693767316, 4028.762121464, 4028.878265877, 4028.95045016, 4029.003025854, 4029.095281539, 4029.13814239, 4029.269104705, 4029.340519397, 4029.424524372, 4029.507777662, 4029.67555783, 4029.735376281, 4029.798353724, 4029.864523857, 4030.164447705, 4030.22571641, 4030.291242139, 4030.430364687, 4030.570640974, 4030.648378255, 4030.707430134, 4030.852437323, 4030.951561303, 4031.028228828, 4031.07002545, 4031.154071333, 4031.247346528, 4031.406068005, 4031.597780709, 4031.682493198, 4031.778878278, 4031.907105069, 4031.973750252, 4032.096309937, 4032.282218094, 4032.329388829, 4032.467159173, 4032.524081447, 4032.661056874, 4032.803231208, 4032.912555729, 4032.966821585, 4033.041564144, 4033.169420505, 4033.210232155, 4033.260458742, 4033.330988235, 4033.436231665, 4033.505553987, 4033.551785202, 4033.714731678, 4033.866441827, 4034.02602525, 4034.160451143, 4034.35967298, 4034.557028446, 4034.823498613, 4034.922565468, 4035.009099434, 4035.078421415, 4035.178058241, 4035.415126592, 4035.609529329, 4035.729919456, 4035.819836256, 4035.918259383, 4035.942458011, 4036.05286767, 4036.150369293, 4036.179027829], "episode_lengths": [27, 40, 52, 43, 66, 59, 30, 45, 28, 22, 26, 56, 53, 20, 26, 21, 71, 33, 44, 27, 45, 48, 28, 28, 39, 45, 43, 29, 57, 20, 30, 46, 31, 23, 36, 17, 50, 29, 34, 33, 64, 24, 27, 29, 107, 26, 28, 52, 54, 34, 25, 54, 39, 32, 20, 35, 38, 60, 70, 35, 39, 51, 29, 48, 69, 21, 52, 25, 55, 60, 46, 28, 40, 63, 24, 30, 38, 60, 46, 31, 52, 47, 55, 44, 58, 54, 77, 37, 35, 27, 22, 75, 83, 50, 47, 55, 18, 67, 56, 20], "episode_rewards": [-927.0, -940.0, -952.0, -943.0, -966.0, -959.0, -930.0, -945.0, -928.0, -922.0, -926.0, -956.0, -953.0, -920.0, -926.0, -921.0, -971.0, -933.0, -944.0, -927.0, -945.0, -948.0, -928.0, -928.0, -939.0, -945.0, -943.0, -929.0, -957.0, -920.0, -930.0, -946.0, -931.0, -923.0, -936.0, -917.0, -950.0, -929.0, -934.0, -933.0, -964.0, -924.0, -927.0, -929.0, -1007.0, -926.0, -928.0, -952.0, -954.0, -934.0, -925.0, -954.0, -939.0, -932.0, -920.0, -935.0, -938.0, -960.0, -970.0, -935.0, -939.0, -951.0, -929.0, -948.0, -969.0, -921.0, -952.0, -925.0, -955.0, -960.0, -946.0, -928.0, -940.0, -963.0, -924.0, -930.0, -938.0, -960.0, -946.0, -931.0, -952.0, -947.0, -955.0, -944.0, -958.0, -954.0, -977.0, -937.0, -935.0, -927.0, -922.0, -975.0, -983.0, -950.0, -947.0, -955.0, -918.0, -967.0, -956.0, -920.0], "episode_types": ["t", "t", "t", "t", "t", "t", "t", "t", "t", "t", "t", "t", "t", "t", "t", "t", "t", "t", "t", "t", "t", "t", "t", "t", "t", "t", "t", "t", "t", "t", "t", "t", "t", "t", "t", "t", "t", "t", "t", "t", "t", "t", "t", "t", "t", "t", "t", "t", "t", "t", "t", "t", "t", "t", "t", "t", "t", "t", "t", "t", "t", "t", "t", "t", "t", "t", "t", "t", "t", "t", "t", "t", "t", "t", "t", "t", "t", "t", "t", "t", "t", "t", "t", "t", "t", "t", "t", "t", "t", "t", "t", "t", "t", "t", "t", "t", "t", "t", "t", "t"]}